CREATE TABLE asset_segments (
	id BYTES NOT NULL,
	asset_id BYTES NOT NULL,
	"position" STRING(255) NOT NULL DEFAULT '{}':::STRING,
	scale STRING(255) NOT NULL DEFAULT '{}':::STRING,
	metadata BYTES NOT NULL DEFAULT '\x7b7d':::BYTES,
	created_at BIGINT NOT NULL,
	updated_at BIGINT NOT NULL,
	rotation STRING(255) NOT NULL DEFAULT '{}':::STRING,
	FAMILY "primary" (id, asset_id, "position", scale, metadata, created_at, updated_at, rowid, rotation),
	CONSTRAINT check_created_at CHECK (created_at > 0),
	CONSTRAINT check_updated_at CHECK (updated_at > 0)
);

CREATE TABLE assets (
	id BYTES NOT NULL,
	thumbnail_url STRING(512) NULL,
	"name" STRING(512) NULL,
	url STRING(512) NULL,
	type STRING(255) NOT NULL DEFAULT '':::STRING,
	category STRING(255) NOT NULL DEFAULT '':::STRING,
	version INT NOT NULL DEFAULT 0:::INT,
	metadata BYTES NOT NULL DEFAULT '\x7b7d':::BYTES,
	created_at BIGINT NOT NULL,
	updated_at BIGINT NOT NULL,
	thumbnail_version INT NOT NULL DEFAULT 0:::INT,
	has_segments BOOL NOT NULL DEFAULT false,
	CONSTRAINT "primary" PRIMARY KEY (id ASC),
	FAMILY "primary" (id, thumbnail_url, "name", url, type, category, version, metadata, created_at, updated_at, thumbnail_version, has_segments),
	CONSTRAINT check_created_at CHECK (created_at > 0),
	CONSTRAINT check_updated_at CHECK (updated_at > 0)
);

CREATE VIEW avatars_view (id, url, thumbnail_url, metadata, created_at, updated_at, version, "name") AS SELECT id, url, thumbnail_url, metadata, created_at, updated_at, version, "name" FROM nakama.public.assets WHERE type = 'avatar';

CREATE TABLE entities (
	id BYTES NOT NULL,
	user_id BYTES NULL,
	space_id BYTES NULL,
	display_name STRING(256) NOT NULL DEFAULT '':::STRING,
	"position" STRING(255) NOT NULL DEFAULT '{}':::STRING,
	scale STRING(255) NOT NULL DEFAULT '{}':::STRING,
	asset_id BYTES NOT NULL,
	online BOOL NOT NULL DEFAULT false,
	metadata BYTES NOT NULL DEFAULT '\x7b7d':::BYTES,
	created_at BIGINT NOT NULL,
	updated_at BIGINT NOT NULL,
	group_id STRING(255) NULL DEFAULT '':::STRING,
	segment_id INT NULL DEFAULT 0:::INT,
	rotation STRING(255) NOT NULL DEFAULT '{}':::STRING,
	CONSTRAINT "primary" PRIMARY KEY (id ASC),
	INDEX entity_index_by_user (user_id ASC),
	INDEX entity_index_by_updated_at (updated_at ASC),
	INDEX entity_index_by_updated_at_and_id (updated_at ASC, id ASC),
	FAMILY "primary" (id, user_id, space_id, display_name, "position", scale, asset_id, online, metadata, created_at, updated_at, group_id, segment_id, rotation),
	CONSTRAINT check_created_at CHECK (created_at > 0),
	CONSTRAINT check_updated_at CHECK (updated_at > 0)
);

CREATE VIEW entities_view (id, user_id, display_name, space_id, "position", rotation, scale, asset_url, asset_type, metadata, created_at, updated_at, online, version, group_id, segment_id) AS SELECT e.id, e.user_id, e.display_name, e.space_id, e.position, e.rotation, e.scale, a.url AS asset_url, a.type AS asset_type, e.metadata, e.created_at, e.updated_at, e.online, a.version, e.group_id, e.segment_id FROM nakama.public.entities AS e INNER JOIN nakama.public.assets AS a ON e.asset_id = a.id;

CREATE TABLE group_edge (
	source_id BYTES NOT NULL,
	"position" BIGINT NOT NULL,
	updated_at BIGINT NOT NULL,
	destination_id BYTES NOT NULL,
	state SMALLINT NOT NULL,
	CONSTRAINT "primary" PRIMARY KEY (source_id ASC, state ASC, "position" ASC),
	UNIQUE INDEX group_edge_source_id_destination_id_key (source_id ASC, destination_id ASC),
	INDEX source_id_destination_id_state_idx (source_id ASC, destination_id ASC, state ASC),
	FAMILY "primary" (source_id, "position", updated_at, destination_id, state),
	CONSTRAINT check_updated_at CHECK (updated_at > 0),
	CONSTRAINT check_state CHECK (state >= 0)
);

CREATE TABLE groups (
	id BYTES NOT NULL,
	creator_id BYTES NOT NULL,
	"name" STRING(255) NOT NULL,
	description STRING(255) NULL,
	avatar_url STRING(255) NULL,
	lang STRING(18) NOT NULL DEFAULT 'en':::STRING,
	utc_offset_ms SMALLINT NOT NULL DEFAULT 0:::INT,
	metadata BYTES NOT NULL DEFAULT '\x7b7d':::BYTES,
	state SMALLINT NOT NULL DEFAULT 0:::INT,
	count INT NOT NULL DEFAULT 0:::INT,
	created_at BIGINT NOT NULL,
	updated_at BIGINT NOT NULL,
	disabled_at BIGINT NOT NULL DEFAULT 0:::INT,
	CONSTRAINT "primary" PRIMARY KEY (id ASC),
	UNIQUE INDEX groups_name_key ("name" ASC),
	INDEX count_updated_at_id_idx (count ASC, updated_at ASC, id ASC, disabled_at ASC),
	INDEX created_at_count_id_idx (created_at ASC, count ASC, id ASC, disabled_at ASC),
	INDEX lang_count_id_idx (lang ASC, count ASC, id ASC, disabled_at ASC),
	INDEX utc_offset_ms_count_id_idx (utc_offset_ms ASC, count ASC, id ASC, disabled_at ASC),
	INDEX id_disabled_at_idx (id ASC, disabled_at ASC),
	FAMILY "primary" (id, creator_id, "name", description, avatar_url, lang, utc_offset_ms, metadata, state, count, created_at, updated_at, disabled_at),
	CONSTRAINT check_state CHECK (state >= 0),
	CONSTRAINT check_count CHECK (count >= 0),
	CONSTRAINT check_created_at CHECK (created_at > 0),
	CONSTRAINT check_updated_at CHECK (updated_at > 0),
	CONSTRAINT check_disabled_at CHECK (disabled_at >= 0),
	CONSTRAINT check_metadata CHECK (length(metadata) < 32000)
);

CREATE TABLE leaderboard (
	id BYTES NOT NULL,
	authoritative BOOL NULL DEFAULT false,
	sort_order SMALLINT NOT NULL DEFAULT 1:::INT,
	count BIGINT NOT NULL DEFAULT 0:::INT,
	reset_schedule STRING(64) NULL,
	metadata BYTES NOT NULL DEFAULT '\x7b7d':::BYTES,
	CONSTRAINT "primary" PRIMARY KEY (id ASC),
	FAMILY "primary" (id, authoritative, sort_order, count, reset_schedule, metadata),
	CONSTRAINT check_count CHECK (count >= 0),
	CONSTRAINT check_metadata CHECK (length(metadata) < 16000)
);

CREATE TABLE leaderboard_record (
	id BYTES NOT NULL,
	leaderboard_id BYTES NOT NULL,
	owner_id BYTES NOT NULL,
	handle STRING(128) NOT NULL,
	lang STRING(18) NOT NULL DEFAULT 'en':::STRING,
	location STRING(255) NULL,
	timezone STRING(255) NULL,
	rank_value BIGINT NOT NULL DEFAULT 0:::INT,
	score BIGINT NOT NULL DEFAULT 0:::INT,
	num_score INT NOT NULL DEFAULT 0:::INT,
	metadata BYTES NOT NULL DEFAULT '\x7b7d':::BYTES,
	ranked_at BIGINT NOT NULL DEFAULT 0:::INT,
	updated_at BIGINT NOT NULL,
	updated_at_inverse BIGINT NOT NULL,
	expires_at BIGINT NOT NULL DEFAULT 0:::INT,
	banned_at BIGINT NOT NULL DEFAULT 0:::INT,
	CONSTRAINT "primary" PRIMARY KEY (leaderboard_id ASC, expires_at ASC, owner_id ASC),
	UNIQUE INDEX leaderboard_record_id_key (id ASC),
	INDEX owner_id_leaderboard_id_idx (owner_id ASC, leaderboard_id ASC),
	INDEX leaderboard_id_expires_at_score_updated_at_inverse_id_idx (leaderboard_id ASC, expires_at ASC, score ASC, updated_at_inverse ASC, id ASC),
	INDEX leaderboard_id_expires_at_score_updated_at_id_idx (leaderboard_id ASC, expires_at ASC, score ASC, updated_at ASC, id ASC),
	INDEX leaderboard_id_expires_at_lang_score_updated_at_inverse_id_idx (leaderboard_id ASC, expires_at ASC, lang ASC, score ASC, updated_at_inverse ASC, id ASC),
	INDEX leaderboard_id_expires_at_lang_score_updated_at_id_idx (leaderboard_id ASC, expires_at ASC, lang ASC, score ASC, updated_at ASC, id ASC),
	INDEX leaderboard_id_expires_at_location_score_updated_at_inverse_id_idx (leaderboard_id ASC, expires_at ASC, location ASC, score ASC, updated_at_inverse ASC, id ASC),
	INDEX leaderboard_id_expires_at_location_score_updated_at_id_idx (leaderboard_id ASC, expires_at ASC, location ASC, score ASC, updated_at ASC, id ASC),
	INDEX leaderboard_id_expires_at_timezone_score_updated_at_inverse_id_idx (leaderboard_id ASC, expires_at ASC, timezone ASC, score ASC, updated_at_inverse ASC, id ASC),
	INDEX leaderboard_id_expires_at_timezone_score_updated_at_id_idx (leaderboard_id ASC, expires_at ASC, timezone ASC, score ASC, updated_at ASC, id ASC),
	FAMILY "primary" (id, leaderboard_id, owner_id, handle, lang, location, timezone, rank_value, score, num_score, metadata, ranked_at, updated_at, updated_at_inverse, expires_at, banned_at),
	CONSTRAINT check_rank_value CHECK (rank_value >= 0),
	CONSTRAINT check_num_score CHECK (num_score >= 0),
	CONSTRAINT check_ranked_at CHECK (ranked_at >= 0),
	CONSTRAINT check_updated_at CHECK (updated_at > 0),
	CONSTRAINT check_updated_at1 CHECK (updated_at > 0),
	CONSTRAINT check_expires_at CHECK (expires_at >= 0),
	CONSTRAINT check_expires_at1 CHECK (expires_at >= 0),
	CONSTRAINT check_metadata CHECK (length(metadata) < 32000)
);

CREATE TABLE message (
	topic BYTES NOT NULL,
	topic_type SMALLINT NOT NULL,
	message_id BYTES NOT NULL,
	user_id BYTES NOT NULL,
	created_at BIGINT NOT NULL,
	expires_at BIGINT NOT NULL DEFAULT 0:::INT,
	handle STRING(128) NOT NULL,
	type SMALLINT NOT NULL,
	data BYTES NOT NULL DEFAULT '\x7b7d':::BYTES,
	CONSTRAINT "primary" PRIMARY KEY (topic ASC, topic_type ASC, message_id ASC),
	INDEX topic_topic_type_created_at_idx (topic ASC, topic_type ASC, created_at ASC),
	INDEX topic_topic_type_created_at_message_id_user_id_idx (topic ASC, topic_type ASC, created_at ASC, message_id ASC, user_id ASC),
	FAMILY "primary" (topic, topic_type, message_id, user_id, created_at, expires_at, handle, type, data),
	CONSTRAINT check_topic CHECK (length(topic) <= 128),
	CONSTRAINT check_created_at CHECK (created_at > 0),
	CONSTRAINT check_created_at1 CHECK (created_at >= 0),
	CONSTRAINT check_data CHECK (length(data) <= 1000)
);

CREATE TABLE migration_info (
	id STRING NOT NULL,
	applied_at TIMESTAMP WITH TIME ZONE NULL,
	CONSTRAINT "primary" PRIMARY KEY (id ASC),
	FAMILY "primary" (id, applied_at)
);

CREATE TABLE notification (
	id BYTES NOT NULL,
	user_id BYTES NOT NULL,
	subject STRING(255) NOT NULL,
	content BYTES NOT NULL DEFAULT '\x7b7d':::BYTES,
	code SMALLINT NOT NULL,
	sender_id BYTES NULL,
	created_at BIGINT NOT NULL,
	expires_at BIGINT NOT NULL,
	deleted_at BIGINT NOT NULL DEFAULT 0:::INT,
	CONSTRAINT "primary" PRIMARY KEY (id ASC),
	INDEX notification_user_id_deleted_at_expires_at_id_idx (user_id ASC, deleted_at ASC, expires_at ASC, id ASC),
	FAMILY "primary" (id, user_id, subject, content, code, sender_id, created_at, expires_at, deleted_at),
	CONSTRAINT check_created_at CHECK (created_at > 0),
	CONSTRAINT check_expires_at_created_at CHECK (expires_at > created_at),
	CONSTRAINT check_content CHECK (length(content) < 32000)
);

CREATE TABLE purchase (
	user_id BYTES NOT NULL,
	provider SMALLINT NOT NULL,
	product_id STRING(255) NOT NULL,
	receipt_id STRING(255) NOT NULL,
	receipt BYTES NOT NULL,
	provider_resp BYTES NOT NULL,
	created_at BIGINT NOT NULL,
	CONSTRAINT "primary" PRIMARY KEY (user_id ASC, provider ASC, receipt_id ASC),
	UNIQUE INDEX purchase_provider_receipt_id_user_id_idx (provider ASC, receipt_id ASC, user_id ASC),
	INDEX purchase_user_id_created_at_provider_receipt_id_idx (user_id ASC, created_at ASC, provider ASC, receipt_id ASC),
	INDEX purchase_created_at_user_id_provider_receipt_id_idx (created_at ASC, user_id ASC, provider ASC, receipt_id ASC),
	FAMILY "primary" (user_id, provider, product_id, receipt_id, receipt, provider_resp, created_at),
	CONSTRAINT check_created_at CHECK (created_at > 0)
);

CREATE TABLE space_admin (
	space_id BYTES NOT NULL,
	user_id BYTES NOT NULL,
	state SMALLINT NOT NULL DEFAULT 0:::INT,
	created_at BIGINT NOT NULL,
	updated_at BIGINT NOT NULL,
	CONSTRAINT "primary" PRIMARY KEY (space_id ASC, user_id ASC),
	UNIQUE INDEX space_admin_space_id_user_id_key (space_id ASC, user_id ASC),
	FAMILY "primary" (space_id, user_id, state, created_at, updated_at),
	CONSTRAINT check_state CHECK (state >= 0),
	CONSTRAINT check_created_at CHECK (created_at > 0),
	CONSTRAINT check_updated_at CHECK (updated_at > 0)
);

CREATE SEQUENCE space_seq MINVALUE 100001 MAXVALUE 9223372036854775807 INCREMENT 1 START 100001;

CREATE TABLE spaces (
	id BYTES NOT NULL,
	seq INT NOT NULL DEFAULT nextval('space_seq':::STRING),
	creator_id BYTES NOT NULL,
	display_name STRING(255) NOT NULL DEFAULT '':::STRING,
	description STRING(255) NULL,
	theme STRING(255) NOT NULL DEFAULT '':::STRING,
	thumbnail_url STRING(255) NULL,
	lang STRING(18) NOT NULL DEFAULT 'en':::STRING,
	utc_offset_ms SMALLINT NOT NULL DEFAULT 0:::INT,
	metadata BYTES NOT NULL DEFAULT '\x7b7d':::BYTES,
	state SMALLINT NOT NULL DEFAULT 0:::INT,
	count INT NOT NULL DEFAULT 0:::INT,
	created_at BIGINT NOT NULL,
	updated_at BIGINT NOT NULL,
	disabled_at BIGINT NOT NULL DEFAULT 0:::INT,
	asset_id BYTES NOT NULL DEFAULT '\x':::BYTES,
	CONSTRAINT "primary" PRIMARY KEY (id ASC),
	INDEX space_count_updated_at_id_idx (count ASC, updated_at ASC, id ASC, disabled_at ASC),
	INDEX space_created_at_count_id_idx (created_at ASC, count ASC, id ASC, disabled_at ASC),
	INDEX space_lang_count_id_idx (lang ASC, count ASC, id ASC, disabled_at ASC),
	INDEX space_utc_offset_ms_count_id_idx (utc_offset_ms ASC, count ASC, id ASC, disabled_at ASC),
	INDEX space_id_disabled_at_idx (id ASC, disabled_at ASC),
	FAMILY "primary" (id, seq, creator_id, display_name, description, theme, thumbnail_url, lang, utc_offset_ms, metadata, state, count, created_at, updated_at, disabled_at, asset_id),
	CONSTRAINT check_metadata CHECK (length(metadata) < 16000),
	CONSTRAINT check_state CHECK (state >= 0),
	CONSTRAINT check_count CHECK (count >= 0),
	CONSTRAINT check_created_at CHECK (created_at > 0),
	CONSTRAINT check_updated_at CHECK (updated_at > 0),
	CONSTRAINT check_disabled_at CHECK (disabled_at >= 0)
);

CREATE SEQUENCE user_seq MINVALUE 10001 MAXVALUE 9223372036854775807 INCREMENT 1 START 10001;

CREATE TABLE users (
	id BYTES NOT NULL,
	handle STRING(128) NOT NULL,
	fullname STRING(255) NULL,
	avatar_url STRING(255) NULL,
	lang STRING(18) NOT NULL DEFAULT 'en':::STRING,
	location STRING(255) NULL,
	timezone STRING(255) NULL,
	utc_offset_ms SMALLINT NOT NULL DEFAULT 0:::INT,
	metadata BYTES NOT NULL DEFAULT '\x7b7d':::BYTES,
	email STRING(255) NULL,
	password BYTES NULL,
	facebook_id STRING(128) NULL,
	google_id STRING(128) NULL,
	gamecenter_id STRING(128) NULL,
	steam_id STRING(128) NULL,
	custom_id STRING(128) NULL,
	created_at BIGINT NOT NULL,
	updated_at BIGINT NOT NULL,
	verified_at BIGINT NOT NULL DEFAULT 0:::INT,
	disabled_at BIGINT NOT NULL DEFAULT 0:::INT,
	avatar_id BYTES NULL,
	seq INT NOT NULL DEFAULT nextval('user_seq':::STRING),
	CONSTRAINT "primary" PRIMARY KEY (id ASC),
	UNIQUE INDEX users_handle_key (handle ASC),
	UNIQUE INDEX users_email_key (email ASC),
	UNIQUE INDEX users_facebook_id_key (facebook_id ASC),
	UNIQUE INDEX users_google_id_key (google_id ASC),
	UNIQUE INDEX users_gamecenter_id_key (gamecenter_id ASC),
	UNIQUE INDEX users_steam_id_key (steam_id ASC),
	UNIQUE INDEX users_custom_id_key (custom_id ASC),
	FAMILY "primary" (id, handle, fullname, avatar_url, lang, location, timezone, utc_offset_ms, metadata, email, password, facebook_id, google_id, gamecenter_id, steam_id, custom_id, created_at, updated_at, verified_at, disabled_at, avatar_id, seq),
	CONSTRAINT check_password CHECK (length(password) < 32000),
	CONSTRAINT check_created_at CHECK (created_at > 0),
	CONSTRAINT check_updated_at CHECK (updated_at > 0),
	CONSTRAINT check_verified_at CHECK (verified_at >= 0),
	CONSTRAINT check_disabled_at CHECK (disabled_at >= 0),
	CONSTRAINT check_metadata CHECK (length(metadata) < 32000)
);

CREATE VIEW spaces_view (id, creator_id, display_name, description, thumbnail_url, lang, utc_offset_ms, metadata, state, count, created_at, updated_at, url, version, thumbnail_version, disabled_at, theme, creator_fullname) AS SELECT s.id, s.creator_id, s.display_name, s.description, a.thumbnail_url, s.lang, s.utc_offset_ms, s.metadata, s.state, CASE WHEN r.online_user_count IS NULL THEN 0 ELSE r.online_user_count END AS count, s.created_at, s.updated_at, a.url, a.version, a.thumbnail_version, s.disabled_at, s.theme, u.fullname AS creator_fullname FROM nakama.public.spaces AS s INNER JOIN nakama.public.assets AS a ON s.asset_id = a.id INNER JOIN nakama.public.users AS u ON s.creator_id = u.id LEFT JOIN (SELECT space_id, count(online) AS online_user_count FROM nakama.public.entities_view WHERE (online = true) AND (asset_type = 'avatar') GROUP BY space_id) AS r ON s.id = r.space_id;

CREATE TABLE storage (
	id BYTES NOT NULL,
	user_id BYTES NOT NULL,
	bucket STRING(128) NOT NULL,
	collection STRING(128) NOT NULL,
	record STRING(128) NOT NULL,
	value BYTES NOT NULL DEFAULT '\x7b7d':::BYTES,
	version BYTES NOT NULL,
	read SMALLINT NOT NULL DEFAULT 1:::INT,
	write SMALLINT NOT NULL DEFAULT 1:::INT,
	created_at BIGINT NOT NULL,
	updated_at BIGINT NOT NULL,
	expires_at BIGINT NOT NULL DEFAULT 0:::INT,
	deleted_at BIGINT NOT NULL DEFAULT 0:::INT,
	CONSTRAINT "primary" PRIMARY KEY (bucket ASC, collection ASC, user_id ASC, record ASC, deleted_at ASC),
	INDEX deleted_at_user_id_read_bucket_collection_record_idx (deleted_at ASC, user_id ASC, read ASC, bucket ASC, collection ASC, record ASC),
	INDEX deleted_at_user_id_bucket_read_collection_record_idx (deleted_at ASC, user_id ASC, bucket ASC, read ASC, collection ASC, record ASC),
	INDEX deleted_at_user_id_bucket_collection_read_record_idx (deleted_at ASC, user_id ASC, bucket ASC, collection ASC, read ASC, record ASC),
	INDEX deleted_at_bucket_read_collection_record_user_id_idx (deleted_at ASC, bucket ASC, read ASC, collection ASC, record ASC, user_id ASC),
	INDEX deleted_at_bucket_collection_read_record_user_id_idx (deleted_at ASC, bucket ASC, collection ASC, read ASC, record ASC, user_id ASC),
	FAMILY "primary" (id, user_id, bucket, collection, record, value, version, read, write, created_at, updated_at, expires_at, deleted_at),
	CONSTRAINT check_read CHECK (read >= 0),
	CONSTRAINT check_write CHECK (write >= 0),
	CONSTRAINT check_created_at CHECK (created_at > 0),
	CONSTRAINT check_updated_at CHECK (updated_at > 0),
	CONSTRAINT check_expires_at CHECK (expires_at >= 0),
	CONSTRAINT check_deleted_at CHECK (deleted_at >= 0),
	CONSTRAINT check_value CHECK (length(value) < 32000)
);

CREATE TABLE user_device (
	id STRING(128) NOT NULL,
	user_id BYTES NOT NULL,
	CONSTRAINT "primary" PRIMARY KEY (id ASC),
	CONSTRAINT fk_user_id_ref_users FOREIGN KEY (user_id) REFERENCES users (id),
	INDEX user_device_auto_index_fk_user_id_ref_users (user_id ASC),
	FAMILY "primary" (id, user_id)
);

CREATE TABLE user_edge (
	source_id BYTES NOT NULL,
	"position" BIGINT NOT NULL,
	updated_at BIGINT NOT NULL,
	destination_id BYTES NOT NULL,
	state SMALLINT NOT NULL DEFAULT 0:::INT,
	CONSTRAINT "primary" PRIMARY KEY (source_id ASC, state ASC, "position" ASC),
	UNIQUE INDEX user_edge_source_id_destination_id_key (source_id ASC, destination_id ASC),
	FAMILY "primary" (source_id, "position", updated_at, destination_id, state),
	CONSTRAINT check_updated_at CHECK (updated_at > 0)
);

CREATE TABLE user_edge_metadata (
	source_id BYTES NOT NULL,
	count INT NOT NULL DEFAULT 0:::INT,
	state SMALLINT NOT NULL DEFAULT 0:::INT,
	updated_at BIGINT NOT NULL,
	CONSTRAINT "primary" PRIMARY KEY (source_id ASC),
	FAMILY "primary" (source_id, count, state, updated_at),
	CONSTRAINT check_count CHECK (count >= 0),
	CONSTRAINT check_state CHECK (state >= 0),
	CONSTRAINT check_updated_at CHECK (updated_at > 0)
);

INSERT INTO asset_segments (id, asset_id, "position", scale, metadata, created_at, updated_at, rotation) VALUES
	('\x30', '\x66633762626236612d396234372d346631362d613765312d666230353235343261346262', '{"x":0, "y":0, "z":0}', '{"x":1, "y":1, "z":1}', '\x7b7d', 1540512096, 1540512096, '{"x":0, "y":0, "z":0}'),
	('\x31', '\x66633762626236612d396234372d346631362d613765312d666230353235343261346262', '{"x":0.9, "y":0.11, "z":-0.883}', '{"x":1, "y":1, "z":1}', '\x7b7d', 1540512096, 1540512096, '{"x":0, "y":270, "z":0}'),
	('\x32', '\x66633762626236612d396234372d346631362d613765312d666230353235343261346262', '{"x":0.638, "y":0.11, "z":-0.888}', '{"x":1, "y":1, "z":1}', '\x7b7d', 1540512096, 1540512096, '{"x":0, "y":270, "z":0}'),
	('\x33', '\x66633762626236612d396234372d346631362d613765312d666230353235343261346262', '{"x":0.638, "y":0.11, "z":-0.625}', '{"x":1, "y":1, "z":1}', '\x7b7d', 1540512096, 1540512096, '{"x":0, "y":270, "z":0}'),
	('\x34', '\x66633762626236612d396234372d346631362d613765312d666230353235343261346262', '{"x":0.638, "y":0.11, "z":-0.366}', '{"x":1, "y":1, "z":1}', '\x7b7d', 1540512096, 1540512096, '{"x":0, "y":270, "z":0}'),
	('\x35', '\x66633762626236612d396234372d346631362d613765312d666230353235343261346262', '{"x":0.638, "y":0.11, "z":-0.119}', '{"x":1, "y":1, "z":1}', '\x7b7d', 1540512096, 1540512096, '{"x":0, "y":270, "z":0}'),
	('\x36', '\x66633762626236612d396234372d346631362d613765312d666230353235343261346262', '{"x":0.638, "y":0.11, "z":0.14}', '{"x":1, "y":1, "z":1}', '\x7b7d', 1540512096, 1540512096, '{"x":0, "y":270, "z":0}'),
	('\x37', '\x66633762626236612d396234372d346631362d613765312d666230353235343261346262', '{"x":0.638, "y":0.11, "z":0.391}', '{"x":1, "y":1, "z":1}', '\x7b7d', 1540512096, 1540512096, '{"x":0, "y":270, "z":0}'),
	('\x38', '\x66633762626236612d396234372d346631362d613765312d666230353235343261346262', '{"x":0.638, "y":0.11, "z":0.638}', '{"x":1, "y":1, "z":1}', '\x7b7d', 1540512096, 1540512096, '{"x":0, "y":270, "z":0}'),
	('\x39', '\x66633762626236612d396234372d346631362d613765312d666230353235343261346262', '{"x":0.638, "y":0.11, "z":0.8930001}', '{"x":1, "y":1, "z":1}', '\x7b7d', 1540512096, 1540512096, '{"x":0, "y":270, "z":0}'),
	('\x3130', '\x66633762626236612d396234372d346631362d613765312d666230353235343261346262', '{"x":0.9, "y":0.11, "z":0.894}', '{"x":1, "y":1, "z":1}', '\x7b7d', 1540512096, 1540512096, '{"x":0, "y":270, "z":0}'),
	('\x3131', '\x66633762626236612d396234372d346631362d613765312d666230353235343261346262', '{"x":-0.638, "y":0.11, "z":-0.636}', '{"x":1, "y":1, "z":1}', '\x7b7d', 1540512096, 1540512096, '{"x":0, "y":90, "z":0}'),
	('\x3132', '\x66633762626236612d396234372d346631362d613765312d666230353235343261346262', '{"x":-0.638, "y":0.11, "z":-0.381}', '{"x":1, "y":1, "z":1}', '\x7b7d', 1540512096, 1540512096, '{"x":0, "y":90, "z":0}'),
	('\x3133', '\x66633762626236612d396234372d346631362d613765312d666230353235343261346262', '{"x":-0.638, "y":0.11, "z":-0.126}', '{"x":1, "y":1, "z":1}', '\x7b7d', 1540512096, 1540512096, '{"x":0, "y":90, "z":0}'),
	('\x3134', '\x66633762626236612d396234372d346631362d613765312d666230353235343261346262', '{"x":-0.638, "y":0.11, "z":0.129}', '{"x":1, "y":1, "z":1}', '\x7b7d', 1540512096, 1540512096, '{"x":0, "y":90, "z":0}'),
	('\x3135', '\x66633762626236612d396234372d346631362d613765312d666230353235343261346262', '{"x":-0.638, "y":0.11, "z":0.393}', '{"x":1, "y":1, "z":1}', '\x7b7d', 1540512096, 1540512096, '{"x":0, "y":90, "z":0}'),
	('\x3136', '\x66633762626236612d396234372d346631362d613765312d666230353235343261346262', '{"x":-0.638, "y":0.11, "z":0.638}', '{"x":1, "y":1, "z":1}', '\x7b7d', 1540512096, 1540512096, '{"x":0, "y":90, "z":0}'),
	('\x3137', '\x66633762626236612d396234372d346631362d613765312d666230353235343261346262', '{"x":-0.638, "y":0.11, "z":0.8979999}', '{"x":1, "y":1, "z":1}', '\x7b7d', 1540512096, 1540512096, '{"x":0, "y":90, "z":0}'),
	('\x3138', '\x66633762626236612d396234372d346631362d613765312d666230353235343261346262', '{"x":-0.9, "y":0.11, "z":0.884}', '{"x":1, "y":1, "z":1}', '\x7b7d', 1540512096, 1540512096, '{"x":0, "y":90, "z":0}'),
	('\x3139', '\x66633762626236612d396234372d346631362d613765312d666230353235343261346262', '{"x":-0.9, "y":0.11, "z":0.638}', '{"x":1, "y":1, "z":1}', '\x7b7d', 1540512096, 1540512096, '{"x":0, "y":90, "z":0}'),
	('\x3230', '\x66633762626236612d396234372d346631362d613765312d666230353235343261346262', '{"x":-0.9, "y":0.11, "z":0.38}', '{"x":1, "y":1, "z":1}', '\x7b7d', 1540512096, 1540512096, '{"x":0, "y":90, "z":0}'),
	('\x3231', '\x66633762626236612d396234372d346631362d613765312d666230353235343261346262', '{"x":-0.9, "y":0.11, "z":0.129}', '{"x":1, "y":1, "z":1}', '\x7b7d', 1540512096, 1540512096, '{"x":0, "y":90, "z":0}'),
	('\x3232', '\x66633762626236612d396234372d346631362d613765312d666230353235343261346262', '{"x":-0.9, "y":0.11, "z":-0.126}', '{"x":1, "y":1, "z":1}', '\x7b7d', 1540512096, 1540512096, '{"x":0, "y":90, "z":0}'),
	('\x3233', '\x66633762626236612d396234372d346631362d613765312d666230353235343261346262', '{"x":-0.9, "y":0.11, "z":-0.382}', '{"x":1, "y":1, "z":1}', '\x7b7d', 1540512096, 1540512096, '{"x":0, "y":90, "z":0}'),
	('\x3234', '\x66633762626236612d396234372d346631362d613765312d666230353235343261346262', '{"x":-0.9, "y":0.11, "z":-0.636}', '{"x":1, "y":1, "z":1}', '\x7b7d', 1540512096, 1540512096, '{"x":0, "y":90, "z":0}'),
	('\x3235', '\x66633762626236612d396234372d346631362d613765312d666230353235343261346262', '{"x":-0.9, "y":0.11, "z":-0.886}', '{"x":1, "y":1, "z":1}', '\x7b7d', 1540512096, 1540512096, '{"x":0, "y":90, "z":0}'),
	('\x3236', '\x66633762626236612d396234372d346631362d613765312d666230353235343261346262', '{"x":-0.638, "y":0.11, "z":-0.886}', '{"x":1, "y":1, "z":1}', '\x7b7d', 1540512096, 1540512096, '{"x":0, "y":90, "z":0}'),
	('\x3237', '\x66633762626236612d396234372d346631362d613765312d666230353235343261346262', '{"x":0.9, "y":0.11, "z":-0.382}', '{"x":1, "y":1, "z":1}', '\x7b7d', 1540512096, 1540512096, '{"x":0, "y":270, "z":0}'),
	('\x3238', '\x66633762626236612d396234372d346631362d613765312d666230353235343261346262', '{"x":0.9, "y":0.11, "z":-0.127}', '{"x":1, "y":1, "z":1}', '\x7b7d', 1540512096, 1540512096, '{"x":0, "y":270, "z":0}'),
	('\x3239', '\x66633762626236612d396234372d346631362d613765312d666230353235343261346262', '{"x":0.9, "y":0.11, "z":0.1295445}', '{"x":1, "y":1, "z":1}', '\x7b7d', 1540512096, 1540512096, '{"x":0, "y":270, "z":0}'),
	('\x3330', '\x66633762626236612d396234372d346631362d613765312d666230353235343261346262', '{"x":0.9, "y":0.11, "z":-0.629}', '{"x":1, "y":1, "z":1}', '\x7b7d', 1540512096, 1540512096, '{"x":0, "y":270, "z":0}'),
	('\x3331', '\x66633762626236612d396234372d346631362d613765312d666230353235343261346262', '{"x":0.9, "y":0.11, "z":0.635}', '{"x":1, "y":1, "z":1}', '\x7b7d', 1540512096, 1540512096, '{"x":0, "y":270, "z":0}'),
	('\x3332', '\x66633762626236612d396234372d346631362d613765312d666230353235343261346262', '{"x":0.9, "y":0.11, "z":0.389}', '{"x":1, "y":1, "z":1}', '\x7b7d', 1540512096, 1540512096, '{"x":0, "y":270, "z":0}');

INSERT INTO assets (id, thumbnail_url, "name", url, type, category, version, metadata, created_at, updated_at, thumbnail_version, has_segments) VALUES
	('\x30316538313164642d653765382d343232652d393665372d623863323039653032616236', 'http://52.53.222.194/file/shield02.PNG', 'Shield02', 'http://52.53.222.194/file/shield02.dlc', 'prefab', 'others', 3, '\x7b7d', 1534182964, 1535067570, 0, false),
	('\x31', 'http://52.53.222.194/file/cube.png', 'Cube', 'http://52.53.222.194/file/cube.dlc', 'prefab', 'others', 0, '\x7b7d', 1526772377, 1533078093, 0, false),
	('\x3130', 'http://52.53.222.194/file/painting02.png', 'Painting 02', 'http://52.53.222.194/file/painting02.dlc', 'prefab', 'art', 0, '\x7b7d', 1526772377, 1526772377, 0, false),
	('\x3131', 'http://52.53.222.194/file/painting03.png', 'Painting 03', 'http://52.53.222.194/file/painting03.dlc', 'prefab', 'art', 0, '\x7b7d', 1526772377, 1526772377, 0, false),
	('\x3132', 'http://52.53.222.194/file/maidenstatue.png', 'Maden Statue', 'http://52.53.222.194/file/maidenstatue.dlc', 'prefab', 'art', 0, '\x7b7d', 1526772377, 1526772377, 0, false),
	('\x3133', 'http://52.53.222.194/file/vendingmachine.png', 'Vending Machine', 'http://52.53.222.194/file/vendingmachine.dlc', 'prefab', 'furniture', 0, '\x7b7d', 1526772377, 1526772377, 0, false),
	('\x3134', 'http://52.53.222.194/file/standardpillar.png', 'Standard Pillar', 'http://52.53.222.194/file/standardpillar.dlc', 'prefab', 'art', 0, '\x7b7d', 1526772377, 1526772377, 0, false),
	('\x3135', 'http://52.53.222.194/file/foliageplant.png', 'Foliage Plant', 'http://52.53.222.194/file/foliageplant.dlc', 'prefab', 'plants', 0, '\x7b7d', 1526772377, 1526772377, 0, false),
	('\x31353030376664332d346338352d346632372d396364352d383137303937383030306235', 'http://52.53.222.194/file/a27d07ba-b7aa-4da8-9b21-1d8e11b1ad08_scaled.jpg', 'Temple', 'http://52.53.222.194/file/scene_temple_dynamic.dlc', 'theme', '', 0, '\x7b7d', 1540676747, 1540676747, 0, false),
	('\x31353131393963612d633965352d346539392d616466642d666539646164646337646432', 'http://52.53.222.194/file/kitchentable02.PNG', 'Table02', 'http://52.53.222.194/file/table.dlc', 'prefab', 'furniture', 1, '\x7b7d', 1535059165, 1538688979, 0, false),
	('\x3137', 'http://52.53.222.194/file/barchair.png', 'Bar Chair', 'http://52.53.222.194/file/barchair.dlc', 'prefab', 'furniture', 10, '\x7b7d', 1526772377, 1538682464, 0, false),
	('\x3139', 'http://52.53.222.194/file/cabinet.png', 'Cabinet', 'http://52.53.222.194/file/cabinet.dlc', 'prefab', 'furniture', 4, '\x7b7d', 1526772377, 1535072099, 0, false),
	('\x31646264373739642d346662332d343963632d396162302d376562306431633637393230', 'http://52.53.222.194/file/shootermachine.png', 'Arcade Shooter', 'http://52.53.222.194/file/shootermachine.dlc', 'game', '', 15, '\x7b7d', 1540583741, 1541201458, 1, false),
	('\x32', 'http://52.53.222.194/file/classickitchenchair.png', 'Classic Kitchen Chair', 'http://52.53.222.194/file/classickitchenchair.dlc', 'prefab', 'furniture', 0, '\x7b7d', 1526772377, 1526772377, 0, false),
	('\x3230', 'http://52.53.222.194/file/kitchentable.png', 'Kitchen Table', 'http://52.53.222.194/file/kitchentable.dlc', 'prefab', 'furniture', 3, '\x7b7d', 1526772377, 1535062133, 0, false),
	('\x3231', 'http://52.53.222.194/file/sakecup.png', 'Sake Cup', 'http://52.53.222.194/file/sakecup.dlc', 'prefab', 'others', 4, '\x7b7d', 1526772377, 1538688664, 0, false),
	('\x3232', 'http://52.53.222.194/file/sakeglass.png', 'Sake Glass', 'http://52.53.222.194/file/sakeglass.dlc', 'prefab', 'others', 4, '\x7b7d', 1526772377, 1538688712, 0, false),
	('\x32323163643935302d376261352d343032312d393737352d343838643132366232363030', 'http://52.53.222.194/file/testSpace.png', 'Default Space', 'http://52.53.222.194/file/defaultspace.dlc', 'theme', ' ', 12, '\x7b7d', 1534292193, 1540507460, 0, false),
	('\x32323635653035322d626135302d343961362d613539662d656562616564343964393132', 'http://52.53.222.194/file/Casino.PNG', 'Casino Room', 'http://52.53.222.194/file/scene_casino.dlc', 'theme', ' ', 25, '\x7b7d', 1534462776, 1540780929, 0, false),
	('\x3233', 'http://52.53.222.194/file/sakebottle.png', 'Sake Bottle', 'http://52.53.222.194/file/sakebottle.dlc', 'prefab', 'others', 4, '\x7b7d', 1526772377, 1538688723, 0, false),
	('\x3234', 'http://52.53.222.194/file/flower04.png', 'Flower 04', 'http://52.53.222.194/file/flower04.dlc', 'prefab', 'plants', 0, '\x7b7d', 1526772377, 1526772377, 0, false),
	('\x33', 'http://52.53.222.194/file/classicroundtable.png', 'Classic Round Table', 'http://52.53.222.194/file/classicroundtable.dlc', 'prefab', 'furniture', 1, '\x7b7d', 1526772377, 1538688688, 0, false),
	('\x34343839333737322d613462662d346330392d626132382d646635393966356436373764', 'http://52.53.222.194/file/character_metro.png', 'Metro', 'http://52.53.222.194/file/character_metro.dlc', 'avatar', ' ', 10, '\x7b7d', 1534457040, 1540351600, 1, false),
	('\x34613963636664372d623838382d346637302d383266382d363139613037303739363436', 'http://52.53.222.194/file/character_knight.png', 'Knight', 'http://52.53.222.194/file/character_knight.dlc', 'avatar', ' ', 5, '\x7b22657965506f736974696f6e223a7b2278223a302c2279223a312e3439322c227a223a302e32347d7d', 1534376808, 1536794890, 1, false),
	('\x35316564323331372d633631662d346661612d393836622d316163386434336632386238', 'http://52.53.222.194/file/barrel02.PNG', 'Barrel02', 'http://52.53.222.194/file/barrel02.dlc', 'prefab', 'others', 2, '\x7b7d', 1534805436, 1535067703, 0, false),
	('\x35323039333665362d616436312d346666622d396661382d643761326164306531393434', 'http://52.53.222.194/file/book01.PNG', 'Book01', 'http://52.53.222.194/file/book01.dlc', 'prefab', 'others', 6, '\x7b7d', 1534195260, 1535072089, 0, false),
	('\x35613036363037622d376664312d346364332d396633652d623533323138323663373165', 'http://52.53.222.194/file/candleholder01.PNG', 'CandleHolder', 'http://52.53.222.194/file/candleholder01.dlc', 'prefab', 'others', 3, '\x7b7d', 1534185754, 1535072022, 0, false),
	('\x36', 'http://52.53.222.194/file/smallplant01.png', 'Small Plant 01 ', 'http://52.53.222.194/file/smallplant01.dlc', 'prefab', 'plants', 0, '\x7b7d', 1526772377, 1526772377, 0, false),
	('\x36353231346661352d373339622d346262342d386531352d623835623838653630303139', 'http://52.53.222.194/file/museum.png', 'Museum', 'http://52.53.222.194/file/museum_scene.dlc', 'theme', '', 7, '\x7b7d', 1540676352, 1542065994, 0, false),
	('\x37', 'http://52.53.222.194/file/smallplant02.png', 'Small Plant 02 ', 'http://52.53.222.194/file/smallplant02.dlc', 'prefab', 'plants', 0, '\x7b7d', 1526772377, 1526772377, 0, false),
	('\x37373036396664612d303465312d343336642d396238622d333163363866663132373263', 'http://52.53.222.194/file/croissant01.PNG', 'Croissant01', 'http://52.53.222.194/file/croissant01.dlc', 'prefab', 'others', 6, '\x7b7d', 1534194466, 1535067772, 0, false),
	('\x38', 'http://52.53.222.194/file/Casino.PNG', 'Blackjack', 'http://52.53.222.194/file/blackjack.dlc', 'game', ' ', 24, '\x7b7d', 1526772377, 1540780916, 0, false),
	('\x39', 'http://52.53.222.194/file/painting01.png', 'Painting 01', 'http://52.53.222.194/file/painting01.dlc', 'prefab', 'art', 0, '\x7b7d', 1526772377, 1526772377, 0, false),
	('\x39333230613366382d623832342d346336372d383932612d323539316138616431313038', 'http://52.53.222.194/file/shield01.PNG', 'Shield01', 'http://52.53.222.194/file/shield01.dlc', 'prefab', 'others', 3, '\x7b7d', 1534182890, 1535062196, 0, false),
	('\x39373435363465352d636161652d343133382d623338342d643234376366623265623131', 'http://52.53.222.194/file/stone.PNG', 'Stone', 'http://52.53.222.194/file/stone.dlc', 'prefab', 'others', 5, '\x7b7d', 1534186444, 1535067757, 0, false),
	('\x39616338343465632d383539392d343135612d386334622d396164366362396661643634', 'http://52.53.222.194/file/box01.PNG', 'Box01', 'http://52.53.222.194/file/box01.dlc', 'prefab', 'others', 3, '\x7b7d', 1533950439, 1535062149, 0, false),
	('\x61343135303037312d323964342d343433372d623630362d356361663830666264643634', 'http://52.53.222.194/file/kitchentable02.PNG', 'Kitchen Table02', 'http://52.53.222.194/file/kitchentable02.dlc', 'prefab', 'furniture', 3, '\x7b7d', 1534982209, 1535062163, 0, false),
	('\x61653666383331342d653231642d343064362d393336642d373438373566633165313564', 'http://52.53.222.194/file/seacove.png', 'Sea Cove', 'http://52.53.222.194/file/seacove.dlc', 'theme', '', 11, '\x7b7d', 1535504358, 1541176627, 0, false),
	('\x6176617461722d31', 'http://52.53.222.194/file/character_xbot.png', 'X-bot', 'http://52.53.222.194/file/character_xbot.dlc', 'avatar', ' ', 8, '\x7b22657965506f736974696f6e223a7b2278223a302c2279223a312e372c227a223a302e3132337d7d', 1516908523, 1540352009, 1, false),
	('\x6176617461722d32', 'http://52.53.222.194/file/character_ybot.png', 'Y-bot', 'http://52.53.222.194/file/character_ybot.dlc', 'avatar', ' ', 6, '\x7b22657965506f736974696f6e223a7b2278223a302c2279223a312e372c227a223a302e3132337d7d', 1516908523, 1540352060, 1, false),
	('\x6176617461722d33', 'http://52.53.222.194/file/character_taichiKun.png', 'Taichi-kun', 'http://52.53.222.194/file/character_taichikun.dlc', 'avatar', ' ', 11, '\x7b22657965506f736974696f6e223a7b2278223a302c2279223a312e3536352c227a223a302e3130317d7d', 1516908523, 1540348999, 1, false),
	('\x6176617461722d34', 'http://52.53.222.194/file/character_unityChan.png', 'Unity-chan', 'http://52.53.222.194/file/character_unitychan.dlc', 'avatar', ' ', 5, '\x7b22657965506f736974696f6e223a7b2278223a302c2279223a312e33332c227a223a302e38377d7d', 1516908523, 1539047951, 1, false),
	('\x6176617461722d35', 'http://52.53.222.194/file/character_catBurglar.png', 'Cat Burglar', 'http://52.53.222.194/file/character_catburglar.dlc', 'avatar', ' ', 10, '\x7b22657965506f736974696f6e223a7b2278223a302c2279223a312e3639322c227a223a302e3131327d7d', 1516908523, 1540349017, 1, false),
	('\x6176617461722d36', 'http://52.53.222.194/file/character_ciaoBella.png', 'Ciao Bella', 'http://52.53.222.194/file/character_ciaobella.dlc', 'avatar', ' ', 9, '\x7b22657965506f736974696f6e223a7b2278223a302c2279223a312e3638362c227a223a302e3130387d7d', 1516908523, 1540349037, 1, false),
	('\x6176617461722d37', 'http://52.53.222.194/file/character_elfBard.png', 'Elf Bard', 'http://52.53.222.194/file/character_elfbard.dlc', 'avatar', ' ', 9, '\x7b22657965506f736974696f6e223a7b2278223a302c2279223a312e3638362c227a223a302e3130337d7d', 1516908523, 1540349048, 1, false),
	('\x6176617461722d38', 'http://52.53.222.194/file/character_elfPrince.png', 'Elf Prince', 'http://52.53.222.194/file/character_elfprince.dlc', 'avatar', ' ', 11, '\x7b22657965506f736974696f6e223a7b2278223a302c2279223a312e3639362c227a223a302e3130387d7d', 1516908523, 1540351611, 1, false),
	('\x6176617461722d39', 'http://52.53.222.194/file/character_fireGuard.png', 'Fire Guard', 'http://52.53.222.194/file/character_fireguard.dlc', 'avatar', ' ', 12, '\x7b22657965506f736974696f6e223a7b2278223a302c2279223a312e372c227a223a302e3130377d7d', 1516908523, 1540351625, 1, false),
	('\x63396136323436382d303432322d343639612d613362642d653834353732383631353236', 'http://52.53.222.194/file/lamp.PNG', 'Lamp', 'http://52.53.222.194/file/lamp.dlc', 'prefab', 'furniture', 6, '\x7b7d', 1533941128, 1535072078, 0, false),
	('\x63633664393030652d303366632d346232622d616130612d666133343138356665373764', 'http://52.53.222.194/file/Capture.PNG', 'Aurora Casino', 'http://52.53.222.194/file/scene_new_gameroom.dlc', 'theme', '', 2, '\x7b7d', 1541035577, 1541179295, 1, false),
	('\x64373331636464612d386336312d346530392d626436322d643330363937663936343763', 'http://52.53.222.194/file/hammer01.PNG', 'Hammer01', 'http://52.53.222.194/file/hammer01.dlc', 'prefab', 'others', 4, '\x7b7d', 1534185216, 1535067745, 0, false),
	('\x64666336363664342d643731362d346166322d613566652d393530316264323536626233', 'http://52.53.222.194/file/can01.PNG', 'Can01', 'http://52.53.222.194/file/can01.dlc', 'prefab', 'others', 5, '\x7b7d', 1534194417, 1535072051, 0, false),
	('\x65663735333465362d333431342d346130312d386531352d363431616532623764386231', 'http://52.53.222.194/file/barrel01.PNG', 'Barrel01', 'http://52.53.222.194/file/barrel01.dlc', 'prefab', 'others', 7, '\x7b7d', 1534183152, 1535067717, 0, false),
	('\x66396366313265382d383830662d346331362d616537342d633065323431313032376530', 'http://52.53.222.194/file/sword01.PNG', 'Sword01', 'http://52.53.222.194/file/sword01.dlc', 'prefab', 'others', 7, '\x7b7d', 1534185187, 1535062180, 0, false),
	('\x66633762626236612d396234372d346631362d613765312d666230353235343261346262', 'http://52.53.222.194/file/Chessboard.PNG', 'Chess Set', 'http://52.53.222.194/file/chess.dlc', 'game', '', 1, '\x7b7d', 1540489747, 1540767545, 0, true),
	('\x66653635626635652d383635332d346438352d386261382d376538333232626534306161', 'http://52.53.222.194/file/croissant02.PNG', 'Croissant02', 'http://52.53.222.194/file/croissant02.dlc', 'prefab', 'others', 1, '\x7b7d', 1534890245, 1535072115, 0, false),
	('\x7374617469632d31', 'http://52.53.222.194/file/playarea.png', 'Play Area', 'http://52.53.222.194/file/playarea.dlc', 'static', '', 0, '\x7b22737461746963223a7472756522', 1516908523, 1516908523, 0, false);

INSERT INTO entities (id, user_id, space_id, display_name, "position", scale, asset_id, online, metadata, created_at, updated_at, group_id, segment_id, rotation) VALUES
	('\x2d36687a4a6b384a515147634f683430485365783677', '\x', '\x35506d444e59627352596d5366692d33464f63513541', 'Chess Set Segment 20', '{"x":-0.50983846,"y":5.352801,"z":-0.14081776}', '{"x":1,"y":1,"z":1}', '\x66633762626236612d396234372d346631362d613765312d666230353235343261346262', true, '\x7b7d', 1541180264252, 1541180264252, '_3vvB_CkQHi8doROiGBQlA', 20, '{"y":90}'),
	('\x2d457373644a507a54742d74745a78334f7530327651', '\x', '\x467850574d485147546b6555454b723439742d745841', 'Chess Set Segment 13', '{"x":1.2380801,"y":0.11,"z":0.016758248}', '{"x":1,"y":1,"z":1}', '\x66633762626236612d396234372d346631362d613765312d666230353235343261346262', true, '\x7b7d', 1540767048851, 1540767048851, 'dVUyRpj8SMCr4AeU-xx1Hg', 13, '{"y":90}'),
	('\x2d4674544e456c6f5242713851653938545f7a766177', '\x', '\x585f4164556d5138524269364562754e3261527a5a41', 'Chess Set Segment 25', '{"x":-2.2924309,"y":5.4295526,"z":-3.011174}', '{"x":1,"y":1,"z":1}', '\x66633762626236612d396234372d346631362d613765312d666230353235343261346262', true, '\x7b7d', 1541007053892, 1541007053892, 'hAHOTQ4-RGKvD34J3aHW0Q', 25, '{"y":90}'),
	('\x2d555473474763355346792d697a6a383043514b3567', '\x', '\x4a435f75776f325952632d36484f7647345434516177', 'Chess Set Segment 11', '{"x":1.3872142,"y":0.11,"z":-1.4902384}', '{"x":1,"y":1,"z":1}', '\x66633762626236612d396234372d346631362d613765312d666230353235343261346262', true, '\x7b7d', 1540512333481, 1540512333481, 'mk21pikbQkqHcEu5pL7EKA', 11, '{"y":90}'),
	('\x2d6275776270435152666153436244665a4a72705f51', '\x', '\x455043756c70555f5130476831646c4f763332336751', 'Barrel02', '{"x":1.204207,"y":-0.6429696,"z":1.5968362}', '{"x":1,"y":1,"z":1}', '\x35316564323331372d633631662d346661612d393836622d316163386434336632386238', true, '\x7b7d', 1540690455063, 1540690455063, '', 0, '{}'),
	('\x2d706d4a65743070526b617565305674616331576341', '\x', '\x384f70753869314b52684f446f4f512d724e705f4351', 'Chess Set Segment 5', '{"x":13.0369835,"y":3.8211768,"z":-0.2764941}', '{"x":1,"y":1,"z":1}', '\x66633762626236612d396234372d346631362d613765312d666230353235343261346262', true, '\x7b7d', 1540599892113, 1540599892113, 'tK698UsAQm2TtXZzgEQ2_g', 5, '{"y":270}'),
	('\x2d75464d4341486c5251574670745f6e4154657a7651', '\x', '\x35506d444e59627352596d5366692d33464f63513541', 'Chess Set Segment 5', '{"x":1.0281615,"y":5.352801,"z":-0.6398178}', '{"x":1,"y":1,"z":1}', '\x66633762626236612d396234372d346631362d613765312d666230353235343261346262', true, '\x7b7d', 1541180264252, 1541180264252, '_3vvB_CkQHi8doROiGBQlA', 5, '{"y":270}'),
	('\x2d76376b75584736524847594f6d533663744c784441', '\x', '\x3571644d6a4b555051342d6f4f613752336c43577041', 'Chess Set Segment 9', '{"x":2.1611292,"y":0.11,"z":3.4220805}', '{"x":1,"y":1,"z":1}', '\x66633762626236612d396234372d346631362d613765312d666230353235343261346262', true, '\x7b7d', 1540769664832, 1540769664832, '9Cfi7HpiS7eEC9uFblzy1w', 9, '{"y":270}'),
	('\x3033424b4f4c6e51526736546b6a506d753345583367', '\x', '\x467850574d485147546b6555454b723439742d745841', 'Chess Set Segment 12', '{"x":-1.5132039,"y":0.11,"z":-1.3748907}', '{"x":1,"y":1,"z":1}', '\x66633762626236612d396234372d346631362d613765312d666230353235343261346262', true, '\x7b7d', 1540767079879, 1540767079879, 'O_6FOUGUSeiWZp9YPMZN1w', 12, '{"y":90}'),
	('\x30396c59736577765158654a6a656b32374279414777', '\x6f554f57765844795253794a6b725131455959777451', '\x4b69357a353554555272714d36532d41514162416767', 'Harry Potter', '{"x":0,"y":0,"z":0}', '{"x":1,"y":1,"z":1}', '\x34343839333737322d613462662d346330392d626132382d646635393966356436373764', false, '\x7b7d', 1540770871788, 1540770871788, '', 0, '{"x":0,"y":0,"z":0}'),
	('\x3039745732323544524579347a6a3052664c466e5177', '\x', '\x467850574d485147546b6555454b723439742d745841', 'Chess Set Segment 28', '{"x":2.7760801,"y":0.11,"z":0.015758246}', '{"x":1,"y":1,"z":1}', '\x66633762626236612d396234372d346631362d613765312d666230353235343261346262', true, '\x7b7d', 1540767048851, 1540767048851, 'dVUyRpj8SMCr4AeU-xx1Hg', 28, '{"y":270}'),
	('\x304352436c735f765141574a75537138334c35566477', '\x6f554f57765844795253794a6b725131455959777451', '\x694e54347842416254507178696a456c675558644277', 'Harry Potter', '{"x":0,"y":0,"z":0}', '{"x":1,"y":1,"z":1}', '\x34343839333737322d613462662d346330392d626132382d646635393966356436373764', false, '\x7b7d', 1541193987329, 1541193987329, '', 0, '{"x":0,"y":0,"z":0}'),
	('\x3043595657724c455476573473325f62437356774641', '\x', '\x585f4164556d5138524269364562754e3261527a5a41', 'Chess Set Segment 10', '{"x":-0.49243104,"y":5.4295526,"z":-1.231174}', '{"x":1,"y":1,"z":1}', '\x66633762626236612d396234372d346631362d613765312d666230353235343261346262', true, '\x7b7d', 1541007053892, 1541007053892, 'hAHOTQ4-RGKvD34J3aHW0Q', 10, '{"y":270}'),
	('\x304d346259707748512d36426f5f5941517068306941', '\x', '\x467850574d485147546b6555454b723439742d745841', 'Chess Set Segment 17', '{"x":-1.5132039,"y":0.11,"z":-0.09589076}', '{"x":1,"y":1,"z":1}', '\x66633762626236612d396234372d346631362d613765312d666230353235343261346262', true, '\x7b7d', 1540767079879, 1540767079879, 'O_6FOUGUSeiWZp9YPMZN1w', 17, '{"y":90}'),
	('\x304f4259546771595332694a52645150457350697177', '\x', '\x585f4164556d5138524269364562754e3261527a5a41', 'Chess Set Segment 8', '{"x":-0.754431,"y":5.4295526,"z":-1.487174}', '{"x":1,"y":1,"z":1}', '\x66633762626236612d396234372d346631362d613765312d666230353235343261346262', true, '\x7b7d', 1541007053892, 1541007053892, 'hAHOTQ4-RGKvD34J3aHW0Q', 8, '{"y":270}'),
	('\x30524b35575f624651724f7149634d71784356576f67', '\x', '\x467850574d485147546b6555454b723439742d745841', 'Chess Set Segment 10', '{"x":0.024796188,"y":0.11,"z":-0.09989065}', '{"x":1,"y":1,"z":1}', '\x66633762626236612d396234372d346631362d613765312d666230353235343261346262', true, '\x7b7d', 1540767079879, 1540767079879, 'O_6FOUGUSeiWZp9YPMZN1w', 10, '{"y":270}'),
	('\x3054586172746f655377655a4f2d786e4f6338542d41', '\x', '\x467850574d485147546b6555454b723439742d745841', 'Chess Set Segment 14', '{"x":-1.5132039,"y":0.11,"z":-0.8648907}', '{"x":1,"y":1,"z":1}', '\x66633762626236612d396234372d346631362d613765312d666230353235343261346262', true, '\x7b7d', 1540767079879, 1540767079879, 'O_6FOUGUSeiWZp9YPMZN1w', 14, '{"y":90}'),
	('\x3071654d4657586a5474655262525a4d61472d535277', '\x', '\x616930544e4133305344695151315151546f756f7741', 'Chess Set Segment 6', '{"x":2.637909,"y":13.931638,"z":0.15914299}', '{"x":1,"y":1,"z":1}', '\x66633762626236612d396234372d346631362d613765312d666230353235343261346262', true, '\x7b7d', 1541006424847, 1541006424847, 'PsmrnIKOSJC9gIk9AZUUVA', 6, '{"y":270}'),
	('\x3078646b3466546f533657615f46507861734f793467', '\x', '\x616930544e4133305344695151315151546f756f7741', 'Chess Set Segment 10', '{"x":2.8999088,"y":13.931638,"z":0.913143}', '{"x":1,"y":1,"z":1}', '\x66633762626236612d396234372d346631362d613765312d666230353235343261346262', true, '\x7b7d', 1541006424847, 1541006424847, 'PsmrnIKOSJC9gIk9AZUUVA', 10, '{"y":270}'),
	('\x31307a7359716145514157696a77425f553646415477', '\x', '\x766b5f324f426659517865795779633878496d6f5467', 'Chess Set Segment 6', '{"x":5.9385037,"y":0.11,"z":-8.737779}', '{"x":1,"y":1,"z":1}', '\x66633762626236612d396234372d346631362d613765312d666230353235343261346262', true, '\x7b7d', 1540780431150, 1540780431150, 'GVDp5g6ETYmZD_FIzFuY6g', 6, '{"y":270}'),
	('\x31387641377131645332712d795a7a44377958725041', '\x2d766375336b596151342d366b574667554e41656741', '\x694e54347842416254507178696a456c675558644277', 'jokererer', '{"x":0,"y":0,"z":0}', '{"x":1,"y":1,"z":1}', '\x34343839333737322d613462662d346330392d626132382d646635393966356436373764', false, '\x7b7d', 1542065126303, 1542065126303, '', 0, '{"x":0,"y":0,"z":0}'),
	('\x31544462634d2d5353394b6a3843664a6f5938315141', '\x', '\x6a6d4959684f336d515761417a3579794777326d6567', 'Painting 03', '{"x":-2.3767445,"y":5.534835,"z":-2.307618}', '{"x":1,"y":1,"z":1}', '\x3131', true, '\x7b7d', 1540691633247, 1540691633247, '', 0, '{"x":54.314068,"y":60.49265,"z":321.16345}'),
	('\x315467523359435f514b4f6144774f6a712d6b505f41', '\x', '\x4a435f75776f325952632d36484f7647345434516177', 'Chess Set Segment 5', '{"x":2.6632142,"y":0.11,"z":-0.9732384}', '{"x":1,"y":1,"z":1}', '\x66633762626236612d396234372d346631362d613765312d666230353235343261346262', true, '\x7b7d', 1540512333481, 1540512333481, 'mk21pikbQkqHcEu5pL7EKA', 5, '{"y":270}'),
	('\x3164305247315369535069486167584974644f774967', '\x', '\x3571644d6a4b555051342d6f4f613752336c43577041', 'Chess Set Segment 23', '{"x":0.62312925,"y":0.11,"z":2.1470804}', '{"x":1,"y":1,"z":1}', '\x66633762626236612d396234372d346631362d613765312d666230353235343261346262', true, '\x7b7d', 1540769664832, 1540769664832, '9Cfi7HpiS7eEC9uFblzy1w', 23, '{"y":90}'),
	('\x31706c58596b314453747979655053642d7059763567', '\x', '\x455043756c70555f5130476831646c4f763332336751', 'Croissant02', '{"x":2.5517423,"y":-0.9273534,"z":0.9020834}', '{"x":1,"y":1,"z":1}', '\x66653635626635652d383635332d346438352d386261382d376538333232626534306161', true, '\x7b7d', 1540690884491, 1540690884491, '', 0, '{}'),
	('\x317277465a44454f51353279786c6b55414e74637451', '\x', '\x585f4164556d5138524269364562754e3261527a5a41', 'Chess Set Segment 17', '{"x":-2.030431,"y":5.4295526,"z":-1.2271742}', '{"x":1,"y":1,"z":1}', '\x66633762626236612d396234372d346631362d613765312d666230353235343261346262', true, '\x7b7d', 1541007053892, 1541007053892, 'hAHOTQ4-RGKvD34J3aHW0Q', 17, '{"y":90}'),
	('\x317833586d756a6c536a796a714a716c686d57305077', '\x', '\x4a435f75776f325952632d36484f7647345434516177', 'Chess Set Segment 4', '{"x":2.6632142,"y":0.11,"z":-1.2202384}', '{"x":1,"y":1,"z":1}', '\x66633762626236612d396234372d346631362d613765312d666230353235343261346262', true, '\x7b7d', 1540512333481, 1540512333481, 'mk21pikbQkqHcEu5pL7EKA', 4, '{"y":270}'),
	('\x3249477a314f575753535732734e37356375776d7367', '\x', '\x694e54347842416254507178696a456c675558644277', 'Table02', '{"x":3.4115343,"y":14.550755,"z":2.432057}', '{"x":1,"y":1,"z":1}', '\x31353131393963612d633965352d346539392d616466642d666539646164646337646432', true, '\x7b7d', 1541007390629, 1541007390629, '', 0, '{}'),
	('\x326734515543596b51636134735853586941644f7551', '\x', '\x3571644d6a4b555051342d6f4f613752336c43577041', 'Chess Set Segment 11', '{"x":0.8851292,"y":0.11,"z":1.8930805}', '{"x":1,"y":1,"z":1}', '\x66633762626236612d396234372d346631362d613765312d666230353235343261346262', true, '\x7b7d', 1540769664832, 1540769664832, '9Cfi7HpiS7eEC9uFblzy1w', 11, '{"y":90}'),
	('\x326f3358746b4d305336756e52527033744254413167', '\x', '\x455043756c70555f5130476831646c4f763332336751', 'Table02', '{"x":-0.9350514,"y":-0.6429696,"z":1.767959}', '{"x":1,"y":1,"z":1}', '\x31353131393963612d633965352d346539392d616466642d666539646164646337646432', true, '\x7b7d', 1540690419543, 1540690419543, '', 0, '{"x":0.0087581705,"y":352.21155,"z":-0.00039745777}'),
	('\x332d785f65737561516e536c64587546413545483367', '\x', '\x467850574d485147546b6555454b723439742d745841', 'Chess Set Segment 4', '{"x":2.51408,"y":0.11,"z":-0.22324176}', '{"x":1,"y":1,"z":1}', '\x66633762626236612d396234372d346631362d613765312d666230353235343261346262', true, '\x7b7d', 1540767048851, 1540767048851, 'dVUyRpj8SMCr4AeU-xx1Hg', 4, '{"y":270}'),
	('\x3332354f724a5941516c32394e6131572d484c463851', '\x', '\x307a415a2d626b50515853586e7352577849456a4367', 'Table02', '{"x":"Infinity","y":"Infinity","z":"Infinity"}', '{"x":1,"y":1,"z":1}', '\x31353131393963612d633965352d346539392d616466642d666539646164646337646432', true, '\x7b7d', 1541199585087, 1541199585087, '', 0, '{}'),
	('\x333732356a75564a54496d4c70384931765f4b474c41', '\x62454f695473507651354f5631574e797a4349386441', '\x6a41656650736d43517965346d4142552d776e7a3951', 'Alfred Pennyworth', '{"x":0,"y":0,"z":0}', '{"x":1,"y":1,"z":1}', '\x34343839333737322d613462662d346330392d626132382d646635393966356436373764', false, '\x7b7d', 1540681777617, 1540681777617, '', 0, '{"x":0,"y":0,"z":0}'),
	('\x3359736d50446f7352664f61786d756b306f56473851', '\x', '\x766b5f324f426659517865795779633878496d6f5467', 'Chess Set Segment 2', '{"x":5.9385037,"y":0.11,"z":-9.7657795}', '{"x":1,"y":1,"z":1}', '\x66633762626236612d396234372d346631362d613765312d666230353235343261346262', true, '\x7b7d', 1540780431150, 1540780431150, 'GVDp5g6ETYmZD_FIzFuY6g', 2, '{"y":270}'),
	('\x336d62434f566d4f534a43694d6d49592d6150437951', '\x', '\x467850574d485147546b6555454b723439742d745841', 'Chess Set Segment 9', '{"x":2.51408,"y":0.11,"z":1.0357584}', '{"x":1,"y":1,"z":1}', '\x66633762626236612d396234372d346631362d613765312d666230353235343261346262', true, '\x7b7d', 1540767048851, 1540767048851, 'dVUyRpj8SMCr4AeU-xx1Hg', 9, '{"y":270}'),
	('\x3375615967657055524e434c72714b574d6f456a6e77', '\x', '\x4a435f75776f325952632d36484f7647345434516177', 'Chess Set Segment 3', '{"x":2.6632142,"y":0.11,"z":-1.4792384}', '{"x":1,"y":1,"z":1}', '\x66633762626236612d396234372d346631362d613765312d666230353235343261346262', true, '\x7b7d', 1540512333481, 1540512333481, 'mk21pikbQkqHcEu5pL7EKA', 3, '{"y":270}'),
	('\x337857726f4451715136573466715630594f4c574b77', '\x', '\x35506d444e59627352596d5366692d33464f63513541', 'Chess Set Segment 27', '{"x":1.2901615,"y":5.352801,"z":-0.9028177}', '{"x":1,"y":1,"z":1}', '\x66633762626236612d396234372d346631362d613765312d666230353235343261346262', true, '\x7b7d', 1541180264252, 1541180264252, '_3vvB_CkQHi8doROiGBQlA', 27, '{"y":270}'),
	('\x343372384677396751766d6c4f574370397752617841', '\x', '\x467850574d485147546b6555454b723439742d745841', 'Chess Set Segment 20', '{"x":0.9760801,"y":0.11,"z":0.52275825}', '{"x":1,"y":1,"z":1}', '\x66633762626236612d396234372d346631362d613765312d666230353235343261346262', true, '\x7b7d', 1540767048851, 1540767048851, 'dVUyRpj8SMCr4AeU-xx1Hg', 20, '{"y":90}'),
	('\x34455a6e71675935516f7135435855615f3668757541', '\x', '\x3571644d6a4b555051342d6f4f613752336c43577041', 'Chess Set Segment 3', '{"x":2.1611292,"y":0.11,"z":1.9040804}', '{"x":1,"y":1,"z":1}', '\x66633762626236612d396234372d346631362d613765312d666230353235343261346262', true, '\x7b7d', 1540769664832, 1540769664832, '9Cfi7HpiS7eEC9uFblzy1w', 3, '{"y":270}'),
	('\x344872675749657753414f4f6259556f784a56396551', '\x', '\x6a6d4959684f336d515761417a3579794777326d6567', 'Croissant02', '{"x":-0.77380586,"y":5.2133713,"z":-1.8442414}', '{"x":1,"y":1,"z":1}', '\x66653635626635652d383635332d346438352d386261382d376538333232626534306161', true, '\x7b7d', 1540691435122, 1540691435122, '', 0, '{"x":356.72375,"y":23.625103,"z":1.9485569}'),
	('\x344f3852355f36455171574d6e7154645433742d4967', '\x', '\x384f70753869314b52684f446f4f512d724e705f4351', 'Chess Set Segment 9', '{"x":13.0369835,"y":3.8211768,"z":0.73550606}', '{"x":1,"y":1,"z":1}', '\x66633762626236612d396234372d346631362d613765312d666230353235343261346262', true, '\x7b7d', 1540599892113, 1540599892113, 'tK698UsAQm2TtXZzgEQ2_g', 9, '{"y":270}'),
	('\x345743675267474e534532722d773332434535313077', '\x', '\x616930544e4133305344695151315151546f756f7741', 'Chess Set Segment 17', '{"x":1.3619088,"y":13.931638,"z":0.91714287}', '{"x":1,"y":1,"z":1}', '\x66633762626236612d396234372d346631362d613765312d666230353235343261346262', true, '\x7b7d', 1541006424847, 1541006424847, 'PsmrnIKOSJC9gIk9AZUUVA', 17, '{"y":90}'),
	('\x346255625a305f72514b4b792d367653527947442d77', '\x', '\x467850574d485147546b6555454b723439742d745841', 'Chess Set Segment 12', '{"x":1.2380801,"y":0.11,"z":-0.23824178}', '{"x":1,"y":1,"z":1}', '\x66633762626236612d396234372d346631362d613765312d666230353235343261346262', true, '\x7b7d', 1540767048851, 1540767048851, 'dVUyRpj8SMCr4AeU-xx1Hg', 12, '{"y":90}'),
	('\x3468644e5330767951413253304a4d71695a58385641', '\x', '\x766b5f324f426659517865795779633878496d6f5467', 'Chess Set Segment 15', '{"x":4.6625037,"y":0.11,"z":-8.484779}', '{"x":1,"y":1,"z":1}', '\x66633762626236612d396234372d346631362d613765312d666230353235343261346262', true, '\x7b7d', 1540780431150, 1540780431150, 'GVDp5g6ETYmZD_FIzFuY6g', 15, '{"y":90}'),
	('\x34714336724f6c675464364730722d32763267546f77', '\x', '\x675a413775623938526a534772537145684161747751', 'Blackjack', '{"x":-6.6126604,"y":0.030225396,"z":4.566115}', '{"x":1,"y":1,"z":1}', '\x38', true, '\x7b7d', 1541456697400, 1541456697400, '', 0, '{"y":315.67114}'),
	('\x352d455f5a75524e525a2d58317548666d5134695f67', '\x', '\x766b5f324f426659517865795779633878496d6f5467', 'Chess Set Segment 19', '{"x":4.4005036,"y":0.11,"z":-8.2397785}', '{"x":1,"y":1,"z":1}', '\x66633762626236612d396234372d346631362d613765312d666230353235343261346262', true, '\x7b7d', 1540780431150, 1540780431150, 'GVDp5g6ETYmZD_FIzFuY6g', 19, '{"y":90}'),
	('\x353565524148314b53544b59467a6938714e4e706441', '\x', '\x585f4164556d5138524269364562754e3261527a5a41', 'Chess Set Segment 16', '{"x":-2.030431,"y":5.4295526,"z":-1.487174}', '{"x":1,"y":1,"z":1}', '\x66633762626236612d396234372d346631362d613765312d666230353235343261346262', true, '\x7b7d', 1541007053892, 1541007053892, 'hAHOTQ4-RGKvD34J3aHW0Q', 16, '{"y":90}'),
	('\x354949316d3167435246363443494c52384550393541', '\x', '\x467850574d485147546b6555454b723439742d745841', 'Chess Set Segment 8', '{"x":-0.23720379,"y":0.11,"z":-0.35589063}', '{"x":1,"y":1,"z":1}', '\x66633762626236612d396234372d346631362d613765312d666230353235343261346262', true, '\x7b7d', 1540767079879, 1540767079879, 'O_6FOUGUSeiWZp9YPMZN1w', 8, '{"y":270}'),
	('\x354c645078787561524b4b396e443635663350354d67', '\x', '\x585f4164556d5138524269364562754e3261527a5a41', 'Chess Set Segment 14', '{"x":-2.030431,"y":5.4295526,"z":-1.9961741}', '{"x":1,"y":1,"z":1}', '\x66633762626236612d396234372d346631362d613765312d666230353235343261346262', true, '\x7b7d', 1541007053892, 1541007053892, 'hAHOTQ4-RGKvD34J3aHW0Q', 14, '{"y":90}'),
	('\x354e503964484353526553334c30366439424a517251', '\x', '\x3571644d6a4b555051342d6f4f613752336c43577041', 'Chess Set Segment 10', '{"x":2.423129,"y":0.11,"z":3.4230804}', '{"x":1,"y":1,"z":1}', '\x66633762626236612d396234372d346631362d613765312d666230353235343261346262', true, '\x7b7d', 1540769664832, 1540769664832, '9Cfi7HpiS7eEC9uFblzy1w', 10, '{"y":270}'),
	('\x35655845496c766d54766d4a6351396c504f4e634551', '\x', '\x384f70753869314b52684f446f4f512d724e705f4351', 'Chess Set Segment 20', '{"x":11.498984,"y":3.8211768,"z":0.22250593}', '{"x":1,"y":1,"z":1}', '\x66633762626236612d396234372d346631362d613765312d666230353235343261346262', true, '\x7b7d', 1540599892113, 1540599892113, 'tK698UsAQm2TtXZzgEQ2_g', 20, '{"y":90}'),
	('\x357447446954737753436d706b567234484451704577', '\x', '\x4a435f75776f325952632d36484f7647345434516177', 'Chess Set Segment 15', '{"x":1.3872142,"y":0.11,"z":-0.46123838}', '{"x":1,"y":1,"z":1}', '\x66633762626236612d396234372d346631362d613765312d666230353235343261346262', true, '\x7b7d', 1540512333481, 1540512333481, 'mk21pikbQkqHcEu5pL7EKA', 15, '{"y":90}'),
	('\x3575667a54685261544136556637765775754f727541', '\x', '\x35506d444e59627352596d5366692d33464f63513541', 'Arcade Shooter', '{"x":-2.0500078,"y":5.2007294,"z":-2.0341058}', '{"x":1,"y":1,"z":1}', '\x31646264373739642d346662332d343963632d396162302d376562306431633637393230', true, '\x7b7d', 1541180200481, 1541180200481, '', 0, '{"y":201.1605}'),
	('\x362d4967614b3759546a2d5046632d4a4166476b5151', '\x', '\x35506d444e59627352596d5366692d33464f63513541', 'Chess Set Segment 18', '{"x":-0.50983846,"y":5.352801,"z":0.36318225}', '{"x":1,"y":1,"z":1}', '\x66633762626236612d396234372d346631362d613765312d666230353235343261346262', true, '\x7b7d', 1541180264252, 1541180264252, '_3vvB_CkQHi8doROiGBQlA', 18, '{"y":90}'),
	('\x36304b745557446653574348484a52644d4568375277', '\x', '\x455043756c70555f5130476831646c4f763332336751', 'Barrel02', '{"x":0.1261933,"y":-0.26544407,"z":-4.690208}', '{"x":1,"y":1,"z":1}', '\x35316564323331372d633631662d346661612d393836622d316163386434336632386238', true, '\x7b7d', 1540690734800, 1540690734800, '', 0, '{"x":330.46805,"y":4.0543365,"z":99.07956}'),
	('\x365146306b706e56526d475755345562616249666a51', '\x', '\x467850574d485147546b6555454b723439742d745841', 'Chess Set Segment 28', '{"x":0.024796188,"y":0.11,"z":-1.1208906}', '{"x":1,"y":1,"z":1}', '\x66633762626236612d396234372d346631362d613765312d666230353235343261346262', true, '\x7b7d', 1540767079879, 1540767079879, 'O_6FOUGUSeiWZp9YPMZN1w', 28, '{"y":270}'),
	('\x372d4a6b7a2d417754552d33776b46712d7a49784141', '\x', '\x4a435f75776f325952632d36484f7647345434516177', 'Chess Set Segment 6', '{"x":2.6632142,"y":0.11,"z":-0.7142384}', '{"x":1,"y":1,"z":1}', '\x66633762626236612d396234372d346631362d613765312d666230353235343261346262', true, '\x7b7d', 1540512333481, 1540512333481, 'mk21pikbQkqHcEu5pL7EKA', 6, '{"x":281.4857,"y":93.65509,"z":180.00134}'),
	('\x37345a496542694a5152364756666357343930773477', '\x', '\x585f4164556d5138524269364562754e3261527a5a41', 'Chess Set Segment 3', '{"x":-0.754431,"y":5.4295526,"z":-2.750174}', '{"x":1,"y":1,"z":1}', '\x66633762626236612d396234372d346631362d613765312d666230353235343261346262', true, '\x7b7d', 1541007053892, 1541007053892, 'hAHOTQ4-RGKvD34J3aHW0Q', 3, '{"y":270}'),
	('\x374e5739366d7169543357456b533349586a34594e51', '\x', '\x6a6d4959684f336d515761417a3579794777326d6567', 'Hammer01', '{"x":-1.1480131,"y":5.3149214,"z":-1.8693216}', '{"x":1,"y":1,"z":1}', '\x64373331636464612d386336312d346530392d626436322d643330363937663936343763', true, '\x7b7d', 1540691483176, 1540691483176, '', 0, '{"x":78.63218,"y":242.3053,"z":225.34933}'),
	('\x37506c4e41776d68535f696a336f7048734c59663067', '\x', '\x467850574d485147546b6555454b723439742d745841', 'Chess Set Segment 30', '{"x":0.024796188,"y":0.11,"z":-1.6228907}', '{"x":1,"y":1,"z":1}', '\x66633762626236612d396234372d346631362d613765312d666230353235343261346262', true, '\x7b7d', 1540767079879, 1540767079879, 'O_6FOUGUSeiWZp9YPMZN1w', 30, '{"y":270}'),
	('\x376f704e757a7136534669467235532d375266727a51', '\x', '\x4a435f75776f325952632d36484f7647345434516177', 'Chess Set Segment 1', '{"x":2.9252143,"y":0.11,"z":-1.7372384}', '{"x":1,"y":1,"z":1}', '\x66633762626236612d396234372d346631362d613765312d666230353235343261346262', true, '\x7b7d', 1540512333481, 1540512333481, 'mk21pikbQkqHcEu5pL7EKA', 1, '{"y":270}'),
	('\x3773414550423162524c2d546b6a6146714477707051', '\x', '\x3571644d6a4b555051342d6f4f613752336c43577041', 'Chess Set Segment 32', '{"x":2.423129,"y":0.11,"z":2.9180803}', '{"x":1,"y":1,"z":1}', '\x66633762626236612d396234372d346631362d613765312d666230353235343261346262', true, '\x7b7d', 1540769664832, 1540769664832, '9Cfi7HpiS7eEC9uFblzy1w', 32, '{"y":270}'),
	('\x377852583261796751302d5437333678774261584b41', '\x', '\x4a435f75776f325952632d36484f7647345434516177', 'Chess Set Segment 23', '{"x":1.1252142,"y":0.11,"z":-1.2362384}', '{"x":1,"y":1,"z":1}', '\x66633762626236612d396234372d346631362d613765312d666230353235343261346262', true, '\x7b7d', 1540512333481, 1540512333481, 'mk21pikbQkqHcEu5pL7EKA', 23, '{"y":90}'),
	('\x3779666274426b54516c71653852597156412d575151', '\x', '\x307a415a2d626b50515853586e7352577849456a4367', 'Table02', '{"x":"Infinity","y":"Infinity","z":"Infinity"}', '{"x":1,"y":1,"z":1}', '\x31353131393963612d633965352d346539392d616466642d666539646164646337646432', true, '\x7b7d', 1541199579258, 1541199579258, '', 0, '{}'),
	('\x3832304f42305969543971632d5f534a424c39543251', '\x', '\x766b5f324f426659517865795779633878496d6f5467', 'Arcade Shooter', '{"x":-1.3539994,"z":-11.676398}', '{"x":1,"y":1,"z":1}', '\x31646264373739642d346662332d343963632d396162302d376562306431633637393230', true, '\x7b7d', 1540780388018, 1540780388018, '', 0, '{}'),
	('\x38627463756b3243543936357a372d4c655f5a5f3951', '\x', '\x585f4164556d5138524269364562754e3261527a5a41', 'Chess Set Segment 22', '{"x":-2.2924309,"y":5.4295526,"z":-2.251174}', '{"x":1,"y":1,"z":1}', '\x66633762626236612d396234372d346631362d613765312d666230353235343261346262', true, '\x7b7d', 1541007053892, 1541007053892, 'hAHOTQ4-RGKvD34J3aHW0Q', 22, '{"y":90}'),
	('\x3866696c6d645a365252616575415750473672766277', '\x', '\x616930544e4133305344695151315151546f756f7741', 'Chess Set Segment 31', '{"x":2.8999088,"y":13.931638,"z":0.654143}', '{"x":1,"y":1,"z":1}', '\x66633762626236612d396234372d346631362d613765312d666230353235343261346262', true, '\x7b7d', 1541006424847, 1541006424847, 'PsmrnIKOSJC9gIk9AZUUVA', 31, '{"y":270}'),
	('\x386672705749434c547775515f78697855524b757777', '\x', '\x616930544e4133305344695151315151546f756f7741', 'Chess Set Segment 4', '{"x":2.637909,"y":13.931638,"z":-0.346857}', '{"x":1,"y":1,"z":1}', '\x66633762626236612d396234372d346631362d613765312d666230353235343261346262', true, '\x7b7d', 1541006424847, 1541006424847, 'PsmrnIKOSJC9gIk9AZUUVA', 4, '{"y":270}'),
	('\x386b433658497758523232525675616144344a5f4377', '\x', '\x766b5f324f426659517865795779633878496d6f5467', 'Chess Set Segment 1', '{"x":6.200504,"y":0.11,"z":-9.760779}', '{"x":1,"y":1,"z":1}', '\x66633762626236612d396234372d346631362d613765312d666230353235343261346262', true, '\x7b7d', 1540780431150, 1540780431150, 'GVDp5g6ETYmZD_FIzFuY6g', 1, '{"y":270}'),
	('\x393531335638714354523253324d6659754f654e7877', '\x', '\x384f70753869314b52684f446f4f512d724e705f4351', 'Chess Set Segment 27', '{"x":13.298984,"y":3.8211768,"z":-0.53949404}', '{"x":1,"y":1,"z":1}', '\x66633762626236612d396234372d346631362d613765312d666230353235343261346262', true, '\x7b7d', 1540599892113, 1540599892113, 'tK698UsAQm2TtXZzgEQ2_g', 27, '{"y":270}'),
	('\x3962364c49663271526336334b6370564b4349493877', '\x', '\x3571644d6a4b555051342d6f4f613752336c43577041', 'Chess Set Segment 16', '{"x":0.8851292,"y":0.11,"z":3.1670804}', '{"x":1,"y":1,"z":1}', '\x66633762626236612d396234372d346631362d613765312d666230353235343261346262', true, '\x7b7d', 1540769664832, 1540769664832, '9Cfi7HpiS7eEC9uFblzy1w', 16, '{"y":90}'),
	('\x396e5955463332335259365566655f704d7a61343051', '\x', '\x384f70753869314b52684f446f4f512d724e705f4351', 'Chess Set Segment 22', '{"x":11.498984,"y":3.8211768,"z":-0.28349406}', '{"x":1,"y":1,"z":1}', '\x66633762626236612d396234372d346631362d613765312d666230353235343261346262', true, '\x7b7d', 1540599892113, 1540599892113, 'tK698UsAQm2TtXZzgEQ2_g', 22, '{"y":90}'),
	('\x397a476a4742796653332d5252503978797748454541', '\x', '\x384f70753869314b52684f446f4f512d724e705f4351', 'Chess Set Segment 19', '{"x":11.498984,"y":3.8211768,"z":0.48050594}', '{"x":1,"y":1,"z":1}', '\x66633762626236612d396234372d346631362d613765312d666230353235343261346262', true, '\x7b7d', 1540599892113, 1540599892113, 'tK698UsAQm2TtXZzgEQ2_g', 19, '{"y":90}'),
	('\x397a6a54624b657153616153646a6861676352495941', '\x', '\x35506d444e59627352596d5366692d33464f63513541', 'Chess Set Segment 16', '{"x":-0.2478385,"y":5.352801,"z":0.117182255}', '{"x":1,"y":1,"z":1}', '\x66633762626236612d396234372d346631362d613765312d666230353235343261346262', true, '\x7b7d', 1541180264252, 1541180264252, '_3vvB_CkQHi8doROiGBQlA', 16, '{"y":90}'),
	('\x413275465f4832615166653562413658416233474251', '\x', '\x35506d444e59627352596d5366692d33464f63513541', 'Chess Set Segment 17', '{"x":-0.2478385,"y":5.352801,"z":0.37718213}', '{"x":1,"y":1,"z":1}', '\x66633762626236612d396234372d346631362d613765312d666230353235343261346262', true, '\x7b7d', 1541180264252, 1541180264252, '_3vvB_CkQHi8doROiGBQlA', 17, '{"y":90}'),
	('\x41566d6e414f595454694f6744776a515244485a5a51', '\x', '\x467850574d485147546b6555454b723439742d745841', 'Chess Set Segment 10', '{"x":2.7760801,"y":0.11,"z":1.0367583}', '{"x":1,"y":1,"z":1}', '\x66633762626236612d396234372d346631362d613765312d666230353235343261346262', true, '\x7b7d', 1540767048851, 1540767048851, 'dVUyRpj8SMCr4AeU-xx1Hg', 10, '{"y":270}'),
	('\x4157534851536373534d6d4f713935396a5854766977', '\x', '\x616930544e4133305344695151315151546f756f7741', 'Chess Set Segment 21', '{"x":1.0999088,"y":13.931638,"z":0.14814298}', '{"x":1,"y":1,"z":1}', '\x66633762626236612d396234372d346631362d613765312d666230353235343261346262', true, '\x7b7d', 1541006424847, 1541006424847, 'PsmrnIKOSJC9gIk9AZUUVA', 21, '{"y":90}'),
	('\x4162576c594a733154754b7467387477454944554577', '\x', '\x4d4c6f6543476b4b536c69666d6d58306e6a37347241', 'Table02', '{"x":1.798943,"z":3.863874}', '{"x":1,"y":1,"z":1}', '\x31353131393963612d633965352d346539392d616466642d666539646164646337646432', true, '\x7b7d', 1540594498110, 1540594498110, '', 0, '{}'),
	('\x416e496c6e744a73544b53434678504a645459566467', '\x', '\x766b5f324f426659517865795779633878496d6f5467', 'Chess Set Segment 25', '{"x":4.4005036,"y":0.11,"z":-9.763779}', '{"x":1,"y":1,"z":1}', '\x66633762626236612d396234372d346631362d613765312d666230353235343261346262', true, '\x7b7d', 1540780431150, 1540780431150, 'GVDp5g6ETYmZD_FIzFuY6g', 25, '{"y":90}'),
	('\x41787047746e7144524d474a64463738656951586d77', '\x', '\x585f4164556d5138524269364562754e3261527a5a41', 'Chess Set Segment 9', '{"x":-0.754431,"y":5.4295526,"z":-1.2321739}', '{"x":1,"y":1,"z":1}', '\x66633762626236612d396234372d346631362d613765312d666230353235343261346262', true, '\x7b7d', 1541007053892, 1541007053892, 'hAHOTQ4-RGKvD34J3aHW0Q', 9, '{"y":270}'),
	('\x42343250414f70305365795449307771525a72653751', '\x', '\x675a413775623938526a534772537145684161747751', 'Blackjack', '{"x":-0.14372325,"y":0.90935004,"z":-2.5101109}', '{"x":1,"y":1,"z":1}', '\x38', true, '\x7b7d', 1541456660407, 1541456660407, '', 0, '{"y":232.71042}'),
	('\x42455a4f6b44754752524b54487566595546664a5051', '\x', '\x585f4164556d5138524269364562754e3261527a5a41', 'Arcade Shooter', '{"x":5.8994136,"y":7.8952265,"z":-0.7969808}', '{"x":1,"y":1,"z":1}', '\x31646264373739642d346662332d343963632d396162302d376562306431633637393230', true, '\x7b7d', 1541006985869, 1541006985869, '', 0, '{}'),
	('\x424a30516b756d6d516c43613756314a4134355a7651', '\x', '\x467850574d485147546b6555454b723439742d745841', 'Chess Set Segment 15', '{"x":-1.5132039,"y":0.11,"z":-0.60089064}', '{"x":1,"y":1,"z":1}', '\x66633762626236612d396234372d346631362d613765312d666230353235343261346262', true, '\x7b7d', 1540767079879, 1540767079879, 'O_6FOUGUSeiWZp9YPMZN1w', 15, '{"y":90}'),
	('\x424d4343444377565454656459723758773837516a41', '\x', '\x35506d444e59627352596d5366692d33464f63513541', 'Cube', '{"x":5.1459627,"y":5.811702,"z":-0.22223508}', '{"x":1,"y":1,"z":1}', '\x31', true, '\x7b7d', 1541180064806, 1541180064806, '', 0, '{"x":357.95877,"y":85.953,"z":358.74722}'),
	('\x425a784a55545352534657493943434a495857723651', '\x', '\x4a435f75776f325952632d36484f7647345434516177', 'Chess Set Segment 31', '{"x":2.9252145,"y":0.11,"z":-0.2192384}', '{"x":1,"y":1,"z":1}', '\x66633762626236612d396234372d346631362d613765312d666230353235343261346262', true, '\x7b7d', 1540512333481, 1540512333481, 'mk21pikbQkqHcEu5pL7EKA', 31, '{"y":270}'),
	('\x42617a575541487a53394f46366a634f364b2d637567', '\x', '\x616930544e4133305344695151315151546f756f7741', 'Chess Set Segment 23', '{"x":1.0999088,"y":13.931638,"z":-0.362857}', '{"x":1,"y":1,"z":1}', '\x66633762626236612d396234372d346631362d613765312d666230353235343261346262', true, '\x7b7d', 1541006424847, 1541006424847, 'PsmrnIKOSJC9gIk9AZUUVA', 23, '{"y":90}'),
	('\x42644231464b723852794f6c7a5330624b67446b5051', '\x', '\x4a435f75776f325952632d36484f7647345434516177', 'Chess Set Segment 21', '{"x":1.1252142,"y":0.11,"z":-0.7252384}', '{"x":1,"y":1,"z":1}', '\x66633762626236612d396234372d346631362d613765312d666230353235343261346262', true, '\x7b7d', 1540512333481, 1540512333481, 'mk21pikbQkqHcEu5pL7EKA', 21, '{"y":90}'),
	('\x42645530644f34495269436e677443614a7373424a77', '\x', '\x415f62595f727153543547524a613345417639333041', 'Table02', '{"x":203.6851,"y":28.338713,"z":203.97823}', '{"x":1,"y":1,"z":1}', '\x31353131393963612d633965352d346539392d616466642d666539646164646337646432', true, '\x7b7d', 1541201217717, 1541201217717, '', 0, '{"x":0.18440938,"y":216.75865,"z":359.9938}'),
	('\x4265367930434c525236474c696a642d7551674d7241', '\x', '\x3571644d6a4b555051342d6f4f613752336c43577041', 'Chess Set Segment 31', '{"x":2.423129,"y":0.11,"z":3.1640804}', '{"x":1,"y":1,"z":1}', '\x66633762626236612d396234372d346631362d613765312d666230353235343261346262', true, '\x7b7d', 1540769664832, 1540769664832, '9Cfi7HpiS7eEC9uFblzy1w', 31, '{"y":270}'),
	('\x426f31513953372d537969435054515648386d524177', '\x', '\x384f70753869314b52684f446f4f512d724e705f4351', 'Chess Set Segment 15', '{"x":11.760984,"y":3.8211768,"z":0.23550594}', '{"x":1,"y":1,"z":1}', '\x66633762626236612d396234372d346631362d613765312d666230353235343261346262', true, '\x7b7d', 1540599892113, 1540599892113, 'tK698UsAQm2TtXZzgEQ2_g', 15, '{"y":90}'),
	('\x4274414f427269345130653558682d42613834445651', '\x', '\x65754f79705f4f6d534d4b73376a4552437979306a51', 'Stone', '{"x":-0.8763217,"y":0.36975652,"z":2.8294828}', '{"x":1,"y":1,"z":1}', '\x39373435363465352d636161652d343133382d623338342d643234376366623265623131', true, '\x7b7d', 1540590692458, 1540590692458, '', 0, '{"x":89.87805,"y":91.46936,"z":0.17773604}'),
	('\x427742324131616e526e474c363675306c5a786c4841', '\x', '\x384f70753869314b52684f446f4f512d724e705f4351', 'Chess Set Segment 14', '{"x":11.760984,"y":3.8211768,"z":-0.028494075}', '{"x":1,"y":1,"z":1}', '\x66633762626236612d396234372d346631362d613765312d666230353235343261346262', true, '\x7b7d', 1540599892113, 1540599892113, 'tK698UsAQm2TtXZzgEQ2_g', 14, '{"y":90}'),
	('\x43336c5f694a6f6b52304b4a4a454139504d41655677', '\x', '\x455043756c70555f5130476831646c4f763332336751', 'Stone', '{"x":3.867822,"y":-0.6329212,"z":-2.582494}', '{"x":1,"y":1,"z":1}', '\x39373435363465352d636161652d343133382d623338342d643234376366623265623131', true, '\x7b7d', 1540690858764, 1540690858764, '', 0, '{"x":-0.004886344,"y":79.43185,"z":359.98856}'),
	('\x43475f365751525352556d44324d4951495645483741', '\x', '\x4c66715161725f67512d43426a6761746e39704c7041', 'Book01', '{"x":-1.4112679,"y":-2.3841858e-7,"z":1.4171531}', '{"x":1,"y":1,"z":1}', '\x35323039333665362d616436312d346666622d396661382d643761326164306531393434', true, '\x7b7d', 1540448171485, 1540448171485, '', 0, '{}'),
	('\x435974474b2d496b53323243765f7961564f676b6f51', '\x6f554f57765844795253794a6b725131455959777451', '\x307a415a2d626b50515853586e7352577849456a4367', 'Harry Potter', '{"x":0,"y":0,"z":0}', '{"x":1,"y":1,"z":1}', '\x34343839333737322d613462662d346330392d626132382d646635393966356436373764', false, '\x7b7d', 1541114554048, 1541114554048, '', 0, '{"x":0,"y":0,"z":0}'),
	('\x436f3335416b6a585347614d69784c67512d31663367', '\x', '\x585f4164556d5138524269364562754e3261527a5a41', 'Chess Set Segment 4', '{"x":-0.754431,"y":5.4295526,"z":-2.491174}', '{"x":1,"y":1,"z":1}', '\x66633762626236612d396234372d346631362d613765312d666230353235343261346262', true, '\x7b7d', 1541007053892, 1541007053892, 'hAHOTQ4-RGKvD34J3aHW0Q', 4, '{"y":270}'),
	('\x43727a7174776e61526f7545464d6754485a75445751', '\x', '\x6a6d4959684f336d515761417a3579794777326d6567', 'Stone', '{"x":-0.22269674,"y":5.186383,"z":-1.9875634}', '{"x":1,"y":1,"z":1}', '\x39373435363465352d636161652d343133382d623338342d643234376366623265623131', true, '\x7b7d', 1540691450104, 1540691450104, '', 0, '{}'),
	('\x437578797a49745251494f6e727a773132354a6e7941', '\x', '\x766b5f324f426659517865795779633878496d6f5467', 'Chess Set Segment 10', '{"x":6.200504,"y":0.11,"z":-7.983779}', '{"x":1,"y":1,"z":1}', '\x66633762626236612d396234372d346631362d613765312d666230353235343261346262', true, '\x7b7d', 1540780431150, 1540780431150, 'GVDp5g6ETYmZD_FIzFuY6g', 10, '{"y":270}'),
	('\x43775039637938415150573544767758636a34746c77', '\x', '\x475349394e57486c526343714647326f796b2d647851', 'Painting 01', '{"x":1.9995716,"y":2.3841858e-7,"z":-0.041396618}', '{"x":1,"y":1,"z":1}', '\x39', true, '\x7b7d', 1540451793297, 1540451793297, '', 0, '{}'),
	('\x437857594977313054707570714d73494a43364e6567', '\x', '\x467850574d485147546b6555454b723439742d745841', 'Chess Set Segment 14', '{"x":1.2380801,"y":0.11,"z":0.2717583}', '{"x":1,"y":1,"z":1}', '\x66633762626236612d396234372d346631362d613765312d666230353235343261346262', true, '\x7b7d', 1540767048851, 1540767048851, 'dVUyRpj8SMCr4AeU-xx1Hg', 14, '{"y":90}');

INSERT INTO entities (id, user_id, space_id, display_name, "position", scale, asset_id, online, metadata, created_at, updated_at, group_id, segment_id, rotation) VALUES
	('\x44424e4a45487874516f32634f7576666a524e575f41', '\x', '\x467850574d485147546b6555454b723439742d745841', 'Chess Set Segment 2', '{"x":-0.23720379,"y":0.11,"z":-1.8818907}', '{"x":1,"y":1,"z":1}', '\x66633762626236612d396234372d346631362d613765312d666230353235343261346262', true, '\x7b7d', 1540767079879, 1540767079879, 'O_6FOUGUSeiWZp9YPMZN1w', 2, '{"y":270}'),
	('\x44436a5f553159635155715f376e3746765f6a315151', '\x', '\x3571644d6a4b555051342d6f4f613752336c43577041', 'Chess Set Segment 15', '{"x":0.8851292,"y":0.11,"z":2.9220805}', '{"x":1,"y":1,"z":1}', '\x66633762626236612d396234372d346631362d613765312d666230353235343261346262', true, '\x7b7d', 1540769664832, 1540769664832, '9Cfi7HpiS7eEC9uFblzy1w', 15, '{"y":90}'),
	('\x44505235434342415469755f616f5943414e61793577', '\x62454f695473507651354f5631574e797a4349386441', '\x3571644d6a4b555051342d6f4f613752336c43577041', 'Alfred Pennyworth', '{"x":0,"y":0,"z":0}', '{"x":1,"y":1,"z":1}', '\x34343839333737322d613462662d346330392d626132382d646635393966356436373764', false, '\x7b7d', 1540769746091, 1540769746091, '', 0, '{"x":0,"y":0,"z":0}'),
	('\x445932497a53757a54522d4f4c32444e696550477251', '\x', '\x384f70753869314b52684f446f4f512d724e705f4351', 'Chess Set Segment 21', '{"x":11.498984,"y":3.8211768,"z":-0.028494075}', '{"x":1,"y":1,"z":1}', '\x66633762626236612d396234372d346631362d613765312d666230353235343261346262', true, '\x7b7d', 1540599892113, 1540599892113, 'tK698UsAQm2TtXZzgEQ2_g', 21, '{"y":90}'),
	('\x446e4b4b62556b4852453270356951555f6553656e41', '\x', '\x3571644d6a4b555051342d6f4f613752336c43577041', 'Chess Set Segment 5', '{"x":2.1611292,"y":0.11,"z":2.4100804}', '{"x":1,"y":1,"z":1}', '\x66633762626236612d396234372d346631362d613765312d666230353235343261346262', true, '\x7b7d', 1540769664832, 1540769664832, '9Cfi7HpiS7eEC9uFblzy1w', 5, '{"y":270}'),
	('\x446e704c56486d515237794a504a4b484c706d396b51', '\x', '\x467850574d485147546b6555454b723439742d745841', 'Chess Set Segment 25', '{"x":0.9760801,"y":0.11,"z":-0.7432417}', '{"x":1,"y":1,"z":1}', '\x66633762626236612d396234372d346631362d613765312d666230353235343261346262', true, '\x7b7d', 1540767048851, 1540767048851, 'dVUyRpj8SMCr4AeU-xx1Hg', 25, '{"y":90}'),
	('\x45314a4873335846516b79796a78776f706673624c41', '\x', '\x384f70753869314b52684f446f4f512d724e705f4351', 'Chess Set Segment 2', '{"x":13.0369835,"y":3.8211768,"z":-1.0454941}', '{"x":1,"y":1,"z":1}', '\x66633762626236612d396234372d346631362d613765312d666230353235343261346262', true, '\x7b7d', 1540599892113, 1540599892113, 'tK698UsAQm2TtXZzgEQ2_g', 2, '{"y":270}'),
	('\x453337485a6b423051346d426c416c65647077565477', '\x', '\x513051327147782d534a2d62386e5732675842667251', '', '{"x":2.1479897,"y":0.00974524,"z":3.866074}', '{"x":1,"y":1,"z":1}', '\x3132', true, '\x7b22537461746963223a66616c73652c22436f6c6f72223a7b2272223a302e302c2267223a302e302c2262223a302e302c2261223a302e307d7d', 1538530592661, 1538530592661, '', 0, '{"x":-0.00090871885,"y":62.633163,"z":0.00020005195}'),
	('\x45336c334a6b6c5a545375625f384c37666647706541', '\x', '\x384f70753869314b52684f446f4f512d724e705f4351', 'Chess Set Segment 1', '{"x":13.298984,"y":3.8211768,"z":-1.0404941}', '{"x":1,"y":1,"z":1}', '\x66633762626236612d396234372d346631362d613765312d666230353235343261346262', true, '\x7b7d', 1540599892113, 1540599892113, 'tK698UsAQm2TtXZzgEQ2_g', 1, '{"y":270}'),
	('\x454274324961313551744f65322d3079314179694d41', '\x', '\x675a413775623938526a534772537145684161747751', 'Classic Round Table', '{"x":22.112017,"y":0.009838492,"z":1.1028812}', '{"x":1,"y":1,"z":1}', '\x33', true, '\x7b7d', 1541456604648, 1541456604648, '', 0, '{"x":0.00013752244,"y":260.12555,"z":0.00011528602}'),
	('\x45436e5978767668526c7577736e3278325263693241', '\x', '\x4a435f75776f325952632d36484f7647345434516177', 'Chess Set Segment 8', '{"x":2.6632142,"y":0.11,"z":-0.21623838}', '{"x":1,"y":1,"z":1}', '\x66633762626236612d396234372d346631362d613765312d666230353235343261346262', true, '\x7b7d', 1540512333481, 1540512333481, 'mk21pikbQkqHcEu5pL7EKA', 8, '{"y":270}'),
	('\x454b7067682d2d665355716f6451665635396f714451', '\x', '\x467850574d485147546b6555454b723439742d745841', 'Chess Set Segment 18', '{"x":-1.7752037,"y":0.11,"z":-0.10989064}', '{"x":1,"y":1,"z":1}', '\x66633762626236612d396234372d346631362d613765312d666230353235343261346262', true, '\x7b7d', 1540767079879, 1540767079879, 'O_6FOUGUSeiWZp9YPMZN1w', 18, '{"y":90}'),
	('\x456d7544576a6c4c516e4f7571376a5245384d364e67', '\x', '\x384f70753869314b52684f446f4f512d724e705f4351', 'Chess Set Segment 16', '{"x":11.760984,"y":3.8211768,"z":0.48050594}', '{"x":1,"y":1,"z":1}', '\x66633762626236612d396234372d346631362d613765312d666230353235343261346262', true, '\x7b7d', 1540599892113, 1540599892113, 'tK698UsAQm2TtXZzgEQ2_g', 16, '{"y":90}'),
	('\x46314e575578414452582d2d676c3869425079453277', '\x', '\x35506d444e59627352596d5366692d33464f63513541', 'Chess Set Segment 23', '{"x":-0.50983846,"y":5.352801,"z":-0.9028177}', '{"x":1,"y":1,"z":1}', '\x66633762626236612d396234372d346631362d613765312d666230353235343261346262', true, '\x7b7d', 1541180264252, 1541180264252, '_3vvB_CkQHi8doROiGBQlA', 23, '{"y":90}'),
	('\x465a4b4b4e597076534d7565664b782d505067755241', '\x', '\x4b69357a353554555272714d36532d41514162416767', 'Table02', '{"x":-0.7567827,"y":5.3772373,"z":-2.9377842}', '{"x":1,"y":1,"z":1}', '\x31353131393963612d633965352d346539392d616466642d666539646164646337646432', true, '\x7b7d', 1540762640750, 1540762640750, '', 0, '{"x":8.466221,"y":13.739331,"z":356.71603}'),
	('\x467a6f437a54515451456536675a6d68486b7a756877', '\x6949744d75516d515150693370695131575743693341', '\x796b617935785035516375687033536e7163334d5177', 'The Joker', '{"x":0,"y":0,"z":0}', '{"x":1,"y":1,"z":1}', '\x34343839333737322d613462662d346330392d626132382d646635393966356436373764', false, '\x7b7d', 1540579615187, 1540579615187, '', 0, '{"x":0,"y":0,"z":0}'),
	('\x474157654f684e355375616f54694e67597668706351', '\x', '\x467850574d485147546b6555454b723439742d745841', 'Chess Set Segment 23', '{"x":-1.7752037,"y":0.11,"z":-1.3758906}', '{"x":1,"y":1,"z":1}', '\x66633762626236612d396234372d346631362d613765312d666230353235343261346262', true, '\x7b7d', 1540767079879, 1540767079879, 'O_6FOUGUSeiWZp9YPMZN1w', 23, '{"y":90}'),
	('\x474449584157304b51754776686132696c7368577067', '\x', '\x585f4164556d5138524269364562754e3261527a5a41', 'Chess Set Segment 18', '{"x":-2.2924309,"y":5.4295526,"z":-1.241174}', '{"x":1,"y":1,"z":1}', '\x66633762626236612d396234372d346631362d613765312d666230353235343261346262', true, '\x7b7d', 1541007053892, 1541007053892, 'hAHOTQ4-RGKvD34J3aHW0Q', 18, '{"y":90}'),
	('\x4749323245746a59516175356c57645f456e376d4151', '\x', '\x4a435f75776f325952632d36484f7647345434516177', 'Chess Set Segment 9', '{"x":2.6632142,"y":0.11,"z":0.038761735}', '{"x":1,"y":1,"z":1}', '\x66633762626236612d396234372d346631362d613765312d666230353235343261346262', true, '\x7b7d', 1540512333481, 1540512333481, 'mk21pikbQkqHcEu5pL7EKA', 9, '{"y":270}'),
	('\x47494c4a5049797552726d3167546f4e5a53514a7567', '\x', '\x6a6d4959684f336d515761417a3579794777326d6567', 'Flower 04', '{"x":-1.9380968,"y":5.4341288,"z":-2.136385}', '{"x":1,"y":1,"z":1}', '\x3234', true, '\x7b7d', 1540691534504, 1540691534504, '', 0, '{"x":40.90175,"y":67.23199,"z":315.47476}'),
	('\x47586b687a7249425173755459555771564563766b41', '\x', '\x415f62595f727153543547524a613345417639333041', 'Croissant02', '{"x":"Infinity","y":"Infinity","z":"Infinity"}', '{"x":1,"y":1,"z":1}', '\x66653635626635652d383635332d346438352d386261382d376538333232626534306161', true, '\x7b7d', 1541201226555, 1541201226555, '', 0, '{"y":327.661}'),
	('\x47594258564f4f54547665626e4b674434326a6b4a51', '\x', '\x35506d444e59627352596d5366692d33464f63513541', 'Chess Set Segment 26', '{"x":-0.2478385,"y":5.352801,"z":-1.4068177}', '{"x":1,"y":1,"z":1}', '\x66633762626236612d396234372d346631362d613765312d666230353235343261346262', true, '\x7b7d', 1541180264252, 1541180264252, '_3vvB_CkQHi8doROiGBQlA', 26, '{"y":90}'),
	('\x475f3746344c7775527543346a67357151644f475367', '\x', '\x44706b6261546356544a4f346b756c5076496a765367', 'Table02', '{"x":2.5049818,"y":0.0077569485,"z":3.4896657}', '{"x":1,"y":1,"z":1}', '\x31353131393963612d633965352d346539392d616466642d666539646164646337646432', true, '\x7b7d', 1540529931461, 1540529931461, '', 0, '{"x":0.0022510309,"y":7.685424,"z":-0.00068789214}'),
	('\x475f6a7537527333533771334937757a374563717877', '\x', '\x467850574d485147546b6555454b723439742d745841', 'Chess Set Segment 19', '{"x":-1.7752037,"y":0.11,"z":-0.35589063}', '{"x":1,"y":1,"z":1}', '\x66633762626236612d396234372d346631362d613765312d666230353235343261346262', true, '\x7b7d', 1540767079879, 1540767079879, 'O_6FOUGUSeiWZp9YPMZN1w', 19, '{"y":90}'),
	('\x48346b6e704a506f51382d55754e50394158647a2d67', '\x', '\x3571644d6a4b555051342d6f4f613752336c43577041', 'Chess Set Segment 12', '{"x":0.8851292,"y":0.11,"z":2.1480803}', '{"x":1,"y":1,"z":1}', '\x66633762626236612d396234372d346631362d613765312d666230353235343261346262', true, '\x7b7d', 1540769664832, 1540769664832, '9Cfi7HpiS7eEC9uFblzy1w', 12, '{"y":90}'),
	('\x48586c336b555268514f575f777a634649306d376377', '\x', '\x3571644d6a4b555051342d6f4f613752336c43577041', 'Chess Set Segment 0', '{"x":1.5231293,"z":2.5290804}', '{"x":1,"y":1,"z":1}', '\x66633762626236612d396234372d346631362d613765312d666230353235343261346262', true, '\x7b7d', 1540769664832, 1540769664832, '9Cfi7HpiS7eEC9uFblzy1w', 0, '{}'),
	('\x485f7730347a71535442616a685a325f5837422d6841', '\x', '\x4c66715161725f67512d43426a6761746e39704c7041', 'Maden Statue', '{"x":0.4907168,"z":1.938865}', '{"x":1,"y":1,"z":1}', '\x3132', true, '\x7b7d', 1540447754170, 1540447754170, '', 0, '{}'),
	('\x4863446d656b5174526f7537756370684f752d374d77', '\x', '\x467850574d485147546b6555454b723439742d745841', 'Chess Set Segment 2', '{"x":2.51408,"y":0.11,"z":-0.74524176}', '{"x":1,"y":1,"z":1}', '\x66633762626236612d396234372d346631362d613765312d666230353235343261346262', true, '\x7b7d', 1540767048851, 1540767048851, 'dVUyRpj8SMCr4AeU-xx1Hg', 2, '{"y":270}'),
	('\x4866366e5252492d5250436159314979384773696351', '\x', '\x44706b6261546356544a4f346b756c5076496a765367', 'Blackjack', '{"x":-2.2763782,"y":-2.3841858e-7,"z":1.008567}', '{"x":1,"y":1,"z":1}', '\x38', true, '\x7b7d', 1540519923778, 1540519923778, '', 0, '{}'),
	('\x4866583559704d7654775744577a49466c4a4a746367', '\x', '\x585f4164556d5138524269364562754e3261527a5a41', 'Chess Set Segment 28', '{"x":-0.49243104,"y":5.4295526,"z":-2.2521741}', '{"x":1,"y":1,"z":1}', '\x66633762626236612d396234372d346631362d613765312d666230353235343261346262', true, '\x7b7d', 1541007053892, 1541007053892, 'hAHOTQ4-RGKvD34J3aHW0Q', 28, '{"y":270}'),
	('\x486f676b4534776854662d413449383632306d6e5941', '\x', '\x616930544e4133305344695151315151546f756f7741', 'Chess Set Segment 3', '{"x":2.637909,"y":13.931638,"z":-0.605857}', '{"x":1,"y":1,"z":1}', '\x66633762626236612d396234372d346631362d613765312d666230353235343261346262', true, '\x7b7d', 1541006424847, 1541006424847, 'PsmrnIKOSJC9gIk9AZUUVA', 3, '{"y":270}'),
	('\x4871733563727a75536843747a567457714b736e4c67', '\x', '\x616930544e4133305344695151315151546f756f7741', 'Chess Set Segment 2', '{"x":2.637909,"y":13.931638,"z":-0.868857}', '{"x":1,"y":1,"z":1}', '\x66633762626236612d396234372d346631362d613765312d666230353235343261346262', true, '\x7b7d', 1541006424847, 1541006424847, 'PsmrnIKOSJC9gIk9AZUUVA', 2, '{"y":270}'),
	('\x49314d4250466144546e57695a39392d763748774841', '\x', '\x35506d444e59627352596d5366692d33464f63513541', 'Chess Set Segment 11', '{"x":-0.2478385,"y":5.352801,"z":-1.1568177}', '{"x":1,"y":1,"z":1}', '\x66633762626236612d396234372d346631362d613765312d666230353235343261346262', true, '\x7b7d', 1541180264252, 1541180264252, '_3vvB_CkQHi8doROiGBQlA', 11, '{"y":90}'),
	('\x4957744463675142516f71427a7a6345675f55304567', '\x', '\x384f70753869314b52684f446f4f512d724e705f4351', 'Chess Set Segment 11', '{"x":11.760984,"y":3.8211768,"z":-0.79349405}', '{"x":1,"y":1,"z":1}', '\x66633762626236612d396234372d346631362d613765312d666230353235343261346262', true, '\x7b7d', 1540599892113, 1540599892113, 'tK698UsAQm2TtXZzgEQ2_g', 11, '{"y":90}'),
	('\x4965326f6136667252655734494f6237333276483441', '\x', '\x467850574d485147546b6555454b723439742d745841', 'Chess Set Segment 0', '{"x":3.7948532,"y":-293982.62,"z":-0.6999384}', '{"x":1,"y":1,"z":1}', '\x66633762626236612d396234372d346631362d613765312d666230353235343261346262', true, '\x7b7d', 1540767048851, 1540767048851, 'dVUyRpj8SMCr4AeU-xx1Hg', 0, '{}'),
	('\x4972304a356c4a33544e796265376f7341775f475551', '\x', '\x467850574d485147546b6555454b723439742d745841', 'Chess Set Segment 30', '{"x":2.7760801,"y":0.11,"z":-0.4862418}', '{"x":1,"y":1,"z":1}', '\x66633762626236612d396234372d346631362d613765312d666230353235343261346262', true, '\x7b7d', 1540767048851, 1540767048851, 'dVUyRpj8SMCr4AeU-xx1Hg', 30, '{"y":270}'),
	('\x49774f73736f784f5238326d6b71346a567650586c41', '\x', '\x4478753466667153524843784d796769766d4e496e51', 'Blackjack', '{"x":0.2973172,"y":-0.6429696,"z":1.9777771}', '{"x":1,"y":1,"z":1}', '\x38', true, '\x7b7d', 1540834156674, 1540834156674, '', 0, '{}'),
	('\x4a45787474426f6a51584f5a6948455a4a6246616951', '\x', '\x76794d455574722d5379435955637151343853593441', 'Foliage Plant', '{"x":4.226107,"y":5.2967086,"z":0.5538105}', '{"x":1,"y":1,"z":1}', '\x3135', true, '\x7b7d', 1540494186364, 1540494186364, '', 0, '{}'),
	('\x4a4e322d394e5f305366694250553454322d42654841', '\x', '\x616930544e4133305344695151315151546f756f7741', 'Chess Set Segment 18', '{"x":1.0999088,"y":13.931638,"z":0.903143}', '{"x":1,"y":1,"z":1}', '\x66633762626236612d396234372d346631362d613765312d666230353235343261346262', true, '\x7b7d', 1541006424847, 1541006424847, 'PsmrnIKOSJC9gIk9AZUUVA', 18, '{"y":90}'),
	('\x4a614d5f7774557652645750764453466f3936693577', '\x', '\x616930544e4133305344695151315151546f756f7741', 'Chess Set Segment 13', '{"x":1.3619088,"y":13.931638,"z":-0.10685702}', '{"x":1,"y":1,"z":1}', '\x66633762626236612d396234372d346631362d613765312d666230353235343261346262', true, '\x7b7d', 1541006424847, 1541006424847, 'PsmrnIKOSJC9gIk9AZUUVA', 13, '{"y":90}'),
	('\x4a6358666868436f526f6d6b326c4d4f5747477a3577', '\x', '\x467850574d485147546b6555454b723439742d745841', 'Chess Set Segment 13', '{"x":-1.5132039,"y":0.11,"z":-1.1198907}', '{"x":1,"y":1,"z":1}', '\x66633762626236612d396234372d346631362d613765312d666230353235343261346262', true, '\x7b7d', 1540767079879, 1540767079879, 'O_6FOUGUSeiWZp9YPMZN1w', 13, '{"y":90}'),
	('\x4a6b5a3033707172535261465a534b65684f4b547251', '\x', '\x544364576658697654392d566a416831494b4f446841', 'Table02', '{"x":5.9604945,"y":6.6403303,"z":0.85279334}', '{"x":1,"y":1,"z":1}', '\x31353131393963612d633965352d346539392d616466642d666539646164646337646432', true, '\x7b7d', 1541115052834, 1541115052834, '', 0, '{"x":357.6934,"y":64.21745,"z":174.47098}'),
	('\x4a7263416e764569534b65325650346533544f654251', '\x', '\x455043756c70555f5130476831646c4f763332336751', 'Classic Round Table', '{"x":5.6429424,"y":-0.31438833,"z":-2.4626734}', '{"x":1,"y":1,"z":1}', '\x33', true, '\x7b7d', 1540690826073, 1540690826073, '', 0, '{"x":42.058582,"y":266.05386,"z":65.54367}'),
	('\x4b3949696b6468415233714b53704b495a6763517341', '\x', '\x467850574d485147546b6555454b723439742d745841', 'Chess Set Segment 9', '{"x":-0.23720379,"y":0.11,"z":-0.10089052}', '{"x":1,"y":1,"z":1}', '\x66633762626236612d396234372d346631362d613765312d666230353235343261346262', true, '\x7b7d', 1540767079879, 1540767079879, 'O_6FOUGUSeiWZp9YPMZN1w', 9, '{"y":270}'),
	('\x4b45344834665062526c71696a33623837726a656777', '\x', '\x766b5f324f426659517865795779633878496d6f5467', 'Chess Set Segment 12', '{"x":4.6625037,"y":0.11,"z":-9.258779}', '{"x":1,"y":1,"z":1}', '\x66633762626236612d396234372d346631362d613765312d666230353235343261346262', true, '\x7b7d', 1540780431150, 1540780431150, 'GVDp5g6ETYmZD_FIzFuY6g', 12, '{"y":90}'),
	('\x4b554453764b5655535057626b3746704b7a4a5f7777', '\x', '\x513051327147782d534a2d62386e5732675842667251', '', '{"x":0.5361979,"y":0.00978291,"z":7.8210053}', '{"x":1,"y":1,"z":1}', '\x3135', true, '\x7b22537461746963223a66616c73652c22436f6c6f72223a7b2272223a302e302c2267223a302e302c2262223a302e302c2261223a302e307d7d', 1538530598689, 1538530598689, '', 0, '{"x":359.98105,"y":293.92294,"z":-0.004376736}'),
	('\x4b5777537779704e5471326f77625a4861302d374767', '\x', '\x35506d444e59627352596d5366692d33464f63513541', 'Chess Set Segment 25', '{"x":-0.50983846,"y":5.352801,"z":-1.4068177}', '{"x":1,"y":1,"z":1}', '\x66633762626236612d396234372d346631362d613765312d666230353235343261346262', true, '\x7b7d', 1541180264252, 1541180264252, '_3vvB_CkQHi8doROiGBQlA', 25, '{"y":90}'),
	('\x4b6566797143474251412d55555f656b4964666c6e77', '\x', '\x35506d444e59627352596d5366692d33464f63513541', 'Chess Set Segment 19', '{"x":-0.50983846,"y":5.352801,"z":0.117182255}', '{"x":1,"y":1,"z":1}', '\x66633762626236612d396234372d346631362d613765312d666230353235343261346262', true, '\x7b7d', 1541180264252, 1541180264252, '_3vvB_CkQHi8doROiGBQlA', 19, '{"y":90}'),
	('\x4b6e634f6a58476e514d475572304869784a504c4551', '\x', '\x677048674d75317554507144554a4c316c594e6f5877', 'Croissant02', '{"x":-1.5841806,"y":2.3830726,"z":1.8848078}', '{"x":1,"y":1,"z":1}', '\x66653635626635652d383635332d346438352d386261382d376538333232626534306161', true, '\x7b7d', 1541119363397, 1541119363397, '', 0, '{"y":307.6187}'),
	('\x4b6e77554867625f5358576a77483357386a586a5741', '\x', '\x467850574d485147546b6555454b723439742d745841', 'Chess Set Segment 6', '{"x":-0.88399994,"y":0.24986139,"z":-1.3916456}', '{"x":1,"y":1,"z":1}', '\x66633762626236612d396234372d346631362d613765312d666230353235343261346262', true, '\x7b7d', 1540767079879, 1540767079879, 'O_6FOUGUSeiWZp9YPMZN1w', 6, '{"x":62.553154,"y":66.283516,"z":247.82983}'),
	('\x4b75513635506d72536e4757535954684b356d4b6c51', '\x', '\x4a435f75776f325952632d36484f7647345434516177', 'Chess Set Segment 22', '{"x":1.1252142,"y":0.11,"z":-0.9802384}', '{"x":1,"y":1,"z":1}', '\x66633762626236612d396234372d346631362d613765312d666230353235343261346262', true, '\x7b7d', 1540512333481, 1540512333481, 'mk21pikbQkqHcEu5pL7EKA', 22, '{"y":90}'),
	('\x4c4276504b78773653444b7465667442563175537741', '\x', '\x677048674d75317554507144554a4c316c594e6f5877', 'Table02', '{"x":-1.5841806,"y":1.2052863,"z":1.8848078}', '{"x":1,"y":1,"z":1}', '\x31353131393963612d633965352d346539392d616466642d666539646164646337646432', true, '\x7b7d', 1541119203316, 1541119203316, '', 0, '{"y":307.6187}'),
	('\x4c485345794d625853454b34764652514e6244774151', '\x', '\x467850574d485147546b6555454b723439742d745841', 'Arcade Shooter', '{"x":3.3530827,"y":2.3841858e-7,"z":3.7766254}', '{"x":1,"y":1,"z":1}', '\x31646264373739642d346662332d343963632d396162302d376562306431633637393230', true, '\x7b7d', 1540767127078, 1540767127078, '', 0, '{}'),
	('\x4c57433166767267545636444f6f41725948414b4767', '\x', '\x455043756c70555f5130476831646c4f763332336751', 'Barrel02', '{"x":-0.26577985,"y":-0.2768483,"z":-1.2278678}', '{"x":1,"y":1,"z":1}', '\x35316564323331372d633631662d346661612d393836622d316163386434336632386238', true, '\x7b7d', 1540690793926, 1540690793926, '', 0, '{"x":315.4972,"y":247.383,"z":100.71102}'),
	('\x4d3078547a44685a547243664243654b4f354f446167', '\x', '\x616930544e4133305344695151315151546f756f7741', 'Chess Set Segment 15', '{"x":1.3619088,"y":13.931638,"z":0.412143}', '{"x":1,"y":1,"z":1}', '\x66633762626236612d396234372d346631362d613765312d666230353235343261346262', true, '\x7b7d', 1541006424847, 1541006424847, 'PsmrnIKOSJC9gIk9AZUUVA', 15, '{"y":90}'),
	('\x4d4256632d4b476f51315742726d6e664b7369675067', '\x', '\x39356b4c42426d445252434b6259386b74454b5a5267', '', '{"x":200.21782,"y":26.613335,"z":216.83218}', '{"x":2.9899983,"y":2.9899983,"z":2.9899983}', '\x35316564323331372d633631662d346661612d393836622d316163386434336632386238', true, '\x7b22537461746963223a66616c73652c22436f6c6f72223a7b2272223a302e302c2267223a302e302c2262223a302e302c2261223a302e307d7d', 1536882459996, 1536882459996, '', 0, '{"x":6.525549,"y":70.03765,"z":5.376061}'),
	('\x4d4b59667973576d53444f4f2d6876536f456d2d5451', '\x', '\x616930544e4133305344695151315151546f756f7741', 'Chess Set Segment 14', '{"x":1.3619088,"y":13.931638,"z":0.14814298}', '{"x":1,"y":1,"z":1}', '\x66633762626236612d396234372d346631362d613765312d666230353235343261346262', true, '\x7b7d', 1541006424847, 1541006424847, 'PsmrnIKOSJC9gIk9AZUUVA', 14, '{"y":90}'),
	('\x4d526d4c534b6441544f2d567247566c7a7359375f67', '\x', '\x616930544e4133305344695151315151546f756f7741', 'Barrel02', '{"x":-0.091235586,"y":14.488248,"z":1.9979179}', '{"x":1,"y":1,"z":1}', '\x35316564323331372d633631662d346661612d393836622d316163386434336632386238', true, '\x7b7d', 1541006384233, 1541006384233, '', 0, '{}'),
	('\x4d6568324b5a4366523665684e7a5651533938475341', '\x5171795632684b33524f4b346a6d4c50595667433151', '\x4a435f75776f325952632d36484f7647345434516177', 'Ron Weasley', '{"x":0,"y":0,"z":0}', '{"x":1,"y":1,"z":1}', '\x34343839333737322d613462662d346330392d626132382d646635393966356436373764', false, '\x7b7d', 1540514860343, 1540514860343, '', 0, '{"x":0,"y":0,"z":0}'),
	('\x4d674a35765544715179696e4b622d62444c66656c41', '\x', '\x513051327147782d534a2d62386e5732675842667251', '', '{"x":9.423602,"y":-1370.6942,"z":-8.471939}', '{"x":1,"y":1,"z":1}', '\x35323039333665362d616436312d346666622d396661382d643761326164306531393434', true, '\x7b22537461746963223a66616c73652c22436f6c6f72223a7b2272223a302e302c2267223a302e302c2262223a302e302c2261223a302e307d7d', 1538529215110, 1538529215110, '', 0, '{"x":344.24097,"y":123.61464,"z":192.3061}'),
	('\x4d6845693075774353533275526b6f2d715f4d6c7777', '\x', '\x4a435f75776f325952632d36484f7647345434516177', 'Chess Set Segment 30', '{"x":2.9252143,"y":0.11,"z":-1.4832385}', '{"x":1,"y":1,"z":1}', '\x66633762626236612d396234372d346631362d613765312d666230353235343261346262', true, '\x7b7d', 1540512333481, 1540512333481, 'mk21pikbQkqHcEu5pL7EKA', 30, '{"y":270}'),
	('\x4d684f4d5a6d727453692d774c627a4d4a6e634e7067', '\x', '\x35506d444e59627352596d5366692d33464f63513541', 'Chess Set Segment 31', '{"x":1.2901615,"y":5.352801,"z":0.114182234}', '{"x":1,"y":1,"z":1}', '\x66633762626236612d396234372d346631362d613765312d666230353235343261346262', true, '\x7b7d', 1541180264252, 1541180264252, '_3vvB_CkQHi8doROiGBQlA', 31, '{"y":270}'),
	('\x4d7a33574b495a59534169366b464f704c4662674967', '\x', '\x513051327147782d534a2d62386e5732675842667251', '', '{"x":-2.2208977,"y":0.022819169,"z":-1.6879482}', '{"x":1,"y":1,"z":1}', '\x66396366313265382d383830662d346331362d616537342d633065323431313032376530', true, '\x7b22537461746963223a66616c73652c22436f6c6f72223a7b2272223a302e302c2267223a302e302c2262223a302e302c2261223a302e307d7d', 1538529282143, 1538529282143, '', 0, '{}'),
	('\x4d7a53664d58516a52367534732d332d423636576d77', '\x', '\x475349394e57486c526343714647326f796b2d647851', 'Barrel02', '{"x":0.19552976,"z":-1.9904194}', '{"x":1,"y":1,"z":1}', '\x35316564323331372d633631662d346661612d393836622d316163386434336632386238', true, '\x7b7d', 1540451746343, 1540451746343, '', 0, '{}'),
	('\x4e3356346750394d5374755a596b6848634e33504d51', '\x', '\x384f70753869314b52684f446f4f512d724e705f4351', 'Chess Set Segment 4', '{"x":13.0369835,"y":3.8211768,"z":-0.52349406}', '{"x":1,"y":1,"z":1}', '\x66633762626236612d396234372d346631362d613765312d666230353235343261346262', true, '\x7b7d', 1540599892113, 1540599892113, 'tK698UsAQm2TtXZzgEQ2_g', 4, '{"y":270}'),
	('\x4e424367656832315431714a354f6949785065337151', '\x', '\x467850574d485147546b6555454b723439742d745841', 'Chess Set Segment 26', '{"x":1.2380801,"y":0.11,"z":-0.7432417}', '{"x":1,"y":1,"z":1}', '\x66633762626236612d396234372d346631362d613765312d666230353235343261346262', true, '\x7b7d', 1540767048851, 1540767048851, 'dVUyRpj8SMCr4AeU-xx1Hg', 26, '{"y":90}'),
	('\x4e45424135413037546a6555716967596b69627a3641', '\x', '\x4a435f75776f325952632d36484f7647345434516177', 'Chess Set Segment 2', '{"x":2.6632142,"y":0.11,"z":-1.7422384}', '{"x":1,"y":1,"z":1}', '\x66633762626236612d396234372d346631362d613765312d666230353235343261346262', true, '\x7b7d', 1540512333481, 1540512333481, 'mk21pikbQkqHcEu5pL7EKA', 2, '{"y":270}'),
	('\x4e487a5f763178535261364d756d5374493066676d51', '\x', '\x544364576658697654392d566a416831494b4f446841', 'Painting 02', '{"x":11.16209,"y":15.350591,"z":0.70935917}', '{"x":1,"y":1,"z":1}', '\x3130', true, '\x7b7d', 1541115084178, 1541115084178, '', 0, '{"y":69.80391}'),
	('\x4e504c50474a52555271756857764978435a2d4a3151', '\x', '\x467850574d485147546b6555454b723439742d745841', 'Chess Set Segment 24', '{"x":0.9760801,"y":0.11,"z":-0.49324176}', '{"x":1,"y":1,"z":1}', '\x66633762626236612d396234372d346631362d613765312d666230353235343261346262', true, '\x7b7d', 1540767048851, 1540767048851, 'dVUyRpj8SMCr4AeU-xx1Hg', 24, '{"y":90}'),
	('\x4e654d42423762365267536b4e594367775553727577', '\x', '\x3571644d6a4b555051342d6f4f613752336c43577041', 'Chess Set Segment 2', '{"x":2.1611292,"y":0.11,"z":1.6410804}', '{"x":1,"y":1,"z":1}', '\x66633762626236612d396234372d346631362d613765312d666230353235343261346262', true, '\x7b7d', 1540769664832, 1540769664832, '9Cfi7HpiS7eEC9uFblzy1w', 2, '{"y":270}'),
	('\x4e79656d52357551536d615762614970795a33357767', '\x', '\x4a435f75776f325952632d36484f7647345434516177', 'Chess Set Segment 7', '{"x":2.6632142,"y":0.11,"z":-0.4632384}', '{"x":1,"y":1,"z":1}', '\x66633762626236612d396234372d346631362d613765312d666230353235343261346262', true, '\x7b7d', 1540512333481, 1540512333481, 'mk21pikbQkqHcEu5pL7EKA', 7, '{"y":270}'),
	('\x4e7a336c2d764a36527861434d375641463956597141', '\x', '\x585f4164556d5138524269364562754e3261527a5a41', 'Chess Set Segment 26', '{"x":-2.030431,"y":5.4295526,"z":-3.011174}', '{"x":1,"y":1,"z":1}', '\x66633762626236612d396234372d346631362d613765312d666230353235343261346262', true, '\x7b7d', 1541007053892, 1541007053892, 'hAHOTQ4-RGKvD34J3aHW0Q', 26, '{"y":90}'),
	('\x4f4a59785645527a546b4f5935367766637778554141', '\x', '\x585f4164556d5138524269364562754e3261527a5a41', 'Chess Set Segment 30', '{"x":-0.49243104,"y":5.4295526,"z":-2.754174}', '{"x":1,"y":1,"z":1}', '\x66633762626236612d396234372d346631362d613765312d666230353235343261346262', true, '\x7b7d', 1541007053892, 1541007053892, 'hAHOTQ4-RGKvD34J3aHW0Q', 30, '{"y":270}'),
	('\x4f547732364e4d5f53456170354b4b536742314f7967', '\x', '\x467850574d485147546b6555454b723439742d745841', 'Chess Set Segment 31', '{"x":2.7760801,"y":0.11,"z":0.77775824}', '{"x":1,"y":1,"z":1}', '\x66633762626236612d396234372d346631362d613765312d666230353235343261346262', true, '\x7b7d', 1540767048851, 1540767048851, 'dVUyRpj8SMCr4AeU-xx1Hg', 31, '{"y":270}'),
	('\x4f636174554d36385166656a716e3739346e414f6277', '\x', '\x3571644d6a4b555051342d6f4f613752336c43577041', 'Chess Set Segment 4', '{"x":2.1611292,"y":0.11,"z":2.1630805}', '{"x":1,"y":1,"z":1}', '\x66633762626236612d396234372d346631362d613765312d666230353235343261346262', true, '\x7b7d', 1540769664832, 1540769664832, '9Cfi7HpiS7eEC9uFblzy1w', 4, '{"y":270}'),
	('\x502d614d35474839526e6d47684761304746534b3941', '\x2d766375336b596151342d366b574667554e41656741', '\x4478753466667153524843784d796769766d4e496e51', 'jokererer', '{"x":0,"y":0,"z":0}', '{"x":1,"y":1,"z":1}', '\x34343839333737322d613462662d346330392d626132382d646635393966356436373764', false, '\x7b7d', 1540834085397, 1540834085397, '', 0, '{"x":0,"y":0,"z":0}'),
	('\x5034617450347a695263797465644863544f35664251', '\x', '\x585f4164556d5138524269364562754e3261527a5a41', 'Chess Set Segment 2', '{"x":-0.754431,"y":5.4295526,"z":-3.013174}', '{"x":1,"y":1,"z":1}', '\x66633762626236612d396234372d346631362d613765312d666230353235343261346262', true, '\x7b7d', 1541007053892, 1541007053892, 'hAHOTQ4-RGKvD34J3aHW0Q', 2, '{"y":270}'),
	('\x50473542614c727253497539737742655953665f6341', '\x6f554f57765844795253794a6b725131455959777451', '\x4436336f2d4567385356476b66327459594252747667', 'Harry Potter', '{"x":0,"y":0,"z":0}', '{"x":1,"y":1,"z":1}', '\x34343839333737322d613462662d346330392d626132382d646635393966356436373764', false, '\x7b7d', 1540775060209, 1540775060209, '', 0, '{"x":0,"y":0,"z":0}'),
	('\x504c31575133496654574f3761333732347544715551', '\x', '\x384f70753869314b52684f446f4f512d724e705f4351', 'Chess Set Segment 17', '{"x":11.760984,"y":3.8211768,"z":0.7405058}', '{"x":1,"y":1,"z":1}', '\x66633762626236612d396234372d346631362d613765312d666230353235343261346262', true, '\x7b7d', 1540599892113, 1540599892113, 'tK698UsAQm2TtXZzgEQ2_g', 17, '{"y":90}'),
	('\x50554f4859664d505472367436356d65664537304867', '\x', '\x307a415a2d626b50515853586e7352577849456a4367', 'Table02', '{"x":"Infinity","y":"Infinity","z":"Infinity"}', '{"x":1,"y":1,"z":1}', '\x31353131393963612d633965352d346539392d616466642d666539646164646337646432', true, '\x7b7d', 1541199990285, 1541199990285, '', 0, '{"y":39.184006}'),
	('\x5059677a3178615a516757376d5f5851366261507741', '\x', '\x3571644d6a4b555051342d6f4f613752336c43577041', 'Chess Set Segment 20', '{"x":0.62312925,"y":0.11,"z":2.9090805}', '{"x":1,"y":1,"z":1}', '\x66633762626236612d396234372d346631362d613765312d666230353235343261346262', true, '\x7b7d', 1540769664832, 1540769664832, '9Cfi7HpiS7eEC9uFblzy1w', 20, '{"y":90}'),
	('\x5065436b376171785163537a6e7134484c4661515051', '\x', '\x513051327147782d534a2d62386e5732675842667251', '', '{"x":-8.758145,"y":-6568.794,"z":-12.152415}', '{"x":1,"y":1,"z":1}', '\x39616338343465632d383539392d343135612d386334622d396164366362396661643634', true, '\x7b22537461746963223a66616c73652c22436f6c6f72223a7b2272223a302e302c2267223a302e302c2262223a302e302c2261223a302e307d7d', 1538529323184, 1538529323184, '', 0, '{}'),
	('\x5066697042575774537775347570776b643771555077', '\x', '\x616930544e4133305344695151315151546f756f7741', 'Chess Set Segment 22', '{"x":1.0999088,"y":13.931638,"z":-0.10685702}', '{"x":1,"y":1,"z":1}', '\x66633762626236612d396234372d346631362d613765312d666230353235343261346262', true, '\x7b7d', 1541006424847, 1541006424847, 'PsmrnIKOSJC9gIk9AZUUVA', 22, '{"y":90}'),
	('\x506856325969354c5170367455345452564744626e51', '\x', '\x384f70753869314b52684f446f4f512d724e705f4351', 'Chess Set Segment 18', '{"x":11.498984,"y":3.8211768,"z":0.72650594}', '{"x":1,"y":1,"z":1}', '\x66633762626236612d396234372d346631362d613765312d666230353235343261346262', true, '\x7b7d', 1540599892113, 1540599892113, 'tK698UsAQm2TtXZzgEQ2_g', 18, '{"y":90}'),
	('\x506c656a71305f57516c36345271494a706272744a67', '\x62454f695473507651354f5631574e797a4349386441', '\x415f62595f727153543547524a613345417639333041', 'Alfred Pennyworth', '{"x":0,"y":0,"z":0}', '{"x":1,"y":1,"z":1}', '\x34343839333737322d613462662d346330392d626132382d646635393966356436373764', false, '\x7b7d', 1541201211471, 1541201211471, '', 0, '{"x":0,"y":0,"z":0}'),
	('\x50764a694836392d5370652d474e6c71745374457841', '\x', '\x467850574d485147546b6555454b723439742d745841', 'Chess Set Segment 20', '{"x":-1.7752037,"y":0.11,"z":-0.61389065}', '{"x":1,"y":1,"z":1}', '\x66633762626236612d396234372d346631362d613765312d666230353235343261346262', true, '\x7b7d', 1540767079879, 1540767079879, 'O_6FOUGUSeiWZp9YPMZN1w', 20, '{"y":90}'),
	('\x50786b4c3064414c54775343324b666d527155773367', '\x', '\x467850574d485147546b6555454b723439742d745841', 'Chess Set Segment 18', '{"x":0.9760801,"y":0.11,"z":1.0267582}', '{"x":1,"y":1,"z":1}', '\x66633762626236612d396234372d346631362d613765312d666230353235343261346262', true, '\x7b7d', 1540767048851, 1540767048851, 'dVUyRpj8SMCr4AeU-xx1Hg', 18, '{"y":90}'),
	('\x5137794f776668365256795833786f75486a58754d67', '\x', '\x513051327147782d534a2d62386e5732675842667251', '', '{"x":-14.299519,"y":0.039030097,"z":-16.16168}', '{"x":1,"y":1,"z":1}', '\x3231', true, '\x7b22537461746963223a66616c73652c22436f6c6f72223a7b2272223a302e302c2267223a302e302c2262223a302e302c2261223a302e307d7d', 1538529458367, 1538529458367, '', 0, '{}'),
	('\x51443948336c49505433437564676f524e3850315951', '\x', '\x4d4c6f6543476b4b536c69666d6d58306e6a37347241', 'Table02', '{"x":-0.29871953,"z":1.129025}', '{"x":1,"y":1,"z":1}', '\x31353131393963612d633965352d346539392d616466642d666539646164646337646432', true, '\x7b7d', 1540594517086, 1540594517086, '', 0, '{}'),
	('\x51484333687a7737534b7969656f786d696b686f6b51', '\x', '\x766a71464e356d6a5436577a494f6d617066787a4b51', 'Table02', '{"x":-1.6806248,"y":5.2652698,"z":-1.0842047}', '{"x":1,"y":1,"z":1}', '\x31353131393963612d633965352d346539392d616466642d666539646164646337646432', true, '\x7b7d', 1540689683727, 1540689683727, '', 0, '{}'),
	('\x514b444374544b79544265647a52687258796a6d6977', '\x', '\x585f4164556d5138524269364562754e3261527a5a41', 'Chess Set Segment 13', '{"x":-2.030431,"y":5.4295526,"z":-2.251174}', '{"x":1,"y":1,"z":1}', '\x66633762626236612d396234372d346631362d613765312d666230353235343261346262', true, '\x7b7d', 1541007053892, 1541007053892, 'hAHOTQ4-RGKvD34J3aHW0Q', 13, '{"y":90}'),
	('\x51513276324e414f5174695970376530575363365a51', '\x', '\x467850574d485147546b6555454b723439742d745841', 'Chess Set Segment 1', '{"x":0.024796188,"y":0.11,"z":-1.8768905}', '{"x":1,"y":1,"z":1}', '\x66633762626236612d396234372d346631362d613765312d666230353235343261346262', true, '\x7b7d', 1540767079879, 1540767079879, 'O_6FOUGUSeiWZp9YPMZN1w', 1, '{"y":270}'),
	('\x5152786c39624770526c71327772725362686b466541', '\x', '\x766b5f324f426659517865795779633878496d6f5467', 'Chess Set Segment 30', '{"x":6.200504,"y":0.11,"z":-9.506779}', '{"x":1,"y":1,"z":1}', '\x66633762626236612d396234372d346631362d613765312d666230353235343261346262', true, '\x7b7d', 1540780431150, 1540780431150, 'GVDp5g6ETYmZD_FIzFuY6g', 30, '{"y":270}'),
	('\x51596f6d434a344553526d367264734a44352d374441', '\x', '\x384f70753869314b52684f446f4f512d724e705f4351', 'Chess Set Segment 7', '{"x":13.0369835,"y":3.8211768,"z":0.23350593}', '{"x":1,"y":1,"z":1}', '\x66633762626236612d396234372d346631362d613765312d666230353235343261346262', true, '\x7b7d', 1540599892113, 1540599892113, 'tK698UsAQm2TtXZzgEQ2_g', 7, '{"y":270}'),
	('\x516b427966444d7253786171574750556f79784b4351', '\x', '\x384f70753869314b52684f446f4f512d724e705f4351', 'Chess Set Segment 10', '{"x":13.298984,"y":3.8211768,"z":0.7365059}', '{"x":1,"y":1,"z":1}', '\x66633762626236612d396234372d346631362d613765312d666230353235343261346262', true, '\x7b7d', 1540599892113, 1540599892113, 'tK698UsAQm2TtXZzgEQ2_g', 10, '{"y":270}'),
	('\x52336a6c5935536e5270537459757655733971316d51', '\x', '\x384f70753869314b52684f446f4f512d724e705f4351', 'Chess Set Segment 31', '{"x":13.298984,"y":3.8211768,"z":0.47750592}', '{"x":1,"y":1,"z":1}', '\x66633762626236612d396234372d346631362d613765312d666230353235343261346262', true, '\x7b7d', 1540599892113, 1540599892113, 'tK698UsAQm2TtXZzgEQ2_g', 31, '{"y":270}'),
	('\x5236454778445471535357654134564271496e353551', '\x', '\x384f70753869314b52684f446f4f512d724e705f4351', 'Chess Set Segment 28', '{"x":13.298984,"y":3.8211768,"z":-0.28449407}', '{"x":1,"y":1,"z":1}', '\x66633762626236612d396234372d346631362d613765312d666230353235343261346262', true, '\x7b7d', 1540599892113, 1540599892113, 'tK698UsAQm2TtXZzgEQ2_g', 28, '{"y":270}'),
	('\x524457314d5a52535358326273334b6b4678596e7051', '\x', '\x35506d444e59627352596d5366692d33464f63513541', 'Chess Set Segment 13', '{"x":-0.2478385,"y":5.352801,"z":-0.64681774}', '{"x":1,"y":1,"z":1}', '\x66633762626236612d396234372d346631362d613765312d666230353235343261346262', true, '\x7b7d', 1541180264252, 1541180264252, '_3vvB_CkQHi8doROiGBQlA', 13, '{"y":90}'),
	('\x524f7562426677535174757a4b7137434d386c526a51', '\x', '\x4a435f75776f325952632d36484f7647345434516177', 'Chess Set Segment 13', '{"x":1.3872142,"y":0.11,"z":-0.9802384}', '{"x":1,"y":1,"z":1}', '\x66633762626236612d396234372d346631362d613765312d666230353235343261346262', true, '\x7b7d', 1540512333481, 1540512333481, 'mk21pikbQkqHcEu5pL7EKA', 13, '{"y":90}'),
	('\x52547450355236555232654a6e686677493579655151', '\x62454f695473507651354f5631574e797a4349386441', '\x4a435f75776f325952632d36484f7647345434516177', 'Barrel02', '{"x":-2.6856055,"y":0.3661583,"z":3.0871503}', '{"x":1,"y":1,"z":1}', '\x35316564323331372d633631662d346661612d393836622d316163386434336632386238', true, '\x7b7d', 1540503982080, 1540503982080, '', 0, '{"x":73.207085,"y":152.5192,"z":242.66821}');

INSERT INTO entities (id, user_id, space_id, display_name, "position", scale, asset_id, online, metadata, created_at, updated_at, group_id, segment_id, rotation) VALUES
	('\x52707961665971675339614834654f395f595f756c77', '\x', '\x384f70753869314b52684f446f4f512d724e705f4351', 'Chess Set Segment 13', '{"x":11.760984,"y":3.8211768,"z":-0.28349406}', '{"x":1,"y":1,"z":1}', '\x66633762626236612d396234372d346631362d613765312d666230353235343261346262', true, '\x7b7d', 1540599892113, 1540599892113, 'tK698UsAQm2TtXZzgEQ2_g', 13, '{"y":90}'),
	('\x527457336c696e2d53545779785038326d6378715f51', '\x', '\x467850574d485147546b6555454b723439742d745841', 'Chess Set Segment 22', '{"x":0.9760801,"y":0.11,"z":0.016758248}', '{"x":1,"y":1,"z":1}', '\x66633762626236612d396234372d346631362d613765312d666230353235343261346262', true, '\x7b7d', 1540767048851, 1540767048851, 'dVUyRpj8SMCr4AeU-xx1Hg', 22, '{"y":90}'),
	('\x527465716f4573625443612d7978526c317846726367', '\x', '\x616930544e4133305344695151315151546f756f7741', 'Chess Set Segment 25', '{"x":1.0999088,"y":13.931638,"z":-0.866857}', '{"x":1,"y":1,"z":1}', '\x66633762626236612d396234372d346631362d613765312d666230353235343261346262', true, '\x7b7d', 1541006424847, 1541006424847, 'PsmrnIKOSJC9gIk9AZUUVA', 25, '{"y":90}'),
	('\x5353754b33353757533436457645436664396e643551', '\x', '\x44706b6261546356544a4f346b756c5076496a765367', 'Barrel02', '{"x":1.1648406,"y":0.36619473,"z":2.859402}', '{"x":1,"y":1,"z":1}', '\x35316564323331372d633631662d346661612d393836622d316163386434336632386238', true, '\x7b7d', 1540530220009, 1540530220009, '', 0, '{"x":345.12234,"y":172.73285,"z":262.10632}'),
	('\x54456871627a354d514b4f4b5677584d417234627167', '\x6949744d75516d515150693370695131575743693341', '\x455043756c70555f5130476831646c4f763332336751', 'The Joker', '{"x":0,"y":0,"z":0}', '{"x":1,"y":1,"z":1}', '\x34343839333737322d613462662d346330392d626132382d646635393966356436373764', false, '\x7b7d', 1540749440514, 1540749440514, '', 0, '{"x":0,"y":0,"z":0}'),
	('\x544b38785f556774536571435836786e75584b673851', '\x', '\x467850574d485147546b6555454b723439742d745841', 'Chess Set Segment 7', '{"x":2.51408,"y":0.11,"z":0.5337583}', '{"x":1,"y":1,"z":1}', '\x66633762626236612d396234372d346631362d613765312d666230353235343261346262', true, '\x7b7d', 1540767048851, 1540767048851, 'dVUyRpj8SMCr4AeU-xx1Hg', 7, '{"y":270}'),
	('\x544c665650416653546653547a4165316e6f4d467367', '\x', '\x513051327147782d534a2d62386e5732675842667251', '', '{"x":-16.132786,"y":0.6100009,"z":-13.005572}', '{"x":1,"y":1,"z":1}', '\x3139', true, '\x7b22537461746963223a66616c73652c22436f6c6f72223a7b2272223a302e302c2267223a302e302c2262223a302e302c2261223a302e307d7d', 1538529716645, 1538529716645, '', 0, '{}'),
	('\x545339596163534151417563424843744c644c306277', '\x', '\x384f70753869314b52684f446f4f512d724e705f4351', 'Chess Set Segment 23', '{"x":11.498984,"y":3.8211768,"z":-0.53949404}', '{"x":1,"y":1,"z":1}', '\x66633762626236612d396234372d346631362d613765312d666230353235343261346262', true, '\x7b7d', 1540599892113, 1540599892113, 'tK698UsAQm2TtXZzgEQ2_g', 23, '{"y":90}'),
	('\x54626a586273715a516d5357576539424a5271736277', '\x', '\x513051327147782d534a2d62386e5732675842667251', '', '{"x":5.780074,"y":-94.5081,"z":-3.7409952}', '{"x":1,"y":1,"z":1}', '\x64666336363664342d643731362d346166322d613566652d393530316264323536626233', true, '\x7b22537461746963223a66616c73652c22436f6c6f72223a7b2272223a302e302c2267223a302e302c2262223a302e302c2261223a302e307d7d', 1538529239486, 1538529239486, '', 0, '{"x":90,"y":279.9156}'),
	('\x5462752d4f73396f533979464b6d4651456b33576677', '\x', '\x616930544e4133305344695151315151546f756f7741', 'Chess Set Segment 28', '{"x":2.8999088,"y":13.931638,"z":-0.10785702}', '{"x":1,"y":1,"z":1}', '\x66633762626236612d396234372d346631362d613765312d666230353235343261346262', true, '\x7b7d', 1541006424847, 1541006424847, 'PsmrnIKOSJC9gIk9AZUUVA', 28, '{"y":270}'),
	('\x5464637446764c56517671334f504654464b6f666551', '\x', '\x3571644d6a4b555051342d6f4f613752336c43577041', 'Chess Set Segment 27', '{"x":2.423129,"y":0.11,"z":2.1470804}', '{"x":1,"y":1,"z":1}', '\x66633762626236612d396234372d346631362d613765312d666230353235343261346262', true, '\x7b7d', 1540769664832, 1540769664832, '9Cfi7HpiS7eEC9uFblzy1w', 27, '{"y":270}'),
	('\x5542445032714f39516875634b546547576168797167', '\x', '\x616930544e4133305344695151315151546f756f7741', 'Chess Set Segment 26', '{"x":1.3619088,"y":13.931638,"z":-0.866857}', '{"x":1,"y":1,"z":1}', '\x66633762626236612d396234372d346631362d613765312d666230353235343261346262', true, '\x7b7d', 1541006424847, 1541006424847, 'PsmrnIKOSJC9gIk9AZUUVA', 26, '{"y":90}'),
	('\x55486a2d52715645545f575a67537072596f4a625f41', '\x', '\x31544f6761396a545278363452674272367766696467', 'Blackjack', '{"x":14.228872,"y":3.5707746,"z":0.495236}', '{"x":1,"y":1,"z":1}', '\x38', false, '\x7b7d', 1540335104014, 1540335104014, '', 0, '{}'),
	('\x5553387479686862525857784e3839494a6873514e77', '\x', '\x585f4164556d5138524269364562754e3261527a5a41', 'Chess Set Segment 29', '{"x":-0.49243104,"y":5.4295526,"z":-1.9956295}', '{"x":1,"y":1,"z":1}', '\x66633762626236612d396234372d346631362d613765312d666230353235343261346262', true, '\x7b7d', 1541007053892, 1541007053892, 'hAHOTQ4-RGKvD34J3aHW0Q', 29, '{"y":270}'),
	('\x55535f44707a6671525543506d6a75646a7530504651', '\x', '\x4a435f75776f325952632d36484f7647345434516177', 'Chess Set Segment 12', '{"x":1.3872142,"y":0.11,"z":-1.2352384}', '{"x":1,"y":1,"z":1}', '\x66633762626236612d396234372d346631362d613765312d666230353235343261346262', true, '\x7b7d', 1540512333481, 1540512333481, 'mk21pikbQkqHcEu5pL7EKA', 12, '{"y":90}'),
	('\x5555423736397078536c6d4a31307279616958495651', '\x', '\x65754f79705f4f6d534d4b73376a4552437979306a51', 'Arcade Shooter', '{"x":2.7221088,"z":-3.5673437}', '{"x":1,"y":1,"z":1}', '\x31646264373739642d346662332d343963632d396162302d376562306431633637393230', true, '\x7b7d', 1540591068516, 1540591068516, '', 0, '{}'),
	('\x555866306a687144535471756958536d773935715841', '\x', '\x5a2d743934366b41545a2d4b506e6744326138773751', 'Barrel02', '{"x":2.9494956,"z":7.116047}', '{"x":1,"y":1,"z":1}', '\x35316564323331372d633631662d346661612d393836622d316163386434336632386238', true, '\x7b7d', 1540597131787, 1540597131787, '', 0, '{}'),
	('\x5630445148654c35546e2d7066346e4b574d674a4341', '\x', '\x455043756c70555f5130476831646c4f763332336751', 'Barrel02', '{"x":2.30843,"y":-0.6329694,"z":-2.4464426}', '{"x":1,"y":1,"z":1}', '\x35316564323331372d633631662d346661612d393836622d316163386434336632386238', true, '\x7b7d', 1540749077377, 1540749077377, '', 0, '{"x":0.00039108176,"y":25.823175,"z":-0.00035838026}'),
	('\x563231736f79417152584b795366546446566d4c3141', '\x', '\x35506d444e59627352596d5366692d33464f63513541', 'Chess Set Segment 1', '{"x":1.2901615,"y":5.352801,"z":-1.4038178}', '{"x":1,"y":1,"z":1}', '\x66633762626236612d396234372d346631362d613765312d666230353235343261346262', true, '\x7b7d', 1541180264252, 1541180264252, '_3vvB_CkQHi8doROiGBQlA', 1, '{"y":270}'),
	('\x563348666279677a5238364e764a74346765376b6551', '\x', '\x4a435f75776f325952632d36484f7647345434516177', 'Chess Set Segment 27', '{"x":2.9252143,"y":0.11,"z":-1.2362384}', '{"x":1,"y":1,"z":1}', '\x66633762626236612d396234372d346631362d613765312d666230353235343261346262', true, '\x7b7d', 1540512333481, 1540512333481, 'mk21pikbQkqHcEu5pL7EKA', 27, '{"y":270}'),
	('\x5641674e4b705854522d7567634b5853534a65793051', '\x', '\x467850574d485147546b6555454b723439742d745841', 'Chess Set Segment 5', '{"x":2.51408,"y":0.11,"z":0.023758247}', '{"x":1,"y":1,"z":1}', '\x66633762626236612d396234372d346631362d613765312d666230353235343261346262', true, '\x7b7d', 1540767048851, 1540767048851, 'dVUyRpj8SMCr4AeU-xx1Hg', 5, '{"y":270}'),
	('\x5643383179653053543032556463566b4b7534503977', '\x', '\x76794d455574722d5379435955637151343853593441', 'Barrel02', '{"x":13.317359,"y":3.9397068,"z":0.7398759}', '{"x":1,"y":1,"z":1}', '\x35316564323331372d633631662d346661612d393836622d316163386434336632386238', true, '\x7b7d', 1540494335154, 1540494335154, '', 0, '{"x":17.188797,"y":31.428911,"z":99.411705}'),
	('\x5654635f35626a4f5231324557494344526c43685641', '\x', '\x35506d444e59627352596d5366692d33464f63513541', 'Chess Set Segment 21', '{"x":-0.50983846,"y":5.352801,"z":-0.39181775}', '{"x":1,"y":1,"z":1}', '\x66633762626236612d396234372d346631362d613765312d666230353235343261346262', true, '\x7b7d', 1541180264252, 1541180264252, '_3vvB_CkQHi8doROiGBQlA', 21, '{"y":90}'),
	('\x565f396b75386850544136563659767a765349513177', '\x', '\x467850574d485147546b6555454b723439742d745841', 'Chess Set Segment 15', '{"x":1.6617126,"y":0.110476576,"z":0.29684064}', '{"x":1,"y":1,"z":1}', '\x66633762626236612d396234372d346631362d613765312d666230353235343261346262', true, '\x7b7d', 1540767048851, 1540767048851, 'dVUyRpj8SMCr4AeU-xx1Hg', 15, '{"x":34.622128,"y":205.66162,"z":252.1999}'),
	('\x5664315031586458532d6976494c7a474a4253444551', '\x', '\x694e54347842416254507178696a456c675558644277', 'Barrel02', '{"x":3.9444156,"y":14.203864,"z":0.98202556}', '{"x":1,"y":1,"z":1}', '\x35316564323331372d633631662d346661612d393836622d316163386434336632386238', true, '\x7b7d', 1541025068910, 1541025068910, '', 0, '{"y":83.13972}'),
	('\x566863774d5945375453434536745946694a554d6851', '\x', '\x35506d444e59627352596d5366692d33464f63513541', 'Chess Set Segment 0', '{"x":0.3901615,"y":5.2428007,"z":-0.52081776}', '{"x":1,"y":1,"z":1}', '\x66633762626236612d396234372d346631362d613765312d666230353235343261346262', true, '\x7b7d', 1541180264252, 1541180264252, '_3vvB_CkQHi8doROiGBQlA', 0, '{}'),
	('\x5676373139354c625358716c734a6f71485639663477', '\x', '\x384f70753869314b52684f446f4f512d724e705f4351', 'Chess Set Segment 24', '{"x":11.498984,"y":3.8211768,"z":-0.79349405}', '{"x":1,"y":1,"z":1}', '\x66633762626236612d396234372d346631362d613765312d666230353235343261346262', true, '\x7b7d', 1540599892113, 1540599892113, 'tK698UsAQm2TtXZzgEQ2_g', 24, '{"y":90}'),
	('\x5735766839684d77524b4742506c386e41536d625567', '\x', '\x616930544e4133305344695151315151546f756f7741', 'Chess Set Segment 32', '{"x":2.8999088,"y":13.931638,"z":0.40814298}', '{"x":1,"y":1,"z":1}', '\x66633762626236612d396234372d346631362d613765312d666230353235343261346262', true, '\x7b7d', 1541006424847, 1541006424847, 'PsmrnIKOSJC9gIk9AZUUVA', 32, '{"y":270}'),
	('\x574a386b6f737977526553432d344a6c375976435141', '\x6f554f57765844795253794a6b725131455959777451', '\x7a3350733352317351446d6b415666784c3333644751', 'Harry Potter', '{"x":0,"y":0,"z":0}', '{"x":1,"y":1,"z":1}', '\x34343839333737322d613462662d346330392d626132382d646635393966356436373764', false, '\x7b7d', 1540423805602, 1540423805602, '', 0, '{"x":0,"y":0,"z":0}'),
	('\x5756496844425a6e53737578454337636c6865336c77', '\x', '\x415f62595f727153543547524a613345417639333041', 'Table02', '{"x":203.72256,"y":28.363436,"z":206.64908}', '{"x":1,"y":1,"z":1}', '\x31353131393963612d633965352d346539392d616466642d666539646164646337646432', true, '\x7b7d', 1541201215183, 1541201215183, '', 0, '{"x":0.0012772655,"y":353.39166,"z":0.00022773638}'),
	('\x575a704339374a6e526e7561484d2d6364775f714977', '\x', '\x384f70753869314b52684f446f4f512d724e705f4351', 'Chess Set Segment 0', '{"x":12.398984,"y":3.7111769,"z":-0.15749407}', '{"x":1,"y":1,"z":1}', '\x66633762626236612d396234372d346631362d613765312d666230353235343261346262', true, '\x7b7d', 1540599892113, 1540599892113, 'tK698UsAQm2TtXZzgEQ2_g', 0, '{}'),
	('\x57624937514132325353533646547852537175474241', '\x', '\x616930544e4133305344695151315151546f756f7741', 'Arcade Shooter', '{"x":1.9997718,"y":17.206596,"z":-0.030236483}', '{"x":1,"y":1,"z":1}', '\x31646264373739642d346662332d343963632d396162302d376562306431633637393230', true, '\x7b7d', 1541006414466, 1541006414466, '', 0, '{}'),
	('\x58386c4d696a5276536279624a30656978722d484977', '\x', '\x616930544e4133305344695151315151546f756f7741', 'Chess Set Segment 19', '{"x":1.0999088,"y":13.931638,"z":0.657143}', '{"x":1,"y":1,"z":1}', '\x66633762626236612d396234372d346631362d613765312d666230353235343261346262', true, '\x7b7d', 1541006424847, 1541006424847, 'PsmrnIKOSJC9gIk9AZUUVA', 19, '{"y":90}'),
	('\x584936554e4c43395471693179594c36345355797177', '\x', '\x576c49526164543051396d6c6f445778776e61573677', 'Barrel02', '{"x":-1.1562935,"y":13.732312,"z":1.6318657}', '{"x":1,"y":1,"z":1}', '\x35316564323331372d633631662d346661612d393836622d316163386434336632386238', true, '\x7b7d', 1541007167327, 1541007167327, '', 0, '{}'),
	('\x5861595f7539664153492d6159535230335a556f6377', '\x', '\x384f70753869314b52684f446f4f512d724e705f4351', 'Chess Set Segment 12', '{"x":11.760984,"y":3.8211768,"z":-0.5384941}', '{"x":1,"y":1,"z":1}', '\x66633762626236612d396234372d346631362d613765312d666230353235343261346262', true, '\x7b7d', 1540599892113, 1540599892113, 'tK698UsAQm2TtXZzgEQ2_g', 12, '{"y":90}'),
	('\x58646b6c726d595153335751615953436d31684b7067', '\x', '\x4a435f75776f325952632d36484f7647345434516177', 'Chess Set Segment 14', '{"x":1.3872142,"y":0.11,"z":-0.7252384}', '{"x":1,"y":1,"z":1}', '\x66633762626236612d396234372d346631362d613765312d666230353235343261346262', true, '\x7b7d', 1540512333481, 1540512333481, 'mk21pikbQkqHcEu5pL7EKA', 14, '{"y":90}'),
	('\x5865657034356a35537165614a526c504b67664c6267', '\x', '\x467850574d485147546b6555454b723439742d745841', 'Chess Set Segment 3', '{"x":-0.23720379,"y":0.11,"z":-1.6188906}', '{"x":1,"y":1,"z":1}', '\x66633762626236612d396234372d346631362d613765312d666230353235343261346262', true, '\x7b7d', 1540767079879, 1540767079879, 'O_6FOUGUSeiWZp9YPMZN1w', 3, '{"y":270}'),
	('\x586c70676f364835525847484c67792d695f76626451', '\x6f554f57765844795253794a6b725131455959777451', '\x415f62595f727153543547524a613345417639333041', 'Harry Potter', '{"x":0,"y":0,"z":0}', '{"x":1,"y":1,"z":1}', '\x34343839333737322d613462662d346330392d626132382d646635393966356436373764', false, '\x7b7d', 1541113186104, 1541113186104, '', 0, '{"x":0,"y":0,"z":0}'),
	('\x5870616c6c453645534c75434c79426a613079735867', '\x', '\x35506d444e59627352596d5366692d33464f63513541', 'Chess Set Segment 32', '{"x":1.2901615,"y":5.352801,"z":-0.13181776}', '{"x":1,"y":1,"z":1}', '\x66633762626236612d396234372d346631362d613765312d666230353235343261346262', true, '\x7b7d', 1541180264252, 1541180264252, '_3vvB_CkQHi8doROiGBQlA', 32, '{"y":270}'),
	('\x58713930492d5f63524375656d595979344146654477', '\x', '\x513051327147782d534a2d62386e5732675842667251', '', '{"x":-13.383003,"y":0.0100182295,"z":-12.489406}', '{"x":1,"y":1,"z":1}', '\x3134', true, '\x7b22537461746963223a66616c73652c22436f6c6f72223a7b2272223a302e302c2267223a302e302c2262223a302e302c2261223a302e307d7d', 1538530606094, 1538530606094, '', 0, '{"x":0.0007473278,"y":27.87616,"z":0.000582688}'),
	('\x5930534e6643574452484b32562d6f6d596d48426677', '\x', '\x384f70753869314b52684f446f4f512d724e705f4351', 'Chess Set Segment 30', '{"x":13.298984,"y":3.8211768,"z":-0.7864941}', '{"x":1,"y":1,"z":1}', '\x66633762626236612d396234372d346631362d613765312d666230353235343261346262', true, '\x7b7d', 1540599892113, 1540599892113, 'tK698UsAQm2TtXZzgEQ2_g', 30, '{"y":270}'),
	('\x5938706463756673534132674d4755676a5a37497141', '\x', '\x384f70753869314b52684f446f4f512d724e705f4351', 'Chess Set Segment 6', '{"x":13.0369835,"y":3.8211768,"z":-0.017494068}', '{"x":1,"y":1,"z":1}', '\x66633762626236612d396234372d346631362d613765312d666230353235343261346262', true, '\x7b7d', 1540599892113, 1540599892113, 'tK698UsAQm2TtXZzgEQ2_g', 6, '{"y":270}'),
	('\x594142757a587531525153715779365a484f4b4f6177', '\x', '\x3571644d6a4b555051342d6f4f613752336c43577041', 'Chess Set Segment 13', '{"x":0.8851292,"y":0.11,"z":2.4030805}', '{"x":1,"y":1,"z":1}', '\x66633762626236612d396234372d346631362d613765312d666230353235343261346262', true, '\x7b7d', 1540769664832, 1540769664832, '9Cfi7HpiS7eEC9uFblzy1w', 13, '{"y":90}'),
	('\x594450665031456a51535356656267487347505a5851', '\x', '\x467850574d485147546b6555454b723439742d745841', 'Chess Set Segment 16', '{"x":-1.5132039,"y":0.11,"z":-0.35589063}', '{"x":1,"y":1,"z":1}', '\x66633762626236612d396234372d346631362d613765312d666230353235343261346262', true, '\x7b7d', 1540767079879, 1540767079879, 'O_6FOUGUSeiWZp9YPMZN1w', 16, '{"y":90}'),
	('\x594a72314674546e5471324d43646d4e4662786b3341', '\x', '\x4a435f75776f325952632d36484f7647345434516177', 'Chess Set Segment 18', '{"x":2.6258821,"y":0.15781097,"z":-0.75703627}', '{"x":1,"y":1,"z":1}', '\x66633762626236612d396234372d346631362d613765312d666230353235343261346262', true, '\x7b7d', 1540512333481, 1540512333481, 'mk21pikbQkqHcEu5pL7EKA', 18, '{"x":-0.00035006355,"y":128.77011,"z":0.00019342118}'),
	('\x596769746d377357525047386e316136736952454b51', '\x45614d4750427642524179784f626134462d30724341', '\x513051327147782d534a2d62386e5732675842667251', 'Hermione Granger', '{"x":3.187987,"y":0.0149998665,"z":-0.8533476}', '{"x":1,"y":1,"z":1}', '\x34343839333737322d613462662d346330392d626132382d646635393966356436373764', false, '\x7b7d', 1536702628747, 1536702628747, '', 0, '{}'),
	('\x596c576a3531596f5458366b672d686c336542664e41', '\x', '\x585f4164556d5138524269364562754e3261527a5a41', 'Chess Set Segment 27', '{"x":-0.49243104,"y":5.4295526,"z":-2.507174}', '{"x":1,"y":1,"z":1}', '\x66633762626236612d396234372d346631362d613765312d666230353235343261346262', true, '\x7b7d', 1541007053892, 1541007053892, 'hAHOTQ4-RGKvD34J3aHW0Q', 27, '{"y":270}'),
	('\x596f5967784338775372326d4f79676f6a6e69745951', '\x62454f695473507651354f5631574e797a4349386441', '\x796b617935785035516375687033536e7163334d5177', 'Alfred Pennyworth', '{"x":0,"y":0,"z":0}', '{"x":1,"y":1,"z":1}', '\x34343839333737322d613462662d346330392d626132382d646635393966356436373764', false, '\x7b7d', 1540507541383, 1540507541383, '', 0, '{"x":0,"y":0,"z":0}'),
	('\x59756b6c6b6d7a44516b6d424e517450346c36453877', '\x', '\x467850574d485147546b6555454b723439742d745841', 'Chess Set Segment 5', '{"x":-0.23720379,"y":0.11,"z":-1.1128906}', '{"x":1,"y":1,"z":1}', '\x66633762626236612d396234372d346631362d613765312d666230353235343261346262', true, '\x7b7d', 1540767079879, 1540767079879, 'O_6FOUGUSeiWZp9YPMZN1w', 5, '{"y":270}'),
	('\x5977356b7a4c326b515247337469616138336a6f7577', '\x', '\x513051327147782d534a2d62386e5732675842667251', '', '{"x":-17.396358,"y":0.06640392,"z":-15.2508955}', '{"x":1,"y":1,"z":1}', '\x3232', true, '\x7b22537461746963223a66616c73652c22436f6c6f72223a7b2272223a302e302c2267223a302e302c2262223a302e302c2261223a302e307d7d', 1538529365510, 1538529365510, '', 0, '{}'),
	('\x597a387875572d5151772d2d536c72556c717a4f3241', '\x', '\x513051327147782d534a2d62386e5732675842667251', '', '{"x":-12.145077,"y":0.010054827,"z":-12.507284}', '{"x":1,"y":1,"z":1}', '\x36', true, '\x7b22537461746963223a66616c73652c22436f6c6f72223a7b2272223a302e302c2267223a302e302c2262223a302e302c2261223a302e307d7d', 1538529570154, 1538529570154, '', 0, '{"x":359.9587,"y":349.90695,"z":0.014731826}'),
	('\x597a515875496942534c43394b52334b307a6b326351', '\x', '\x3571644d6a4b555051342d6f4f613752336c43577041', 'Chess Set Segment 29', '{"x":2.423129,"y":0.11,"z":2.658625}', '{"x":1,"y":1,"z":1}', '\x66633762626236612d396234372d346631362d613765312d666230353235343261346262', true, '\x7b7d', 1540769664832, 1540769664832, '9Cfi7HpiS7eEC9uFblzy1w', 29, '{"y":270}'),
	('\x5a34555759523051534253574d4370305a3742667667', '\x', '\x4478753466667153524843784d796769766d4e496e51', 'Arcade Shooter', '{"x":-1.0493718,"y":-0.6429696,"z":1.7025918}', '{"x":1,"y":1,"z":1}', '\x31646264373739642d346662332d343963632d396162302d376562306431633637393230', true, '\x7b7d', 1540834188499, 1540834188499, '', 0, '{}'),
	('\x5a427843724435515258714d376255337a4f52517151', '\x', '\x467850574d485147546b6555454b723439742d745841', 'Chess Set Segment 11', '{"x":-1.5132039,"y":0.11,"z":-1.6298907}', '{"x":1,"y":1,"z":1}', '\x66633762626236612d396234372d346631362d613765312d666230353235343261346262', true, '\x7b7d', 1540767079879, 1540767079879, 'O_6FOUGUSeiWZp9YPMZN1w', 11, '{"y":90}'),
	('\x5a464b42574a7a6553544b334e3076686b4c55633767', '\x', '\x467850574d485147546b6555454b723439742d745841', 'Chess Set Segment 22', '{"x":-1.7752037,"y":0.11,"z":-1.1198907}', '{"x":1,"y":1,"z":1}', '\x66633762626236612d396234372d346631362d613765312d666230353235343261346262', true, '\x7b7d', 1540767079879, 1540767079879, 'O_6FOUGUSeiWZp9YPMZN1w', 22, '{"y":90}'),
	('\x5a47646362454f7a5256474f535138636a4174594767', '\x', '\x513051327147782d534a2d62386e5732675842667251', '', '{"x":3.447944,"y":0.009838849,"z":-0.027607296}', '{"x":1,"y":1,"z":1}', '\x33', true, '\x7b22537461746963223a66616c73652c22436f6c6f72223a7b2272223a302e302c2267223a302e302c2262223a302e302c2261223a302e307d7d', 1538529689961, 1538529689961, '', 0, '{"x":0.000012834339,"y":59.81175,"z":-8.822718e-7}'),
	('\x5a4a78447071674a5374716e365753664e514a704551', '\x', '\x4a435f75776f325952632d36484f7647345434516177', 'Chess Set Segment 0', '{"x":2.0252142,"y":-7.450581e-9,"z":-0.85423845}', '{"x":1,"y":1,"z":1}', '\x66633762626236612d396234372d346631362d613765312d666230353235343261346262', true, '\x7b7d', 1540512333481, 1540512333481, 'mk21pikbQkqHcEu5pL7EKA', 0, '{}'),
	('\x5a5f36537032716f516c43686c34475249335a776167', '\x', '\x467850574d485147546b6555454b723439742d745841', 'Chess Set Segment 11', '{"x":1.2380801,"y":0.11,"z":-0.49324176}', '{"x":1,"y":1,"z":1}', '\x66633762626236612d396234372d346631362d613765312d666230353235343261346262', true, '\x7b7d', 1540767048851, 1540767048851, 'dVUyRpj8SMCr4AeU-xx1Hg', 11, '{"y":90}'),
	('\x5a5f67592d4e4e61516f2d6832475a54553459585877', '\x', '\x513051327147782d534a2d62386e5732675842667251', '', '{"x":1.9766473,"y":-1282.6296,"z":24.203463}', '{"x":0.25,"y":0.25,"z":0.25}', '\x31', true, '\x7b22537461746963223a66616c73652c22436f6c6f72223a7b2272223a302e302c2267223a302e302c2262223a302e302c2261223a302e307d7d', 1539816449522, 1539816449522, '', 0, '{"x":349.12524,"y":34.42846,"z":14.167561}'),
	('\x5a6553336130306552394738325052395f61764f7041', '\x', '\x616930544e4133305344695151315151546f756f7741', 'Chess Set Segment 27', '{"x":2.8999088,"y":13.931638,"z":-0.362857}', '{"x":1,"y":1,"z":1}', '\x66633762626236612d396234372d346631362d613765312d666230353235343261346262', true, '\x7b7d', 1541006424847, 1541006424847, 'PsmrnIKOSJC9gIk9AZUUVA', 27, '{"y":270}'),
	('\x5a674f576e37556b524a366f4c6f7a64463237503341', '\x', '\x44706b6261546356544a4f346b756c5076496a765367', 'Blackjack', '{"x":0.5640424,"z":-1.406263}', '{"x":1,"y":1,"z":1}', '\x38', true, '\x7b7d', 1540528747323, 1540528747323, '', 0, '{}'),
	('\x5f374a47675247745337477468565638693850496567', '\x', '\x766b5f324f426659517865795779633878496d6f5467', 'Chess Set Segment 20', '{"x":4.4005036,"y":0.11,"z":-8.497779}', '{"x":1,"y":1,"z":1}', '\x66633762626236612d396234372d346631362d613765312d666230353235343261346262', true, '\x7b7d', 1540780431150, 1540780431150, 'GVDp5g6ETYmZD_FIzFuY6g', 20, '{"y":90}'),
	('\x5f41443949474167526d3635735f7831424d59617767', '\x', '\x513051327147782d534a2d62386e5732675842667251', '', '{"x":13.03939,"y":-155.45448,"z":15.868317}', '{"x":1,"y":1,"z":1}', '\x3131', true, '\x7b22537461746963223a66616c73652c22436f6c6f72223a7b2272223a302e302c2267223a302e302c2262223a302e302c2261223a302e307d7d', 1538529664006, 1538529664006, '', 0, '{"x":44.811382,"y":269.02698,"z":354.27106}'),
	('\x5f444d736c6930525148653754794b763661554d3767', '\x', '\x384f70753869314b52684f446f4f512d724e705f4351', 'Chess Set Segment 32', '{"x":13.298984,"y":3.8211768,"z":0.23150593}', '{"x":1,"y":1,"z":1}', '\x66633762626236612d396234372d346631362d613765312d666230353235343261346262', true, '\x7b7d', 1540599892113, 1540599892113, 'tK698UsAQm2TtXZzgEQ2_g', 32, '{"y":270}'),
	('\x5f47346562335932526a714974656742444475766d41', '\x', '\x766b5f324f426659517865795779633878496d6f5467', 'Chess Set Segment 11', '{"x":4.6625037,"y":0.11,"z":-9.513779}', '{"x":1,"y":1,"z":1}', '\x66633762626236612d396234372d346631362d613765312d666230353235343261346262', true, '\x7b7d', 1540780431150, 1540780431150, 'GVDp5g6ETYmZD_FIzFuY6g', 11, '{"y":90}'),
	('\x5f475f2d7a38334d5372324e384a694835465f387241', '\x', '\x415f62595f727153543547524a613345417639333041', 'Barrel02', '{"x":204.67383,"y":28.553368,"z":205.68645}', '{"x":1,"y":1,"z":1}', '\x35316564323331372d633631662d346661612d393836622d316163386434336632386238', true, '\x7b7d', 1541201223005, 1541201223005, '', 0, '{"x":349.7852,"y":311.2089,"z":7.525716}'),
	('\x5f4c65396e77536e534e4b327956596e696778733241', '\x', '\x576c49526164543051396d6c6f445778776e61573677', 'Kitchen Table02', '{"x":2.3176336,"y":14.266371,"z":-1.6279659}', '{"x":1,"y":1,"z":1}', '\x61343135303037312d323964342d343433372d623630362d356361663830666264643634', true, '\x7b7d', 1541007187279, 1541007187279, '', 0, '{}'),
	('\x5f63566a5758513053314f754f4266716a3532794577', '\x6f554f57765844795253794a6b725131455959777451', '\x766a71464e356d6a5436577a494f6d617066787a4b51', 'Harry Potter', '{"x":0,"y":0,"z":0}', '{"x":1,"y":1,"z":1}', '\x34343839333737322d613462662d346330392d626132382d646635393966356436373764', false, '\x7b7d', 1540689660335, 1540689660335, '', 0, '{"x":0,"y":0,"z":0}'),
	('\x5f70507a6d52753853427176362d4f5f733754642d51', '\x', '\x35506d444e59627352596d5366692d33464f63513541', 'Croissant02', '{"x":-54.10527,"y":-0.008785399,"z":58.860123}', '{"x":1,"y":1,"z":1}', '\x66653635626635652d383635332d346438352d386261382d376538333232626534306161', true, '\x7b7d', 1541179941058, 1541179941058, '', 0, '{"x":0.28212,"y":224.48204,"z":0.5674443}'),
	('\x5f706266693343635141696a696842683573777a2d77', '\x', '\x467850574d485147546b6555454b723439742d745841', 'Chess Set Segment 19', '{"x":0.9760801,"y":0.11,"z":0.7807583}', '{"x":1,"y":1,"z":1}', '\x66633762626236612d396234372d346631362d613765312d666230353235343261346262', true, '\x7b7d', 1540767048851, 1540767048851, 'dVUyRpj8SMCr4AeU-xx1Hg', 19, '{"y":90}'),
	('\x5f75543355435153544547774458684c466645694c77', '\x6f554f57765844795253794a6b725131455959777451', '\x544364576658697654392d566a416831494b4f446841', 'Harry Potter', '{"x":0,"y":0,"z":0}', '{"x":1,"y":1,"z":1}', '\x34343839333737322d613462662d346330392d626132382d646635393966356436373764', false, '\x7b7d', 1541115258007, 1541115258007, '', 0, '{"x":0,"y":0,"z":0}'),
	('\x5f7a4e71677a594951694f645275574b785263545567', '\x', '\x3571644d6a4b555051342d6f4f613752336c43577041', 'Chess Set Segment 1', '{"x":2.423129,"y":0.11,"z":1.6460804}', '{"x":1,"y":1,"z":1}', '\x66633762626236612d396234372d346631362d613765312d666230353235343261346262', true, '\x7b7d', 1540769664832, 1540769664832, '9Cfi7HpiS7eEC9uFblzy1w', 1, '{"y":270}'),
	('\x614450556f6343315447614d7966564a374433483367', '\x', '\x6a6d4959684f336d515761417a3579794777326d6567', 'Sake Glass', '{"x":-1.3665465,"y":5.2592716,"z":-1.4603264}', '{"x":1,"y":1,"z":1}', '\x3232', true, '\x7b7d', 1540691590056, 1540691590056, '', 0, '{}'),
	('\x614c2d3959687370515961436d3972626d4d4e6d4567', '\x', '\x585f4164556d5138524269364562754e3261527a5a41', 'Chess Set Segment 6', '{"x":-0.754431,"y":5.4295526,"z":-1.9851741}', '{"x":1,"y":1,"z":1}', '\x66633762626236612d396234372d346631362d613765312d666230353235343261346262', true, '\x7b7d', 1541007053892, 1541007053892, 'hAHOTQ4-RGKvD34J3aHW0Q', 6, '{"y":270}'),
	('\x6153654c644363465334436b5032516e514a75444777', '\x5171795632684b33524f4b346a6d4c50595667433151', '\x39356b4c42426d445252434b6259386b74454b5a5267', 'Ron Weasley', '{"x":204.55,"y":28.372173,"z":205.07}', '{"x":1,"y":1,"z":1}', '\x34343839333737322d613462662d346330392d626132382d646635393966356436373764', false, '\x7b7d', 1539652551623, 1539652551623, '', 0, '{}'),
	('\x615a515a2d4f7752517143554c675249736937782d51', '\x', '\x76794d455574722d5379435955637151343853593441', 'Croissant01', '{"x":4.714469,"y":5.2442694,"z":-0.6177961}', '{"x":1,"y":1,"z":1}', '\x37373036396664612d303465312d343336642d396238622d333163363866663132373263', true, '\x7b7d', 1540494092332, 1540494092332, '', 0, '{"x":5.2211027,"y":225.93555,"z":356.02444}'),
	('\x616d74385839684b526d6d624338464c564244765741', '\x', '\x35506d444e59627352596d5366692d33464f63513541', 'Chess Set Segment 22', '{"x":-0.50983846,"y":5.352801,"z":-0.64681774}', '{"x":1,"y":1,"z":1}', '\x66633762626236612d396234372d346631362d613765312d666230353235343261346262', true, '\x7b7d', 1541180264252, 1541180264252, '_3vvB_CkQHi8doROiGBQlA', 22, '{"y":90}'),
	('\x616e35484c33726e5166365a54512d597136546a7151', '\x', '\x467850574d485147546b6555454b723439742d745841', 'Chess Set Segment 25', '{"x":-1.7752037,"y":0.11,"z":-1.8798907}', '{"x":1,"y":1,"z":1}', '\x66633762626236612d396234372d346631362d613765312d666230353235343261346262', true, '\x7b7d', 1540767079879, 1540767079879, 'O_6FOUGUSeiWZp9YPMZN1w', 25, '{"y":90}'),
	('\x623366686d7166315372795054706e474b6147756b77', '\x', '\x6b5a493755334562535379514656782d5a49626f5541', 'Arcade Shooter', '{"x":15.331861,"y":3.575686,"z":0.7739627}', '{"x":1,"y":1,"z":1}', '\x31646264373739642d346662332d343963632d396162302d376562306431633637393230', true, '\x7b7d', 1540762622063, 1540762622063, '', 0, '{}'),
	('\x624d533853457731545065524b497431625f79694441', '\x', '\x65754f79705f4f6d534d4b73376a4552437979306a51', 'Blackjack', '{"x":-3.4761236,"z":-0.0030106306}', '{"x":1,"y":1,"z":1}', '\x38', true, '\x7b7d', 1540590819025, 1540590819025, '', 0, '{}'),
	('\x6265747a5450456f5146755437463531356f38313451', '\x', '\x475349394e57486c526343714647326f796b2d647851', 'Kitchen Table02', '{"x":1.9675262,"y":2.3841858e-7,"z":0.11350036}', '{"x":1,"y":1,"z":1}', '\x61343135303037312d323964342d343433372d623630362d356361663830666264643634', true, '\x7b7d', 1540438811428, 1540438811428, '', 0, '{}'),
	('\x626f593064457456526b4731346b7959474a66675451', '\x', '\x544364576658697654392d566a416831494b4f446841', 'Barrel02', '{"x":8.1236725,"y":5.579211,"z":1.1061035}', '{"x":1,"y":1,"z":1}', '\x35316564323331372d633631662d346661612d393836622d316163386434336632386238', true, '\x7b7d', 1541114997651, 1541114997651, '', 0, '{"x":73.52906,"y":201.08679,"z":332.77835}'),
	('\x63356f746d2d5f495235755272564457643263656951', '\x', '\x585f4164556d5138524269364562754e3261527a5a41', 'Chess Set Segment 23', '{"x":-2.2924309,"y":5.4295526,"z":-2.507174}', '{"x":1,"y":1,"z":1}', '\x66633762626236612d396234372d346631362d613765312d666230353235343261346262', true, '\x7b7d', 1541007053892, 1541007053892, 'hAHOTQ4-RGKvD34J3aHW0Q', 23, '{"y":90}'),
	('\x63474f5667504832536c4f5a6a55434a7a5a627a6e51', '\x', '\x467850574d485147546b6555454b723439742d745841', 'Chess Set Segment 32', '{"x":0.024796188,"y":0.11,"z":-0.60489064}', '{"x":1,"y":1,"z":1}', '\x66633762626236612d396234372d346631362d613765312d666230353235343261346262', true, '\x7b7d', 1540767079879, 1540767079879, 'O_6FOUGUSeiWZp9YPMZN1w', 32, '{"y":270}'),
	('\x6348554a697655455458753358433170475779624241', '\x', '\x6a6d4959684f336d515761417a3579794777326d6567', 'Box01', '{"x":-2.344173,"y":5.7413025,"z":-1.8789659}', '{"x":1,"y":1,"z":1}', '\x39616338343465632d383539392d343135612d386334622d396164366362396661643634', true, '\x7b7d', 1540691493346, 1540691493346, '', 0, '{"x":83.69708,"y":276.9924,"z":309.45657}'),
	('\x635368567939787854784f5f65744546775a67664651', '\x', '\x3571644d6a4b555051342d6f4f613752336c43577041', 'Chess Set Segment 7', '{"x":2.1611292,"y":0.11,"z":2.9200804}', '{"x":1,"y":1,"z":1}', '\x66633762626236612d396234372d346631362d613765312d666230353235343261346262', true, '\x7b7d', 1540769664832, 1540769664832, '9Cfi7HpiS7eEC9uFblzy1w', 7, '{"y":270}'),
	('\x63583064776a332d5466534834476a79666d6a504777', '\x', '\x766b5f324f426659517865795779633878496d6f5467', 'Chess Set Segment 13', '{"x":4.6625037,"y":0.11,"z":-9.003779}', '{"x":1,"y":1,"z":1}', '\x66633762626236612d396234372d346631362d613765312d666230353235343261346262', true, '\x7b7d', 1540780431150, 1540780431150, 'GVDp5g6ETYmZD_FIzFuY6g', 13, '{"y":90}'),
	('\x6361366e5344774851337955692d3145336e33546951', '\x', '\x4a435f75776f325952632d36484f7647345434516177', 'Chess Set Segment 17', '{"x":1.3872142,"y":0.11,"z":0.04376149}', '{"x":1,"y":1,"z":1}', '\x66633762626236612d396234372d346631362d613765312d666230353235343261346262', true, '\x7b7d', 1540512333481, 1540512333481, 'mk21pikbQkqHcEu5pL7EKA', 17, '{"y":90}'),
	('\x636435687a79564f544436346458545773724a7a6341', '\x', '\x616930544e4133305344695151315151546f756f7741', 'Chess Set Segment 24', '{"x":1.0999088,"y":13.931638,"z":-0.616857}', '{"x":1,"y":1,"z":1}', '\x66633762626236612d396234372d346631362d613765312d666230353235343261346262', true, '\x7b7d', 1541006424847, 1541006424847, 'PsmrnIKOSJC9gIk9AZUUVA', 24, '{"y":90}'),
	('\x636f75386d547347536b6d543153336731466e773867', '\x6949744d75516d515150693370695131575743693341', '\x44706b6261546356544a4f346b756c5076496a765367', 'Book01', '{"x":2.4652011,"y":0.74045867,"z":3.2445006}', '{"x":1,"y":1,"z":1}', '\x35323039333665362d616436312d346666622d396661382d643761326164306531393434', true, '\x7b7d', 1540529910611, 1540529910611, '', 0, '{"x":90,"y":318.06445}'),
	('\x64337631545f6f6a5347753445545164794361417667', '\x', '\x4a435f75776f325952632d36484f7647345434516177', 'Chess Set Segment 25', '{"x":1.1252142,"y":0.11,"z":-1.7402384}', '{"x":1,"y":1,"z":1}', '\x66633762626236612d396234372d346631362d613765312d666230353235343261346262', true, '\x7b7d', 1540512333481, 1540512333481, 'mk21pikbQkqHcEu5pL7EKA', 25, '{"y":90}'),
	('\x644178317945774954732d634b457a312d4139366841', '\x', '\x35506d444e59627352596d5366692d33464f63513541', 'Chess Set Segment 7', '{"x":1.0281615,"y":5.352801,"z":-0.12981775}', '{"x":1,"y":1,"z":1}', '\x66633762626236612d396234372d346631362d613765312d666230353235343261346262', true, '\x7b7d', 1541180264252, 1541180264252, '_3vvB_CkQHi8doROiGBQlA', 7, '{"y":270}'),
	('\x645257444c574e3952695768556f724e476556757967', '\x', '\x585f4164556d5138524269364562754e3261527a5a41', 'Chess Set Segment 21', '{"x":-2.2924309,"y":5.4295526,"z":-1.9961741}', '{"x":1,"y":1,"z":1}', '\x66633762626236612d396234372d346631362d613765312d666230353235343261346262', true, '\x7b7d', 1541007053892, 1541007053892, 'hAHOTQ4-RGKvD34J3aHW0Q', 21, '{"y":90}'),
	('\x64635f527457662d5158694c762d636430555f754751', '\x', '\x766b5f324f426659517865795779633878496d6f5467', 'Chess Set Segment 14', '{"x":4.6625037,"y":0.11,"z":-8.748779}', '{"x":1,"y":1,"z":1}', '\x66633762626236612d396234372d346631362d613765312d666230353235343261346262', true, '\x7b7d', 1540780431150, 1540780431150, 'GVDp5g6ETYmZD_FIzFuY6g', 14, '{"y":90}'),
	('\x646e6541547a6c59513271752d797771326463547977', '\x', '\x616930544e4133305344695151315151546f756f7741', 'Chess Set Segment 7', '{"x":2.637909,"y":13.931638,"z":0.410143}', '{"x":1,"y":1,"z":1}', '\x66633762626236612d396234372d346631362d613765312d666230353235343261346262', true, '\x7b7d', 1541006424847, 1541006424847, 'PsmrnIKOSJC9gIk9AZUUVA', 7, '{"y":270}'),
	('\x646f6f494530756c533647342d7138346e6d4f635251', '\x', '\x4a435f75776f325952632d36484f7647345434516177', 'Chess Set Segment 20', '{"x":1.1252142,"y":0.11,"z":-0.4742384}', '{"x":1,"y":1,"z":1}', '\x66633762626236612d396234372d346631362d613765312d666230353235343261346262', true, '\x7b7d', 1540512333481, 1540512333481, 'mk21pikbQkqHcEu5pL7EKA', 20, '{"y":90}'),
	('\x64717a5a6570764753386d6a4d45783265496b523451', '\x', '\x35506d444e59627352596d5366692d33464f63513541', 'Chess Set Segment 14', '{"x":-0.2478385,"y":5.352801,"z":-0.39181775}', '{"x":1,"y":1,"z":1}', '\x66633762626236612d396234372d346631362d613765312d666230353235343261346262', true, '\x7b7d', 1541180264252, 1541180264252, '_3vvB_CkQHi8doROiGBQlA', 14, '{"y":90}'),
	('\x647679554c70527354667544376d665f7047332d4351', '\x', '\x766b5f324f426659517865795779633878496d6f5467', 'Chess Set Segment 23', '{"x":4.4005036,"y":0.11,"z":-9.259779}', '{"x":1,"y":1,"z":1}', '\x66633762626236612d396234372d346631362d613765312d666230353235343261346262', true, '\x7b7d', 1540780431150, 1540780431150, 'GVDp5g6ETYmZD_FIzFuY6g', 23, '{"y":90}'),
	('\x647737637659346c5136714f59665249756f32454b41', '\x', '\x766b5f324f426659517865795779633878496d6f5467', 'Chess Set Segment 3', '{"x":5.9385037,"y":0.11,"z":-9.502779}', '{"x":1,"y":1,"z":1}', '\x66633762626236612d396234372d346631362d613765312d666230353235343261346262', true, '\x7b7d', 1540780431150, 1540780431150, 'GVDp5g6ETYmZD_FIzFuY6g', 3, '{"y":270}'),
	('\x64777a6b485147625174696131516a7877476b4b7167', '\x', '\x467850574d485147546b6555454b723439742d745841', 'Chess Set Segment 27', '{"x":2.7760801,"y":0.11,"z":-0.23924175}', '{"x":1,"y":1,"z":1}', '\x66633762626236612d396234372d346631362d613765312d666230353235343261346262', true, '\x7b7d', 1540767048851, 1540767048851, 'dVUyRpj8SMCr4AeU-xx1Hg', 27, '{"y":270}');

INSERT INTO entities (id, user_id, space_id, display_name, "position", scale, asset_id, online, metadata, created_at, updated_at, group_id, segment_id, rotation) VALUES
	('\x65524c465261486c5371693661304b69554877747451', '\x', '\x616930544e4133305344695151315151546f756f7741', 'Chess Set Segment 30', '{"x":2.8999088,"y":13.931638,"z":-0.609857}', '{"x":1,"y":1,"z":1}', '\x66633762626236612d396234372d346631362d613765312d666230353235343261346262', true, '\x7b7d', 1541006424847, 1541006424847, 'PsmrnIKOSJC9gIk9AZUUVA', 30, '{"y":270}'),
	('\x656969635261537a5164537436616a6b45484b6f4867', '\x', '\x4436336f2d4567385356476b66327459594252747667', 'Kitchen Table02', '{"x":1.9736555,"y":5.1291904,"z":-0.32354832}', '{"x":1,"y":1,"z":1}', '\x61343135303037312d323964342d343433372d623630362d356361663830666264643634', true, '\x7b7d', 1540772950192, 1540772950192, '', 0, '{"x":3.6435654,"y":54.121952,"z":9.225261}'),
	('\x656d425a5a76713651394b4f7a435a555f5764486e67', '\x', '\x65754f79705f4f6d534d4b73376a4552437979306a51', 'Table02', '{"x":5.7729936,"y":0.4849725,"z":3.363028}', '{"x":1,"y":1,"z":1}', '\x31353131393963612d633965352d346539392d616466642d666539646164646337646432', true, '\x7b7d', 1540590566978, 1540590566978, '', 0, '{"x":273.18173,"y":196.24042,"z":359.4267}'),
	('\x656e595866505070537a36795a504c6f5931554b6167', '\x', '\x766b5f324f426659517865795779633878496d6f5467', 'Chess Set Segment 18', '{"x":4.4005036,"y":0.11,"z":-7.993779}', '{"x":1,"y":1,"z":1}', '\x66633762626236612d396234372d346631362d613765312d666230353235343261346262', true, '\x7b7d', 1540780431150, 1540780431150, 'GVDp5g6ETYmZD_FIzFuY6g', 18, '{"y":90}'),
	('\x65705a7046376e485357366b646f482d496231786351', '\x', '\x4b69357a353554555272714d36532d41514162416767', 'Barrel02', '{"x":-2.184039,"y":4.997521,"z":-4.2462125}', '{"x":1,"y":1,"z":1}', '\x35316564323331372d633631662d346661612d393836622d316163386434336632386238', true, '\x7b7d', 1540762648517, 1540762648517, '', 0, '{}'),
	('\x6648344f7247475a526753596439454c554464574f51', '\x', '\x796b617935785035516375687033536e7163334d5177', 'Croissant02', '{"x":-0.13070744,"z":0.67401445}', '{"x":1,"y":1,"z":1}', '\x66653635626635652d383635332d346438352d386261382d376538333232626534306161', true, '\x7b7d', 1540589370551, 1540589370551, '', 0, '{}'),
	('\x664e45317152655254424f4b67783956465f58523351', '\x', '\x585f4164556d5138524269364562754e3261527a5a41', 'Chess Set Segment 32', '{"x":-0.49243104,"y":5.4295526,"z":-1.7361741}', '{"x":1,"y":1,"z":1}', '\x66633762626236612d396234372d346631362d613765312d666230353235343261346262', true, '\x7b7d', 1541007053892, 1541007053892, 'hAHOTQ4-RGKvD34J3aHW0Q', 32, '{"y":270}'),
	('\x66546f704164695151334f78626c4f30576971382d51', '\x', '\x35506d444e59627352596d5366692d33464f63513541', 'Chess Set Segment 10', '{"x":1.2901615,"y":5.352801,"z":0.37318224}', '{"x":1,"y":1,"z":1}', '\x66633762626236612d396234372d346631362d613765312d666230353235343261346262', true, '\x7b7d', 1541180264252, 1541180264252, '_3vvB_CkQHi8doROiGBQlA', 10, '{"y":270}'),
	('\x666754554e4e4f7851634f7451304c71687364783667', '\x', '\x616930544e4133305344695151315151546f756f7741', 'Chess Set Segment 5', '{"x":2.637909,"y":13.931638,"z":-0.09985702}', '{"x":1,"y":1,"z":1}', '\x66633762626236612d396234372d346631362d613765312d666230353235343261346262', true, '\x7b7d', 1541006424847, 1541006424847, 'PsmrnIKOSJC9gIk9AZUUVA', 5, '{"y":270}'),
	('\x66776e6c6d4d697752627931567757374a6b465f3467', '\x', '\x4a435f75776f325952632d36484f7647345434516177', 'Chess Set Segment 10', '{"x":2.9252145,"y":0.11,"z":0.039761603}', '{"x":1,"y":1,"z":1}', '\x66633762626236612d396234372d346631362d613765312d666230353235343261346262', true, '\x7b7d', 1540512333481, 1540512333481, 'mk21pikbQkqHcEu5pL7EKA', 10, '{"y":270}'),
	('\x672d397262524b42534b655a50653948356847667067', '\x', '\x384f70753869314b52684f446f4f512d724e705f4351', 'Chess Set Segment 25', '{"x":11.498984,"y":3.8211768,"z":-1.043494}', '{"x":1,"y":1,"z":1}', '\x66633762626236612d396234372d346631362d613765312d666230353235343261346262', true, '\x7b7d', 1540599892113, 1540599892113, 'tK698UsAQm2TtXZzgEQ2_g', 25, '{"y":90}'),
	('\x67613562696b71475252436b594c5138487957715977', '\x62454f695473507651354f5631574e797a4349386441', '\x307a415a2d626b50515853586e7352577849456a4367', 'Alfred Pennyworth', '{"x":0,"y":0,"z":0}', '{"x":1,"y":1,"z":1}', '\x34343839333737322d613462662d346330392d626132382d646635393966356436373764', false, '\x7b7d', 1541201534757, 1541201534757, '', 0, '{"x":0,"y":0,"z":0}'),
	('\x6761415672615156546e2d3034782d7964616c625041', '\x', '\x766b5f324f426659517865795779633878496d6f5467', 'Chess Set Segment 16', '{"x":4.6625037,"y":0.11,"z":-8.2397785}', '{"x":1,"y":1,"z":1}', '\x66633762626236612d396234372d346631362d613765312d666230353235343261346262', true, '\x7b7d', 1540780431150, 1540780431150, 'GVDp5g6ETYmZD_FIzFuY6g', 16, '{"y":90}'),
	('\x67686565634f784a524a436f707953524e65694f6667', '\x', '\x4436336f2d4567385356476b66327459594252747667', 'Barrel02', '{"x":2.0995872,"y":5.1794147,"z":0.92026424}', '{"x":1,"y":1,"z":1}', '\x35316564323331372d633631662d346661612d393836622d316163386434336632386238', true, '\x7b7d', 1540772942141, 1540772942141, '', 0, '{"x":356.69156,"y":332.66037,"z":4.1725044}'),
	('\x676879756b76387a5471435645536e7668515a475f41', '\x', '\x467850574d485147546b6555454b723439742d745841', 'Chess Set Segment 16', '{"x":1.2380801,"y":0.11,"z":0.7807583}', '{"x":1,"y":1,"z":1}', '\x66633762626236612d396234372d346631362d613765312d666230353235343261346262', true, '\x7b7d', 1540767048851, 1540767048851, 'dVUyRpj8SMCr4AeU-xx1Hg', 16, '{"y":90}'),
	('\x677159657a5a49425252536558614646413033585f51', '\x', '\x616930544e4133305344695151315151546f756f7741', 'Chess Set Segment 12', '{"x":1.3619088,"y":13.931638,"z":-0.36185703}', '{"x":1,"y":1,"z":1}', '\x66633762626236612d396234372d346631362d613765312d666230353235343261346262', true, '\x7b7d', 1541006424847, 1541006424847, 'PsmrnIKOSJC9gIk9AZUUVA', 12, '{"y":90}'),
	('\x67743951386b416a5467366b4745497937644c5f6e51', '\x', '\x6a6d4959684f336d515761417a3579794777326d6567', 'Cube', '{"x":-5.009668,"y":5.862819,"z":-3.4790156}', '{"x":1,"y":1,"z":1}', '\x31', true, '\x7b7d', 1540691605979, 1540691605979, '', 0, '{"x":337.55927,"y":301.70535,"z":184.57431}'),
	('\x677a5249317a6578515669445a743732656376526f41', '\x', '\x675a413775623938526a534772537145684161747751', 'Arcade Shooter', '{"x":0.17318523,"y":0.028280497,"z":1.9924877}', '{"x":1,"y":1,"z":1}', '\x31646264373739642d346662332d343963632d396162302d376562306431633637393230', true, '\x7b7d', 1541455780008, 1541455780008, '', 0, '{"y":4.967612}'),
	('\x682d43414e53787451486d5963393067413536475751', '\x', '\x35506d444e59627352596d5366692d33464f63513541', 'Chess Set Segment 12', '{"x":-0.2478385,"y":5.352801,"z":-0.9018178}', '{"x":1,"y":1,"z":1}', '\x66633762626236612d396234372d346631362d613765312d666230353235343261346262', true, '\x7b7d', 1541180264252, 1541180264252, '_3vvB_CkQHi8doROiGBQlA', 12, '{"x":-0.00031944324,"y":96.75406,"z":-0.00022422233}'),
	('\x68387a4148517579543747756e38385563776b775f67', '\x', '\x35506d444e59627352596d5366692d33464f63513541', 'Chess Set Segment 28', '{"x":1.2901615,"y":5.352801,"z":-0.64781773}', '{"x":1,"y":1,"z":1}', '\x66633762626236612d396234372d346631362d613765312d666230353235343261346262', true, '\x7b7d', 1541180264252, 1541180264252, '_3vvB_CkQHi8doROiGBQlA', 28, '{"y":270}'),
	('\x684349697a6d7677524e4b4336366b645f6e776a4567', '\x', '\x3571644d6a4b555051342d6f4f613752336c43577041', 'Chess Set Segment 26', '{"x":0.84966326,"y":0.15770882,"z":1.5900111}', '{"x":1,"y":1,"z":1}', '\x66633762626236612d396234372d346631362d613765312d666230353235343261346262', true, '\x7b7d', 1540769664832, 1540769664832, '9Cfi7HpiS7eEC9uFblzy1w', 26, '{"x":-0.0018020999,"y":88.21079,"z":0.0015130305}'),
	('\x684a7047344151725158795a456c566348756c494c77', '\x', '\x467850574d485147546b6555454b723439742d745841', 'Chess Set Segment 3', '{"x":2.51408,"y":0.11,"z":-0.48224172}', '{"x":1,"y":1,"z":1}', '\x66633762626236612d396234372d346631362d613765312d666230353235343261346262', true, '\x7b7d', 1540767048851, 1540767048851, 'dVUyRpj8SMCr4AeU-xx1Hg', 3, '{"y":270}'),
	('\x685159774f5f716a516e4f79425a7839314b56574851', '\x', '\x35506d444e59627352596d5366692d33464f63513541', 'Chess Set Segment 2', '{"x":1.0281615,"y":5.352801,"z":-1.4088178}', '{"x":1,"y":1,"z":1}', '\x66633762626236612d396234372d346631362d613765312d666230353235343261346262', true, '\x7b7d', 1541180264252, 1541180264252, '_3vvB_CkQHi8doROiGBQlA', 2, '{"y":270}'),
	('\x6852616657706743545665594b6d394a576561686951', '\x', '\x3571644d6a4b555051342d6f4f613752336c43577041', 'Chess Set Segment 22', '{"x":0.62312925,"y":0.11,"z":2.4030805}', '{"x":1,"y":1,"z":1}', '\x66633762626236612d396234372d346631362d613765312d666230353235343261346262', true, '\x7b7d', 1540769664832, 1540769664832, '9Cfi7HpiS7eEC9uFblzy1w', 22, '{"y":90}'),
	('\x685f735f4c496e34526b47667264334f476d62386377', '\x', '\x467850574d485147546b6555454b723439742d745841', 'Chess Set Segment 7', '{"x":-0.23720379,"y":0.11,"z":-0.6028906}', '{"x":1,"y":1,"z":1}', '\x66633762626236612d396234372d346631362d613765312d666230353235343261346262', true, '\x7b7d', 1540767079879, 1540767079879, 'O_6FOUGUSeiWZp9YPMZN1w', 7, '{"y":270}'),
	('\x68614432507364415379324975397a3271306e477177', '\x', '\x766b5f324f426659517865795779633878496d6f5467', 'Chess Set Segment 5', '{"x":5.9385037,"y":0.11,"z":-8.996779}', '{"x":1,"y":1,"z":1}', '\x66633762626236612d396234372d346631362d613765312d666230353235343261346262', true, '\x7b7d', 1540780431150, 1540780431150, 'GVDp5g6ETYmZD_FIzFuY6g', 5, '{"y":270}'),
	('\x686847315338593854624f716654364d6a78646f5767', '\x', '\x616930544e4133305344695151315151546f756f7741', 'Chess Set Segment 11', '{"x":1.3619088,"y":13.931638,"z":-0.616857}', '{"x":1,"y":1,"z":1}', '\x66633762626236612d396234372d346631362d613765312d666230353235343261346262', true, '\x7b7d', 1541006424847, 1541006424847, 'PsmrnIKOSJC9gIk9AZUUVA', 11, '{"y":90}'),
	('\x686d516f5a51376c5136574e3967476f6f774a546477', '\x', '\x616930544e4133305344695151315151546f756f7741', 'Chess Set Segment 8', '{"x":2.637909,"y":13.931638,"z":0.657143}', '{"x":1,"y":1,"z":1}', '\x66633762626236612d396234372d346631362d613765312d666230353235343261346262', true, '\x7b7d', 1541006424847, 1541006424847, 'PsmrnIKOSJC9gIk9AZUUVA', 8, '{"y":270}'),
	('\x68774c34454e5758526e535042482d304a7670777751', '\x', '\x467850574d485147546b6555454b723439742d745841', 'Chess Set Segment 29', '{"x":2.7760801,"y":0.11,"z":0.27230275}', '{"x":1,"y":1,"z":1}', '\x66633762626236612d396234372d346631362d613765312d666230353235343261346262', true, '\x7b7d', 1540767048851, 1540767048851, 'dVUyRpj8SMCr4AeU-xx1Hg', 29, '{"y":270}'),
	('\x692d655a462d5167532d693257583630655469554c51', '\x', '\x513051327147782d534a2d62386e5732675842667251', '', '{"x":1.096692,"y":0.00999999,"z":-2.0354226}', '{"x":1,"y":1,"z":1}', '\x39373435363465352d636161652d343133382d623338342d643234376366623265623131', true, '\x7b22537461746963223a66616c73652c22436f6c6f72223a7b2272223a302e302c2267223a302e302c2262223a302e302c2261223a302e307d7d', 1538529251495, 1538529251495, '', 0, '{"x":0.000021029357,"y":353.44626,"z":0.000020462552}'),
	('\x693555554b454c30537569305a7439306b4975444867', '\x62454f695473507651354f5631574e797a4349386441', '\x5675764c6c346b48516875715f48427334516a724d77', 'Alfred Pennyworth', '{"x":0,"y":0,"z":0}', '{"x":1,"y":1,"z":1}', '\x34343839333737322d613462662d346330392d626132382d646635393966356436373764', false, '\x7b7d', 1541017259542, 1541017259542, '', 0, '{"x":0,"y":0,"z":0}'),
	('\x6955704f6a4b694d543553636e6b6741433748365f51', '\x', '\x4a435f75776f325952632d36484f7647345434516177', 'Chess Set Segment 19', '{"x":2.3678381,"y":0.17920333,"z":-0.42719027}', '{"x":1,"y":1,"z":1}', '\x66633762626236612d396234372d346631362d613765312d666230353235343261346262', true, '\x7b7d', 1540512333481, 1540512333481, 'mk21pikbQkqHcEu5pL7EKA', 19, '{"x":0.0001583435,"y":87.270546,"z":-0.00014511953}'),
	('\x697a6f626d2d7231534457705256626f7434384b3041', '\x', '\x513051327147782d534a2d62386e5732675842667251', '', '{"x":-3.1910698,"y":0.108067565,"z":-4.886572}', '{"x":1,"y":1,"z":1}', '\x35613036363037622d376664312d346364332d396633652d623533323138323663373165', true, '\x7b22537461746963223a66616c73652c22436f6c6f72223a7b2272223a302e302c2267223a302e302c2262223a302e302c2261223a302e307d7d', 1538529261618, 1538529261618, '', 0, '{"x":279.54956,"y":47.825275,"z":0.000072048075}'),
	('\x6a38424e45674b5754794f526b42656e2d7a5f373851', '\x', '\x35506d444e59627352596d5366692d33464f63513541', 'Chess Set Segment 4', '{"x":1.0281615,"y":5.352801,"z":-0.88681775}', '{"x":1,"y":1,"z":1}', '\x66633762626236612d396234372d346631362d613765312d666230353235343261346262', true, '\x7b7d', 1541180264252, 1541180264252, '_3vvB_CkQHi8doROiGBQlA', 4, '{"y":270}'),
	('\x6a434f62307666625437616636467a387a556e434451', '\x', '\x35506d444e59627352596d5366692d33464f63513541', 'Chess Set Segment 8', '{"x":1.0281615,"y":5.352801,"z":0.117182255}', '{"x":1,"y":1,"z":1}', '\x66633762626236612d396234372d346631362d613765312d666230353235343261346262', true, '\x7b7d', 1541180264252, 1541180264252, '_3vvB_CkQHi8doROiGBQlA', 8, '{"y":270}'),
	('\x6a4879686b6e7163533547426d306834767a47327241', '\x6949744d75516d515150693370695131575743693341', '\x384f70753869314b52684f446f4f512d724e705f4351', 'The Joker', '{"x":0,"y":0,"z":0}', '{"x":1,"y":1,"z":1}', '\x34343839333737322d613462662d346330392d626132382d646635393966356436373764', false, '\x7b7d', 1540599853576, 1540599853576, '', 0, '{"x":0,"y":0,"z":0}'),
	('\x6a58306274416a6c5469475369526f6c4b787a496451', '\x', '\x35506d444e59627352596d5366692d33464f63513541', 'Blackjack', '{"x":-3.5877326,"y":5.556459,"z":-3.337063}', '{"x":1,"y":1,"z":1}', '\x38', true, '\x7b7d', 1541180379251, 1541180379251, '', 0, '{"y":182.9361}'),
	('\x6a64496d7474736e5152365071504451793858757767', '\x', '\x616930544e4133305344695151315151546f756f7741', 'Barrel02', '{"x":2.068006,"y":14.203864,"z":-4.345681}', '{"x":1,"y":1,"z":1}', '\x35316564323331372d633631662d346661612d393836622d316163386434336632386238', true, '\x7b7d', 1541006931029, 1541006931029, '', 0, '{}'),
	('\x6a6c546d59356339526a696f4955446e786b66467577', '\x', '\x467850574d485147546b6555454b723439742d745841', 'Chess Set Segment 1', '{"x":2.7760801,"y":0.11,"z":-0.74024177}', '{"x":1,"y":1,"z":1}', '\x66633762626236612d396234372d346631362d613765312d666230353235343261346262', true, '\x7b7d', 1540767048851, 1540767048851, 'dVUyRpj8SMCr4AeU-xx1Hg', 1, '{"y":270}'),
	('\x6a74396279784f33514c6156774a676d686466667767', '\x5171795632684b33524f4b346a6d4c50595667433151', '\x796b617935785035516375687033536e7163334d5177', 'Ron Weasley', '{"x":-2.604714,"y":0.0149998665,"z":0.105711706}', '{"x":1,"y":1,"z":1}', '\x6176617461722d32', false, '\x7b22657965506f736974696f6e223a7b2278223a302c2279223a312e372c227a223a302e3132337d7d', 1536961431538, 1536961431538, '', 0, '{}'),
	('\x6a7448534559335752756968432d7179366854374467', '\x', '\x585f4164556d5138524269364562754e3261527a5a41', 'Chess Set Segment 5', '{"x":-0.754431,"y":5.4295526,"z":-2.244174}', '{"x":1,"y":1,"z":1}', '\x66633762626236612d396234372d346631362d613765312d666230353235343261346262', true, '\x7b7d', 1541007053892, 1541007053892, 'hAHOTQ4-RGKvD34J3aHW0Q', 5, '{"y":270}'),
	('\x6b38686f7070656a526c476d54333779304e53315341', '\x', '\x766b5f324f426659517865795779633878496d6f5467', 'Arcade Shooter', '{"x":-3.5180619,"z":-8.463863}', '{"x":1,"y":1,"z":1}', '\x31646264373739642d346662332d343963632d396162302d376562306431633637393230', true, '\x7b7d', 1540780360012, 1540780360012, '', 0, '{}'),
	('\x6b69767a39626e50534875394e626a56416d46723567', '\x', '\x616930544e4133305344695151315151546f756f7741', 'Chess Set Segment 16', '{"x":1.3619088,"y":13.931638,"z":0.657143}', '{"x":1,"y":1,"z":1}', '\x66633762626236612d396234372d346631362d613765312d666230353235343261346262', true, '\x7b7d', 1541006424847, 1541006424847, 'PsmrnIKOSJC9gIk9AZUUVA', 16, '{"y":90}'),
	('\x6b6d68627548677a514b6d4b364c4d4a416c59716577', '\x', '\x585f4164556d5138524269364562754e3261527a5a41', 'Blackjack', '{"x":-5.48302,"y":8.072354,"z":-4.9440484}', '{"x":1,"y":1,"z":1}', '\x38', true, '\x7b7d', 1541007068755, 1541007068755, '', 0, '{}'),
	('\x6b726631786f333652466959344f70354d5843474477', '\x', '\x6f336a4b655f51505130716d627a30374f5768355967', 'Kitchen Table02', '{"x":4.9677715,"y":5.335269,"z":-0.22156133}', '{"x":1,"y":1,"z":1}', '\x61343135303037312d323964342d343433372d623630362d356361663830666264643634', true, '\x7b7d', 1540947353191, 1540947353191, '', 0, '{"x":359.9805,"y":1.8201884,"z":359.97723}'),
	('\x6c30686d38474c575242796d6962615f644263454177', '\x', '\x585f4164556d5138524269364562754e3261527a5a41', 'Chess Set Segment 0', '{"x":-1.392431,"y":5.3195524,"z":-2.125174}', '{"x":1,"y":1,"z":1}', '\x66633762626236612d396234372d346631362d613765312d666230353235343261346262', true, '\x7b7d', 1541007053892, 1541007053892, 'hAHOTQ4-RGKvD34J3aHW0Q', 0, '{}'),
	('\x6c33334458474a6751696148364d43626d534a6b3567', '\x', '\x585f4164556d5138524269364562754e3261527a5a41', 'Chess Set Segment 1', '{"x":-0.49243104,"y":5.4295526,"z":-3.008174}', '{"x":1,"y":1,"z":1}', '\x66633762626236612d396234372d346631362d613765312d666230353235343261346262', true, '\x7b7d', 1541007053892, 1541007053892, 'hAHOTQ4-RGKvD34J3aHW0Q', 1, '{"y":270}'),
	('\x6c384d6d4d63554f5438367a2d6b7032613649593267', '\x', '\x384f70753869314b52684f446f4f512d724e705f4351', 'Chess Set Segment 3', '{"x":13.0369835,"y":3.8211768,"z":-0.78249407}', '{"x":1,"y":1,"z":1}', '\x66633762626236612d396234372d346631362d613765312d666230353235343261346262', true, '\x7b7d', 1540599892113, 1540599892113, 'tK698UsAQm2TtXZzgEQ2_g', 3, '{"y":270}'),
	('\x6c694e784d68364a527a79755f614368685679393067', '\x62454f695473507651354f5631574e797a4349386441', '\x4e55436d7176794953634b636d666c7a41616a665951', 'Alfred Pennyworth', '{"x":0,"y":0,"z":0}', '{"x":1,"y":1,"z":1}', '\x34343839333737322d613462662d346330392d626132382d646635393966356436373764', false, '\x7b7d', 1541199919892, 1541199919892, '', 0, '{"x":0,"y":0,"z":0}'),
	('\x6c6961316f72327a54674f74646c5446345167724c77', '\x', '\x513051327147782d534a2d62386e5732675842667251', '', '{"x":-10.075005,"z":-4.0397377}', '{"x":1,"y":1,"z":1}', '\x3231', true, '\x7b22537461746963223a66616c73652c22436f6c6f72223a7b2272223a302e302c2267223a302e302c2262223a302e302c2261223a302e307d7d', 1538692474091, 1538692474091, '', 0, '{}'),
	('\x6c6e4a446455776e5233755170476c2d7277727a4b51', '\x', '\x467850574d485147546b6555454b723439742d745841', 'Chess Set Segment 23', '{"x":0.9760801,"y":0.11,"z":-0.23924175}', '{"x":1,"y":1,"z":1}', '\x66633762626236612d396234372d346631362d613765312d666230353235343261346262', true, '\x7b7d', 1540767048851, 1540767048851, 'dVUyRpj8SMCr4AeU-xx1Hg', 23, '{"y":90}'),
	('\x6c784b706d6f567951414b794447596a4d31345f4751', '\x', '\x766b5f324f426659517865795779633878496d6f5467', 'Chess Set Segment 26', '{"x":4.6625037,"y":0.11,"z":-9.763779}', '{"x":1,"y":1,"z":1}', '\x66633762626236612d396234372d346631362d613765312d666230353235343261346262', true, '\x7b7d', 1540780431150, 1540780431150, 'GVDp5g6ETYmZD_FIzFuY6g', 26, '{"y":90}'),
	('\x6c793739377a2d5051446144616f4778437573655441', '\x', '\x675a413775623938526a534772537145684161747751', 'Barrel02', '{"x":-2.293903,"y":0.009998232,"z":-0.60944676}', '{"x":1,"y":1,"z":1}', '\x35316564323331372d633631662d346661612d393836622d316163386434336632386238', true, '\x7b7d', 1541456570311, 1541456570311, '', 0, '{"x":0.0015733626,"y":286.45508,"z":-0.0022360345}'),
	('\x6d3239724472546353614b4f44445456444548416c67', '\x', '\x585f4164556d5138524269364562754e3261527a5a41', 'Chess Set Segment 19', '{"x":-2.2924309,"y":5.4295526,"z":-1.487174}', '{"x":1,"y":1,"z":1}', '\x66633762626236612d396234372d346631362d613765312d666230353235343261346262', true, '\x7b7d', 1541007053892, 1541007053892, 'hAHOTQ4-RGKvD34J3aHW0Q', 19, '{"y":90}'),
	('\x6d513062364d44545174754c54364642366754544141', '\x', '\x4c4b326c4f397969547736724a4c4342787a536a7a77', 'Barrel02', '{"x":-1.969523,"y":0.89640224,"z":-0.34782124}', '{"x":1,"y":1,"z":1}', '\x35316564323331372d633631662d346661612d393836622d316163386434336632386238', true, '\x7b7d', 1541115803528, 1541115803528, '', 0, '{"y":259.98474}'),
	('\x6d5541474b7378695250576b5f734b4c356d526d7967', '\x', '\x585f4164556d5138524269364562754e3261527a5a41', 'Chess Set Segment 7', '{"x":-0.754431,"y":5.4295526,"z":-1.734174}', '{"x":1,"y":1,"z":1}', '\x66633762626236612d396234372d346631362d613765312d666230353235343261346262', true, '\x7b7d', 1541007053892, 1541007053892, 'hAHOTQ4-RGKvD34J3aHW0Q', 7, '{"y":270}'),
	('\x6d55523978734864546c714130553876666f70543977', '\x', '\x766b5f324f426659517865795779633878496d6f5467', 'Chess Set Segment 0', '{"x":5.3005037,"z":-8.877779}', '{"x":1,"y":1,"z":1}', '\x66633762626236612d396234372d346631362d613765312d666230353235343261346262', true, '\x7b7d', 1540780431150, 1540780431150, 'GVDp5g6ETYmZD_FIzFuY6g', 0, '{}'),
	('\x6e30357641397a5954772d66365753334f7767525741', '\x', '\x35506d444e59627352596d5366692d33464f63513541', 'Chess Set Segment 6', '{"x":1.0281615,"y":5.352801,"z":-0.38081777}', '{"x":1,"y":1,"z":1}', '\x66633762626236612d396234372d346631362d613765312d666230353235343261346262', true, '\x7b7d', 1541180264252, 1541180264252, '_3vvB_CkQHi8doROiGBQlA', 6, '{"y":270}'),
	('\x6e516251653831525155537947386a666f6c744a6577', '\x', '\x467850574d485147546b6555454b723439742d745841', 'Chess Set Segment 21', '{"x":-1.7752037,"y":0.11,"z":-0.8648907}', '{"x":1,"y":1,"z":1}', '\x66633762626236612d396234372d346631362d613765312d666230353235343261346262', true, '\x7b7d', 1540767079879, 1540767079879, 'O_6FOUGUSeiWZp9YPMZN1w', 21, '{"y":90}'),
	('\x6e6571427a7879705355477973696a4a666e38596b77', '\x', '\x6a6d4959684f336d515761417a3579794777326d6567', 'Barrel02', '{"x":4.7824154,"y":5.5323353,"z":-0.0947244}', '{"x":1,"y":1,"z":1}', '\x35316564323331372d633631662d346661612d393836622d316163386434336632386238', true, '\x7b7d', 1540688009877, 1540688009877, '', 0, '{"x":83.90848,"y":212.51878,"z":323.38507}'),
	('\x6e6a71445f62577751655773706a706c3679786f7851', '\x', '\x467850574d485147546b6555454b723439742d745841', 'Chess Set Segment 17', '{"x":1.2380801,"y":0.11,"z":1.0407581}', '{"x":1,"y":1,"z":1}', '\x66633762626236612d396234372d346631362d613765312d666230353235343261346262', true, '\x7b7d', 1540767048851, 1540767048851, 'dVUyRpj8SMCr4AeU-xx1Hg', 17, '{"y":90}'),
	('\x6e6b62426a62546954774f7a4f69654745776f6c5051', '\x', '\x766b5f324f426659517865795779633878496d6f5467', 'Chess Set Segment 31', '{"x":6.200504,"y":0.11,"z":-8.242779}', '{"x":1,"y":1,"z":1}', '\x66633762626236612d396234372d346631362d613765312d666230353235343261346262', true, '\x7b7d', 1540780431150, 1540780431150, 'GVDp5g6ETYmZD_FIzFuY6g', 31, '{"y":270}'),
	('\x6e70593432367771526b65426a34573077384f464241', '\x', '\x585f4164556d5138524269364562754e3261527a5a41', 'Chess Set Segment 24', '{"x":-2.2924309,"y":5.4295526,"z":-2.761174}', '{"x":1,"y":1,"z":1}', '\x66633762626236612d396234372d346631362d613765312d666230353235343261346262', true, '\x7b7d', 1541007053892, 1541007053892, 'hAHOTQ4-RGKvD34J3aHW0Q', 24, '{"y":90}'),
	('\x6e73462d675f6a6452492d4578797352556e45323751', '\x', '\x3571644d6a4b555051342d6f4f613752336c43577041', 'Chess Set Segment 8', '{"x":2.1611292,"y":0.11,"z":3.1670804}', '{"x":1,"y":1,"z":1}', '\x66633762626236612d396234372d346631362d613765312d666230353235343261346262', true, '\x7b7d', 1540769664832, 1540769664832, '9Cfi7HpiS7eEC9uFblzy1w', 8, '{"y":270}'),
	('\x6e764d314f65665954383268614c70354e4656727651', '\x', '\x467850574d485147546b6555454b723439742d745841', 'Chess Set Segment 27', '{"x":0.024796188,"y":0.11,"z":-1.3758906}', '{"x":1,"y":1,"z":1}', '\x66633762626236612d396234372d346631362d613765312d666230353235343261346262', true, '\x7b7d', 1540767079879, 1540767079879, 'O_6FOUGUSeiWZp9YPMZN1w', 27, '{"y":270}'),
	('\x6f316e7a6543414454422d554848386454376e345a67', '\x', '\x766b5f324f426659517865795779633878496d6f5467', 'Chess Set Segment 29', '{"x":6.200504,"y":0.11,"z":-8.748235}', '{"x":1,"y":1,"z":1}', '\x66633762626236612d396234372d346631362d613765312d666230353235343261346262', true, '\x7b7d', 1540780431150, 1540780431150, 'GVDp5g6ETYmZD_FIzFuY6g', 29, '{"y":270}'),
	('\x6f336a705979324a52736d4e53303932315047514751', '\x', '\x766b5f324f426659517865795779633878496d6f5467', 'Chess Set Segment 4', '{"x":5.9385037,"y":0.11,"z":-9.243779}', '{"x":1,"y":1,"z":1}', '\x66633762626236612d396234372d346631362d613765312d666230353235343261346262', true, '\x7b7d', 1540780431150, 1540780431150, 'GVDp5g6ETYmZD_FIzFuY6g', 4, '{"y":270}'),
	('\x6f346d515a384f6c525f364e4d466461614743483741', '\x', '\x616930544e4133305344695151315151546f756f7741', 'Table02', '{"x":0.7502876,"y":14.266371,"z":-1.8539336}', '{"x":1,"y":1,"z":1}', '\x31353131393963612d633965352d346539392d616466642d666539646164646337646432', true, '\x7b7d', 1541006398109, 1541006398109, '', 0, '{}'),
	('\x6f474f7378393953534761365f6f77797073754d7477', '\x', '\x4a435f75776f325952632d36484f7647345434516177', 'Chess Set Segment 28', '{"x":2.9252143,"y":0.11,"z":-0.98123837}', '{"x":1,"y":1,"z":1}', '\x66633762626236612d396234372d346631362d613765312d666230353235343261346262', true, '\x7b7d', 1540512333481, 1540512333481, 'mk21pikbQkqHcEu5pL7EKA', 28, '{"y":270}'),
	('\x6f4e764e774f414b514f796448666a674b7a34466267', '\x', '\x677048674d75317554507144554a4c316c594e6f5877', 'Table02', '{"x":-1.5841806,"y":0.027499914,"z":1.8848078}', '{"x":1,"y":1,"z":1}', '\x31353131393963612d633965352d346539392d616466642d666539646164646337646432', true, '\x7b7d', 1541113002269, 1541113002269, '', 0, '{"y":307.6187}'),
	('\x7034634934344e33527032613257684b4c48544e5241', '\x', '\x3571644d6a4b555051342d6f4f613752336c43577041', 'Chess Set Segment 24', '{"x":0.62312925,"y":0.11,"z":1.8930805}', '{"x":1,"y":1,"z":1}', '\x66633762626236612d396234372d346631362d613765312d666230353235343261346262', true, '\x7b7d', 1540769664832, 1540769664832, '9Cfi7HpiS7eEC9uFblzy1w', 24, '{"y":90}'),
	('\x703469536830677a512d4b5145654a45545a6e455377', '\x62454f695473507651354f5631574e797a4349386441', '\x513051327147782d534a2d62386e5732675842667251', '', '{"x":6.7976174,"y":0.059886634,"z":-1.0449599}', '{"x":1,"y":1,"z":1}', '\x3234', true, '\x7b22537461746963223a66616c73652c22436f6c6f72223a7b2272223a302e302c2267223a302e302c2262223a302e302c2261223a302e307d7d', 1538529724652, 1538529724652, '', 0, '{"x":36.91997,"y":19.792376,"z":321.2483}'),
	('\x70367645686550535152713270497536335842504877', '\x', '\x585f4164556d5138524269364562754e3261527a5a41', 'Chess Set Segment 11', '{"x":-2.030431,"y":5.4295526,"z":-2.761174}', '{"x":1,"y":1,"z":1}', '\x66633762626236612d396234372d346631362d613765312d666230353235343261346262', true, '\x7b7d', 1541007053892, 1541007053892, 'hAHOTQ4-RGKvD34J3aHW0Q', 11, '{"y":90}'),
	('\x703930694a5f37725457654f4277554f707062567841', '\x', '\x307a415a2d626b50515853586e7352577849456a4367', 'Table02', '{"x":"Infinity","y":"Infinity","z":"Infinity"}', '{"x":1,"y":1,"z":1}', '\x31353131393963612d633965352d346539392d616466642d666539646164646337646432', true, '\x7b7d', 1541199582315, 1541199582315, '', 0, '{}'),
	('\x70526b5a7842484154304f30522d7737464f38496951', '\x', '\x616930544e4133305344695151315151546f756f7741', 'Chess Set Segment 9', '{"x":2.637909,"y":13.931638,"z":0.9121431}', '{"x":1,"y":1,"z":1}', '\x66633762626236612d396234372d346631362d613765312d666230353235343261346262', true, '\x7b7d', 1541006424847, 1541006424847, 'PsmrnIKOSJC9gIk9AZUUVA', 9, '{"y":270}'),
	('\x705758335f575759533757747666387a7a4b496f4c51', '\x', '\x4a435f75776f325952632d36484f7647345434516177', 'Chess Set Segment 26', '{"x":1.3872142,"y":0.11,"z":-1.7402384}', '{"x":1,"y":1,"z":1}', '\x66633762626236612d396234372d346631362d613765312d666230353235343261346262', true, '\x7b7d', 1540512333481, 1540512333481, 'mk21pikbQkqHcEu5pL7EKA', 26, '{"y":90}'),
	('\x70594c375f353765534265644544495238576e456d51', '\x', '\x467850574d485147546b6555454b723439742d745841', 'Chess Set Segment 21', '{"x":0.9760801,"y":0.11,"z":0.2717583}', '{"x":1,"y":1,"z":1}', '\x66633762626236612d396234372d346631362d613765312d666230353235343261346262', true, '\x7b7d', 1540767048851, 1540767048851, 'dVUyRpj8SMCr4AeU-xx1Hg', 21, '{"y":90}'),
	('\x70627a7954307757513832615634323331306c666677', '\x', '\x467850574d485147546b6555454b723439742d745841', 'Chess Set Segment 6', '{"x":2.51408,"y":0.11,"z":0.28275824}', '{"x":1,"y":1,"z":1}', '\x66633762626236612d396234372d346631362d613765312d666230353235343261346262', true, '\x7b7d', 1540767048851, 1540767048851, 'dVUyRpj8SMCr4AeU-xx1Hg', 6, '{"y":270}'),
	('\x7066306d4745737351676d505a615f58506877774841', '\x', '\x585f4164556d5138524269364562754e3261527a5a41', 'Chess Set Segment 31', '{"x":-0.49243104,"y":5.4295526,"z":-1.490174}', '{"x":1,"y":1,"z":1}', '\x66633762626236612d396234372d346631362d613765312d666230353235343261346262', true, '\x7b7d', 1541007053892, 1541007053892, 'hAHOTQ4-RGKvD34J3aHW0Q', 31, '{"y":270}'),
	('\x7071676562734932515153565143785a2d6f63625777', '\x', '\x616930544e4133305344695151315151546f756f7741', 'Chess Set Segment 0', '{"x":1.9999088,"y":13.821638,"z":0.019142985}', '{"x":1,"y":1,"z":1}', '\x66633762626236612d396234372d346631362d613765312d666230353235343261346262', true, '\x7b7d', 1541006424847, 1541006424847, 'PsmrnIKOSJC9gIk9AZUUVA', 0, '{}'),
	('\x70717769624a4661547675372d344e51483037355741', '\x', '\x467850574d485147546b6555454b723439742d745841', 'Chess Set Segment 29', '{"x":0.024796188,"y":0.11,"z":-0.86434615}', '{"x":1,"y":1,"z":1}', '\x66633762626236612d396234372d346631362d613765312d666230353235343261346262', true, '\x7b7d', 1540767079879, 1540767079879, 'O_6FOUGUSeiWZp9YPMZN1w', 29, '{"y":270}'),
	('\x70793144535541535274615453554f39324b6b686341', '\x62454f695473507651354f5631574e797a4349386441', '\x466462376a4852355239754565535047644531454641', 'Alfred Pennyworth', '{"x":0,"y":0,"z":0}', '{"x":1,"y":1,"z":1}', '\x34343839333737322d613462662d346330392d626132382d646635393966356436373764', false, '\x7b7d', 1540507812566, 1540507812566, '', 0, '{"x":0,"y":0,"z":0}'),
	('\x713966726d6a3674537265504f43496669767a324e41', '\x45614d4750427642524179784f626134462d30724341', '\x796b617935785035516375687033536e7163334d5177', 'Hermione Granger', '{"x":0,"y":0,"z":0}', '{"x":1,"y":1,"z":1}', '\x34343839333737322d613462662d346330392d626132382d646635393966356436373764', false, '\x7b7d', 1540345933746, 1540345933746, '', 0, '{"x":0,"y":0,"z":0}'),
	('\x71485a476a6c662d52343278656757554c414f487867', '\x', '\x513051327147782d534a2d62386e5732675842667251', '', '{"x":-17.200487,"y":0.46000072,"z":-17.94898}', '{"x":1,"y":1,"z":1}', '\x3133', true, '\x7b22537461746963223a66616c73652c22436f6c6f72223a7b2272223a302e302c2267223a302e302c2262223a302e302c2261223a302e307d7d', 1538530612432, 1538530612432, '', 0, '{}'),
	('\x714c476f2d664b2d5243616274714b35547944566177', '\x', '\x766b5f324f426659517865795779633878496d6f5467', 'Chess Set Segment 7', '{"x":5.9385037,"y":0.11,"z":-8.486779}', '{"x":1,"y":1,"z":1}', '\x66633762626236612d396234372d346631362d613765312d666230353235343261346262', true, '\x7b7d', 1540780431150, 1540780431150, 'GVDp5g6ETYmZD_FIzFuY6g', 7, '{"y":270}'),
	('\x714c75684631706b5235654367367870663641396651', '\x6f554f57765844795253794a6b725131455959777451', '\x513051327147782d534a2d62386e5732675842667251', '', '{"x":5.3496313,"y":0.03553372,"z":-6.2541275}', '{"x":1,"y":1,"z":1}', '\x3130', true, '\x7b22537461746963223a66616c73652c22436f6c6f72223a7b2272223a302e302c2267223a302e302c2262223a302e302c2261223a302e307d7d', 1538529442994, 1538529442994, '', 0, '{"x":270,"y":200.09871}'),
	('\x714d6a47644b455a526c57436e58357044467a4d6d77', '\x', '\x31544f6761396a545278363452674272367766696467', 'Arcade Shooter', '{"x":-1.0415082,"y":5.2385006,"z":-1.7074132}', '{"x":1,"y":1,"z":1}', '\x31646264373739642d346662332d343963632d396162302d376562306431633637393230', true, '\x7b7d', 1540599932984, 1540599932984, '', 0, '{}'),
	('\x715a4e6869303438527a4b4a6349554b736b6c6f7241', '\x', '\x3571644d6a4b555051342d6f4f613752336c43577041', 'Chess Set Segment 19', '{"x":0.62312925,"y":0.11,"z":3.1670804}', '{"x":1,"y":1,"z":1}', '\x66633762626236612d396234372d346631362d613765312d666230353235343261346262', true, '\x7b7d', 1540769664832, 1540769664832, '9Cfi7HpiS7eEC9uFblzy1w', 19, '{"y":90}'),
	('\x71784b6c2d4e4c4251474b35702d6952577070517877', '\x', '\x766b5f324f426659517865795779633878496d6f5467', 'Chess Set Segment 22', '{"x":5.6811585,"y":0.15771127,"z":-9.068554}', '{"x":1,"y":1,"z":1}', '\x66633762626236612d396234372d346631362d613765312d666230353235343261346262', true, '\x7b7d', 1540780431150, 1540780431150, 'GVDp5g6ETYmZD_FIzFuY6g', 22, '{"x":0.00057018036,"y":100.34523,"z":-0.0011328972}'),
	('\x71796b546e4d7a7a524e657673784f5a5874316b7577', '\x', '\x585f4164556d5138524269364562754e3261527a5a41', 'Chess Set Segment 15', '{"x":-2.030431,"y":5.4295526,"z":-1.732174}', '{"x":1,"y":1,"z":1}', '\x66633762626236612d396234372d346631362d613765312d666230353235343261346262', true, '\x7b7d', 1541007053892, 1541007053892, 'hAHOTQ4-RGKvD34J3aHW0Q', 15, '{"y":90}'),
	('\x72433272326f546b537157796f637530697152315467', '\x', '\x307a415a2d626b50515853586e7352577849456a4367', 'Table02', '{"x":"Infinity","y":"Infinity","z":"Infinity"}', '{"x":1,"y":1,"z":1}', '\x31353131393963612d633965352d346539392d616466642d666539646164646337646432', true, '\x7b7d', 1541199583621, 1541199583621, '', 0, '{}'),
	('\x7256744147565334547a4f6d57765f6c5a7249427467', '\x', '\x467850574d485147546b6555454b723439742d745841', 'Chess Set Segment 24', '{"x":-1.7752037,"y":0.11,"z":-1.6298907}', '{"x":1,"y":1,"z":1}', '\x66633762626236612d396234372d346631362d613765312d666230353235343261346262', true, '\x7b7d', 1540767079879, 1540767079879, 'O_6FOUGUSeiWZp9YPMZN1w', 24, '{"y":90}'),
	('\x725a546c51542d63534965415452304579476f754241', '\x', '\x513051327147782d534a2d62386e5732675842667251', '', '{"x":-6.285626,"y":0.024475625,"z":-12.383812}', '{"x":1,"y":1,"z":1}', '\x30316538313164642d653765382d343232652d393665372d623863323039653032616236', true, '\x7b22537461746963223a66616c73652c22436f6c6f72223a7b2272223a302e302c2267223a302e302c2262223a302e302c2261223a302e307d7d', 1538529300282, 1538529300282, '', 0, '{"x":276.60535,"y":303.84485,"z":32.27856}'),
	('\x726150744a72417a525579684b4c61554a3266317267', '\x', '\x3571644d6a4b555051342d6f4f613752336c43577041', 'Chess Set Segment 14', '{"x":0.8851292,"y":0.11,"z":2.6580803}', '{"x":1,"y":1,"z":1}', '\x66633762626236612d396234372d346631362d613765312d666230353235343261346262', true, '\x7b7d', 1540769664832, 1540769664832, '9Cfi7HpiS7eEC9uFblzy1w', 14, '{"y":90}'),
	('\x72756336316c4c655461475373323955727361713741', '\x', '\x467850574d485147546b6555454b723439742d745841', 'Arcade Shooter', '{"x":-3.2138586,"y":-2.3841858e-7,"z":1.8878717}', '{"x":1,"y":1,"z":1}', '\x31646264373739642d346662332d343963632d396162302d376562306431633637393230', true, '\x7b7d', 1540767140739, 1540767140739, '', 0, '{}'),
	('\x7333375259787345525f7532647a72445f4947584567', '\x', '\x3571644d6a4b555051342d6f4f613752336c43577041', 'Chess Set Segment 28', '{"x":2.423129,"y":0.11,"z":2.4020803}', '{"x":1,"y":1,"z":1}', '\x66633762626236612d396234372d346631362d613765312d666230353235343261346262', true, '\x7b7d', 1540769664832, 1540769664832, '9Cfi7HpiS7eEC9uFblzy1w', 28, '{"y":270}'),
	('\x7344757264736f425238714967434438423670615751', '\x', '\x616930544e4133305344695151315151546f756f7741', 'Chess Set Segment 1', '{"x":2.8999088,"y":13.931638,"z":-0.86385703}', '{"x":1,"y":1,"z":1}', '\x66633762626236612d396234372d346631362d613765312d666230353235343261346262', true, '\x7b7d', 1541006424847, 1541006424847, 'PsmrnIKOSJC9gIk9AZUUVA', 1, '{"y":270}'),
	('\x734b5f756553772d5143697135426d745045615f7651', '\x', '\x35506d444e59627352596d5366692d33464f63513541', 'Chess Set Segment 9', '{"x":1.0281615,"y":5.352801,"z":0.37218237}', '{"x":1,"y":1,"z":1}', '\x66633762626236612d396234372d346631362d613765312d666230353235343261346262', true, '\x7b7d', 1541180264252, 1541180264252, '_3vvB_CkQHi8doROiGBQlA', 9, '{"y":270}'),
	('\x73616f77444362475475364536776376737542636241', '\x', '\x384f70753869314b52684f446f4f512d724e705f4351', 'Chess Set Segment 26', '{"x":11.760984,"y":3.8211768,"z":-1.043494}', '{"x":1,"y":1,"z":1}', '\x66633762626236612d396234372d346631362d613765312d666230353235343261346262', true, '\x7b7d', 1540599892113, 1540599892113, 'tK698UsAQm2TtXZzgEQ2_g', 26, '{"y":90}'),
	('\x736d4a345f624761514e2d7a43614b566c676f733551', '\x', '\x4c4b326c4f397969547736724a4c4342787a536a7a77', 'Kitchen Table02', '{"x":-2.7067447,"y":-0.63670194,"z":-0.051742036}', '{"x":1,"y":1,"z":1}', '\x61343135303037312d323964342d343433372d623630362d356361663830666264643634', true, '\x7b7d', 1541115760286, 1541115760286, '', 0, '{"x":-0.00020252935,"y":271.64035,"z":-0.00004731428}');

INSERT INTO entities (id, user_id, space_id, display_name, "position", scale, asset_id, online, metadata, created_at, updated_at, group_id, segment_id, rotation) VALUES
	('\x73752d6e43364966545471786e5a326d6f63597a4877', '\x', '\x766b5f324f426659517865795779633878496d6f5467', 'Chess Set Segment 32', '{"x":6.200504,"y":0.11,"z":-8.488779}', '{"x":1,"y":1,"z":1}', '\x66633762626236612d396234372d346631362d613765312d666230353235343261346262', true, '\x7b7d', 1540780431150, 1540780431150, 'GVDp5g6ETYmZD_FIzFuY6g', 32, '{"y":270}'),
	('\x73775234514b5471516c65366c51355067686b707467', '\x', '\x513051327147782d534a2d62386e5732675842667251', '', '{"x":-18.077976,"y":0.08339158,"z":-15.132723}', '{"x":1,"y":1,"z":1}', '\x3233', true, '\x7b22537461746963223a66616c73652c22436f6c6f72223a7b2272223a302e302c2267223a302e302c2262223a302e302c2261223a302e307d7d', 1538530353632, 1538530353632, '', 0, '{}'),
	('\x737856584f766b445455652d35587a6d6b78736d3367', '\x', '\x35506d444e59627352596d5366692d33464f63513541', 'Chess Set Segment 24', '{"x":-0.50983846,"y":5.352801,"z":-1.1568177}', '{"x":1,"y":1,"z":1}', '\x66633762626236612d396234372d346631362d613765312d666230353235343261346262', true, '\x7b7d', 1541180264252, 1541180264252, '_3vvB_CkQHi8doROiGBQlA', 24, '{"y":90}'),
	('\x74624b4a3259424a53316538664453525f6874624e51', '\x', '\x513051327147782d534a2d62386e5732675842667251', '', '{"x":-11.038839,"y":0.0666104,"z":-3.0338204}', '{"x":1,"y":1,"z":1}', '\x3232', true, '\x7b22537461746963223a66616c73652c22436f6c6f72223a7b2272223a302e302c2267223a302e302c2262223a302e302c2261223a302e307d7d', 1538692452952, 1538692452952, '', 0, '{}'),
	('\x74686f6254474165535379686c6a576a334e6d595a51', '\x', '\x35506d444e59627352596d5366692d33464f63513541', 'Chess Set Segment 29', '{"x":1.2901615,"y":5.352801,"z":-0.39127326}', '{"x":1,"y":1,"z":1}', '\x66633762626236612d396234372d346631362d613765312d666230353235343261346262', true, '\x7b7d', 1541180264252, 1541180264252, '_3vvB_CkQHi8doROiGBQlA', 29, '{"y":270}'),
	('\x75323332676a5f46545f537553456f3067476d357651', '\x', '\x384f70753869314b52684f446f4f512d724e705f4351', 'Chess Set Segment 8', '{"x":13.0369835,"y":3.8211768,"z":0.48050594}', '{"x":1,"y":1,"z":1}', '\x66633762626236612d396234372d346631362d613765312d666230353235343261346262', true, '\x7b7d', 1540599892113, 1540599892113, 'tK698UsAQm2TtXZzgEQ2_g', 8, '{"y":270}'),
	('\x75536f2d6c4637485478476c5a77365a705044334267', '\x', '\x616930544e4133305344695151315151546f756f7741', 'Chess Set Segment 20', '{"x":1.0999088,"y":13.931638,"z":0.39914298}', '{"x":1,"y":1,"z":1}', '\x66633762626236612d396234372d346631362d613765312d666230353235343261346262', true, '\x7b7d', 1541006424847, 1541006424847, 'PsmrnIKOSJC9gIk9AZUUVA', 20, '{"y":90}'),
	('\x75586c4b664876425268656e346c52336f34766e6a67', '\x', '\x766b5f324f426659517865795779633878496d6f5467', 'Chess Set Segment 9', '{"x":5.420277,"y":0.15770777,"z":-9.381217}', '{"x":1,"y":1,"z":1}', '\x66633762626236612d396234372d346631362d613765312d666230353235343261346262', true, '\x7b7d', 1540780431150, 1540780431150, 'GVDp5g6ETYmZD_FIzFuY6g', 9, '{"x":-0.00035792726,"y":284.45346,"z":-0.00065605954}'),
	('\x755a387836397032524e435349387a47414174794877', '\x', '\x766b5f324f426659517865795779633878496d6f5467', 'Chess Set Segment 27', '{"x":6.200504,"y":0.11,"z":-9.259779}', '{"x":1,"y":1,"z":1}', '\x66633762626236612d396234372d346631362d613765312d666230353235343261346262', true, '\x7b7d', 1540780431150, 1540780431150, 'GVDp5g6ETYmZD_FIzFuY6g', 27, '{"y":270}'),
	('\x755a776d6d386e575438474765687363633147434241', '\x', '\x4a435f75776f325952632d36484f7647345434516177', 'Chess Set Segment 16', '{"x":1.3872142,"y":0.11,"z":-0.21623838}', '{"x":1,"y":1,"z":1}', '\x66633762626236612d396234372d346631362d613765312d666230353235343261346262', true, '\x7b7d', 1540512333481, 1540512333481, 'mk21pikbQkqHcEu5pL7EKA', 16, '{"x":0.000013872859,"y":86.72886,"z":-0.000012366703}'),
	('\x756e47645051474c5259695130734957467a31336841', '\x', '\x467850574d485147546b6555454b723439742d745841', 'Chess Set Segment 26', '{"x":-1.5132039,"y":0.11,"z":-1.8798907}', '{"x":1,"y":1,"z":1}', '\x66633762626236612d396234372d346631362d613765312d666230353235343261346262', true, '\x7b7d', 1540767079879, 1540767079879, 'O_6FOUGUSeiWZp9YPMZN1w', 26, '{"y":90}'),
	('\x756e695856533336537257574c4638716f4938797541', '\x', '\x467850574d485147546b6555454b723439742d745841', 'Chess Set Segment 4', '{"x":-0.23720379,"y":0.11,"z":-1.3598908}', '{"x":1,"y":1,"z":1}', '\x66633762626236612d396234372d346631362d613765312d666230353235343261346262', true, '\x7b7d', 1540767079879, 1540767079879, 'O_6FOUGUSeiWZp9YPMZN1w', 4, '{"y":270}'),
	('\x75762d6959715a715155325f79672d466f5548324967', '\x', '\x513051327147782d534a2d62386e5732675842667251', '', '{"x":-13.789155,"y":0.0000010728836,"z":-12.891112}', '{"x":1,"y":1,"z":1}', '\x39', true, '\x7b22537461746963223a66616c73652c22436f6c6f72223a7b2272223a302e302c2267223a302e302c2262223a302e302c2261223a302e307d7d', 1538529672225, 1538529672225, '', 0, '{"x":0.0039954283,"y":1.2010257,"z":0.00015457414}'),
	('\x76564c7746443552527a4f3033486f5a454c4e6c3177', '\x', '\x4a435f75776f325952632d36484f7647345434516177', 'Chess Set Segment 32', '{"x":2.9252145,"y":0.11,"z":-0.4652384}', '{"x":1,"y":1,"z":1}', '\x66633762626236612d396234372d346631362d613765312d666230353235343261346262', true, '\x7b7d', 1540512333481, 1540512333481, 'mk21pikbQkqHcEu5pL7EKA', 32, '{"y":270}'),
	('\x765a76584e796c70514d6d797139485f74785a6f4967', '\x', '\x585f4164556d5138524269364562754e3261527a5a41', 'Chess Set Segment 20', '{"x":-2.2924309,"y":5.4295526,"z":-1.745174}', '{"x":1,"y":1,"z":1}', '\x66633762626236612d396234372d346631362d613765312d666230353235343261346262', true, '\x7b7d', 1541007053892, 1541007053892, 'hAHOTQ4-RGKvD34J3aHW0Q', 20, '{"y":90}'),
	('\x772d51386f7655525479714d44635a58303739395767', '\x6949744d75516d515150693370695131575743693341', '\x4751414d42395a33535032657258346e554674737477', 'The Joker', '{"x":0,"y":0,"z":0}', '{"x":1,"y":1,"z":1}', '\x34343839333737322d613462662d346330392d626132382d646635393966356436373764', false, '\x7b7d', 1540488482154, 1540488482154, '', 0, '{"x":0,"y":0,"z":0}'),
	('\x7735484f4e68654c535171516835704d74656f4b5977', '\x', '\x35506d444e59627352596d5366692d33464f63513541', 'Chess Set Segment 30', '{"x":1.2901615,"y":5.352801,"z":-1.1498177}', '{"x":1,"y":1,"z":1}', '\x66633762626236612d396234372d346631362d613765312d666230353235343261346262', true, '\x7b7d', 1541180264252, 1541180264252, '_3vvB_CkQHi8doROiGBQlA', 30, '{"y":270}'),
	('\x776557334a33377852436d4e6e55494b2d4358413451', '\x', '\x766b5f324f426659517865795779633878496d6f5467', 'Chess Set Segment 21', '{"x":4.4005036,"y":0.11,"z":-8.748779}', '{"x":1,"y":1,"z":1}', '\x66633762626236612d396234372d346631362d613765312d666230353235343261346262', true, '\x7b7d', 1540780431150, 1540780431150, 'GVDp5g6ETYmZD_FIzFuY6g', 21, '{"y":90}'),
	('\x776868486c464231514547326c5359323468466d7877', '\x', '\x3571644d6a4b555051342d6f4f613752336c43577041', 'Chess Set Segment 25', '{"x":0.62312925,"y":0.11,"z":1.6430805}', '{"x":1,"y":1,"z":1}', '\x66633762626236612d396234372d346631362d613765312d666230353235343261346262', true, '\x7b7d', 1540769664832, 1540769664832, '9Cfi7HpiS7eEC9uFblzy1w', 25, '{"y":90}'),
	('\x776a4a514931573253496d556a73715f585675634f51', '\x', '\x4a435f75776f325952632d36484f7647345434516177', 'Chess Set Segment 29', '{"x":2.9252145,"y":0.11,"z":-0.7246939}', '{"x":1,"y":1,"z":1}', '\x66633762626236612d396234372d346631362d613765312d666230353235343261346262', true, '\x7b7d', 1540512333481, 1540512333481, 'mk21pikbQkqHcEu5pL7EKA', 29, '{"x":-0.0002458408,"y":269.75235,"z":0.0015431567}'),
	('\x776b31716e505f5751504b4f55774c594e56486c7151', '\x', '\x467850574d485147546b6555454b723439742d745841', 'Chess Set Segment 8', '{"x":2.51408,"y":0.11,"z":0.7807583}', '{"x":1,"y":1,"z":1}', '\x66633762626236612d396234372d346631362d613765312d666230353235343261346262', true, '\x7b7d', 1540767048851, 1540767048851, 'dVUyRpj8SMCr4AeU-xx1Hg', 8, '{"y":270}'),
	('\x783072504872594453644b38664a56775075506c5667', '\x', '\x4a435f75776f325952632d36484f7647345434516177', 'Chess Set Segment 24', '{"x":1.1252142,"y":0.11,"z":-1.4902384}', '{"x":1,"y":1,"z":1}', '\x66633762626236612d396234372d346631362d613765312d666230353235343261346262', true, '\x7b7d', 1540512333481, 1540512333481, 'mk21pikbQkqHcEu5pL7EKA', 24, '{"y":90}'),
	('\x784a30516162567351384f66302d2d6b4d6e31327341', '\x', '\x6a6d4959684f336d515761417a3579794777326d6567', 'Maden Statue', '{"x":-5.471508,"y":5.4959846,"z":-4.8691907}', '{"x":1,"y":1,"z":1}', '\x3132', true, '\x7b7d', 1540691562161, 1540691562161, '', 0, '{"x":81.47451,"y":286.80173,"z":213.25099}'),
	('\x78532d626d554b595176475f44484a4b4d6c2d6a6767', '\x', '\x677048674d75317554507144554a4c316c594e6f5877', 'Painting 02', '{"x":-1.5841806,"y":2.3830726,"z":1.8848078}', '{"x":1,"y":1,"z":1}', '\x3130', true, '\x7b7d', 1541119395601, 1541119395601, '', 0, '{"y":307.6187}'),
	('\x787233516730585354304338717149464f6142307067', '\x', '\x455043756c70555f5130476831646c4f763332336751', 'Book01', '{"x":2.4219952,"y":-0.9273534,"z":1.0456855}', '{"x":1,"y":1,"z":1}', '\x35323039333665362d616436312d346666622d396661382d643761326164306531393434', true, '\x7b7d', 1540690873991, 1540690873991, '', 0, '{}'),
	('\x78724566717a4f735153753538417969684c31656451', '\x', '\x35506d444e59627352596d5366692d33464f63513541', 'Chess Set Segment 3', '{"x":1.0281615,"y":5.352801,"z":-1.1458178}', '{"x":1,"y":1,"z":1}', '\x66633762626236612d396234372d346631362d613765312d666230353235343261346262', true, '\x7b7d', 1541180264252, 1541180264252, '_3vvB_CkQHi8doROiGBQlA', 3, '{"x":0.0002434935,"y":255.90419,"z":0.009744682}'),
	('\x787335396d56555451376946303371594162526b6a77', '\x', '\x35506d444e59627352596d5366692d33464f63513541', 'Barrel02', '{"x":4.040845,"y":5.2256265,"z":-0.16046122}', '{"x":1,"y":1,"z":1}', '\x35316564323331372d633631662d346661612d393836622d316163386434336632386238', true, '\x7b7d', 1541180055895, 1541180055895, '', 0, '{"y":84.54222}'),
	('\x78736773636f4f555154755630666471323757647877', '\x', '\x796b617935785035516375687033536e7163334d5177', 'Table02', '{"x":0.8308984,"z":1.8192328}', '{"x":1,"y":1,"z":1}', '\x31353131393963612d633965352d346539392d616466642d666539646164646337646432', true, '\x7b7d', 1540590362684, 1540590362684, '', 0, '{}'),
	('\x7934665a69536374513336434d543165713648364f67', '\x', '\x714b7a634b526c43514b7933625362664a4757303967', 'Table02', '{"x":4.1428614,"y":0.020297825,"z":2.3398588}', '{"x":1,"y":1,"z":1}', '\x31353131393963612d633965352d346539392d616466642d666539646164646337646432', true, '\x7b7d', 1541181179013, 1541181179013, '', 0, '{"x":358.49628,"y":71.67432,"z":0.0212949}'),
	('\x7959564668477963545f32344146575f754547395067', '\x', '\x467850574d485147546b6555454b723439742d745841', 'Chess Set Segment 0', '{"x":-0.8894213,"y":0.0050493106,"z":-0.97303104}', '{"x":1,"y":1,"z":1}', '\x66633762626236612d396234372d346631362d613765312d666230353235343261346262', true, '\x7b7d', 1540767079879, 1540767079879, 'O_6FOUGUSeiWZp9YPMZN1w', 0, '{"x":359.74664,"y":0.8796601,"z":0.039512377}'),
	('\x795f572d72576a4d524b5374394c7532416f572d6451', '\x', '\x616930544e4133305344695151315151546f756f7741', 'Chess Set Segment 29', '{"x":2.8999088,"y":13.931638,"z":0.14868748}', '{"x":1,"y":1,"z":1}', '\x66633762626236612d396234372d346631362d613765312d666230353235343261346262', true, '\x7b7d', 1541006424847, 1541006424847, 'PsmrnIKOSJC9gIk9AZUUVA', 29, '{"y":270}'),
	('\x796565557a536e48546c614f6b4b56397265696c5a51', '\x', '\x796b617935785035516375687033536e7163334d5177', 'Can01', '{"x":0.084244944,"y":-0.027391806,"z":-0.8487925}', '{"x":1,"y":1,"z":1}', '\x64666336363664342d643731362d346166322d613566652d393530316264323536626233', true, '\x7b7d', 1540530043259, 1540530043259, '', 0, '{"x":0.0033057746,"y":35.41095,"z":-0.0011744116}'),
	('\x79664c6e78325946526b75727673395f4a4b33536541', '\x', '\x6a6d4959684f336d515761417a3579794777326d6567', 'Small Plant 02 ', '{"x":-2.1735382,"y":5.3024745,"z":-3.687801}', '{"x":1,"y":1,"z":1}', '\x37', true, '\x7b7d', 1540691520683, 1540691520683, '', 0, '{"x":72.69931,"y":31.604986,"z":22.943855}'),
	('\x796a39587965557a5261753976346b65563043485177', '\x', '\x585f4164556d5138524269364562754e3261527a5a41', 'Chess Set Segment 12', '{"x":-2.030431,"y":5.4295526,"z":-2.506174}', '{"x":1,"y":1,"z":1}', '\x66633762626236612d396234372d346631362d613765312d666230353235343261346262', true, '\x7b7d', 1541007053892, 1541007053892, 'hAHOTQ4-RGKvD34J3aHW0Q', 12, '{"y":90}'),
	('\x796b316b6734442d54627130716b6f617151314c4451', '\x', '\x467850574d485147546b6555454b723439742d745841', 'Chess Set Segment 31', '{"x":0.024796188,"y":0.11,"z":-0.35889065}', '{"x":1,"y":1,"z":1}', '\x66633762626236612d396234372d346631362d613765312d666230353235343261346262', true, '\x7b7d', 1540767079879, 1540767079879, 'O_6FOUGUSeiWZp9YPMZN1w', 31, '{"y":270}'),
	('\x796d4644454d6348514779786e6255436a766c727441', '\x', '\x6a6d4959684f336d515761417a3579794777326d6567', 'Painting 02', '{"x":2.4908323,"y":5.2127476,"z":-2.5600963}', '{"x":1,"y":1,"z":1}', '\x3130', true, '\x7b7d', 1540687941552, 1540687941552, '', 0, '{"x":84.486015,"y":93.22488,"z":69.135735}'),
	('\x79755766795767585436533243494e4c376b75445477', '\x', '\x3571644d6a4b555051342d6f4f613752336c43577041', 'Chess Set Segment 6', '{"x":2.1611292,"y":0.11,"z":2.6690805}', '{"x":1,"y":1,"z":1}', '\x66633762626236612d396234372d346631362d613765312d666230353235343261346262', true, '\x7b7d', 1540769664832, 1540769664832, '9Cfi7HpiS7eEC9uFblzy1w', 6, '{"y":270}'),
	('\x7a2d313562795761534f4f796f5a3268486479727277', '\x', '\x3571644d6a4b555051342d6f4f613752336c43577041', 'Chess Set Segment 21', '{"x":0.62312925,"y":0.11,"z":2.6580803}', '{"x":1,"y":1,"z":1}', '\x66633762626236612d396234372d346631362d613765312d666230353235343261346262', true, '\x7b7d', 1540769664832, 1540769664832, '9Cfi7HpiS7eEC9uFblzy1w', 21, '{"x":-0.0007026082,"y":91.71924,"z":-0.0052974913}'),
	('\x7a3450727258776b533665466d725a31547838644441', '\x', '\x766b5f324f426659517865795779633878496d6f5467', 'Chess Set Segment 24', '{"x":4.4005036,"y":0.11,"z":-9.513779}', '{"x":1,"y":1,"z":1}', '\x66633762626236612d396234372d346631362d613765312d666230353235343261346262', true, '\x7b7d', 1540780431150, 1540780431150, 'GVDp5g6ETYmZD_FIzFuY6g', 24, '{"y":90}'),
	('\x7a3550474b3351415479713537534a345430674f6677', '\x', '\x766b5f324f426659517865795779633878496d6f5467', 'Chess Set Segment 17', '{"x":5.191298,"y":0.15770629,"z":-8.83258}', '{"x":1,"y":1,"z":1}', '\x66633762626236612d396234372d346631362d613765312d666230353235343261346262', true, '\x7b7d', 1540780431150, 1540780431150, 'GVDp5g6ETYmZD_FIzFuY6g', 17, '{"x":0.001561565,"y":76.8263,"z":0.0005848327}'),
	('\x7a4f6c3873684b6a51384b422d366738706d6b326f77', '\x', '\x766b5f324f426659517865795779633878496d6f5467', 'Chess Set Segment 8', '{"x":5.9385037,"y":0.11,"z":-8.2397785}', '{"x":1,"y":1,"z":1}', '\x66633762626236612d396234372d346631362d613765312d666230353235343261346262', true, '\x7b7d', 1540780431150, 1540780431150, 'GVDp5g6ETYmZD_FIzFuY6g', 8, '{"y":270}'),
	('\x7a5f4c417a73502d5165577237616461595469767677', '\x', '\x766b5f324f426659517865795779633878496d6f5467', 'Chess Set Segment 28', '{"x":6.200504,"y":0.11,"z":-9.004779}', '{"x":1,"y":1,"z":1}', '\x66633762626236612d396234372d346631362d613765312d666230353235343261346262', true, '\x7b7d', 1540780431150, 1540780431150, 'GVDp5g6ETYmZD_FIzFuY6g', 28, '{"y":270}'),
	('\x7a622d4a71316876514b4f747a446d4c79576c6d7a67', '\x', '\x3571644d6a4b555051342d6f4f613752336c43577041', 'Chess Set Segment 30', '{"x":2.423129,"y":0.11,"z":1.9000804}', '{"x":1,"y":1,"z":1}', '\x66633762626236612d396234372d346631362d613765312d666230353235343261346262', true, '\x7b7d', 1540769664832, 1540769664832, '9Cfi7HpiS7eEC9uFblzy1w', 30, '{"y":270}'),
	('\x7a65645a59326d5351344b47724b4e6c314264735377', '\x', '\x467850574d485147546b6555454b723439742d745841', 'Chess Set Segment 32', '{"x":2.7760801,"y":0.11,"z":0.53175825}', '{"x":1,"y":1,"z":1}', '\x66633762626236612d396234372d346631362d613765312d666230353235343261346262', true, '\x7b7d', 1540767048851, 1540767048851, 'dVUyRpj8SMCr4AeU-xx1Hg', 32, '{"y":270}'),
	('\x7a6631675a5f54675442693441446151476637586967', '\x', '\x3571644d6a4b555051342d6f4f613752336c43577041', 'Chess Set Segment 17', '{"x":0.8851292,"y":0.11,"z":3.4270802}', '{"x":1,"y":1,"z":1}', '\x66633762626236612d396234372d346631362d613765312d666230353235343261346262', true, '\x7b7d', 1540769664832, 1540769664832, '9Cfi7HpiS7eEC9uFblzy1w', 17, '{"y":90}'),
	('\x7a704d46436f796f545557624f506c46414e4d424c67', '\x', '\x3571644d6a4b555051342d6f4f613752336c43577041', 'Chess Set Segment 18', '{"x":0.62312925,"y":0.11,"z":3.4130805}', '{"x":1,"y":1,"z":1}', '\x66633762626236612d396234372d346631362d613765312d666230353235343261346262', true, '\x7b7d', 1540769664832, 1540769664832, '9Cfi7HpiS7eEC9uFblzy1w', 18, '{"y":90}'),
	('\x7a74766a31564d36522d794d6b79714f6d397a573151', '\x', '\x35506d444e59627352596d5366692d33464f63513541', 'Chess Set Segment 15', '{"x":-0.2478385,"y":5.352801,"z":-0.12781775}', '{"x":1,"y":1,"z":1}', '\x66633762626236612d396234372d346631362d613765312d666230353235343261346262', true, '\x7b7d', 1541180264252, 1541180264252, '_3vvB_CkQHi8doROiGBQlA', 15, '{"y":90}'),
	('\x7a75626b626b706b5164616c6f536f4969515a485f51', '\x', '\x384f70753869314b52684f446f4f512d724e705f4351', 'Chess Set Segment 29', '{"x":13.298984,"y":3.8211768,"z":-0.027949572}', '{"x":1,"y":1,"z":1}', '\x66633762626236612d396234372d346631362d613765312d666230353235343261346262', true, '\x7b7d', 1540599892113, 1540599892113, 'tK698UsAQm2TtXZzgEQ2_g', 29, '{"y":270}'),
	('\x7a784c722d4f556554634b304a784e6d666330763777', '\x', '\x4c4b326c4f397969547736724a4c4342787a536a7a77', 'Painting 02', '{"x":-1.9102399,"y":-0.61546975,"z":-0.592437}', '{"x":1,"y":1,"z":1}', '\x3130', true, '\x7b7d', 1541115852253, 1541115852253, '', 0, '{"y":252.76938}'),
	('\x7a7a7931365a55435370324275417672367a71484b77', '\x', '\x513051327147782d534a2d62386e5732675842667251', '', '{"x":0.20500956,"y":-0.023034802,"z":0.26089385}', '{"x":1,"y":1,"z":1}', '\x37373036396664612d303465312d343336642d396238622d333163363866663132373263', true, '\x7b22537461746963223a66616c73652c22436f6c6f72223a7b2272223a302e302c2267223a302e302c2262223a302e302c2261223a302e307d7d', 1538529230995, 1538529230995, '', 0, '{"x":5.160086,"y":2.510859,"z":359.83884}');

INSERT INTO group_edge (source_id, "position", updated_at, destination_id, state) VALUES
	('\x3042544c78467a7a5168754361693773334236373551', 1533923083918, 1533923083918, '\x62646238353564322d613330352d343233362d396438662d666161373362313233313630', 0),
	('\x31784d68524b724a523465747a354b52566164676b41', 1533923083963, 1533923083963, '\x37363461356139322d393465652d343037622d383738342d356639356466643139613461', 0),
	('\x37363461356139322d393465652d343037622d383738342d356639356466643139613461', 1533923083963, 1533923083963, '\x31784d68524b724a523465747a354b52566164676b41', 0),
	('\x4653336375614369547653326e6d4153516874494c67', 1533923083960, 1533923083960, '\x61666263373364342d383933612d343463342d613936332d643234663734636136613339', 0),
	('\x61666263373364342d383933612d343463342d613936332d643234663734636136613339', 1533923083960, 1533923083960, '\x4653336375614369547653326e6d4153516874494c67', 0),
	('\x62646238353564322d613330352d343233362d396438662d666161373362313233313630', 1533923083918, 1533923083918, '\x3042544c78467a7a5168754361693773334236373551', 0);

INSERT INTO groups (id, creator_id, "name", description, avatar_url, lang, utc_offset_ms, metadata, state, count, created_at, updated_at, disabled_at) VALUES
	('\x3042544c78467a7a5168754361693773334236373551', '\x62646238353564322d613330352d343233362d396438662d666161373362313233313630', '1533923083917186000', 'desc', NULL, 'en', 0, '\x7b226b6579223a2276616c7565227d', 1, 1, 1533923083918, 1533923083918, 0),
	('\x31784d68524b724a523465747a354b52566164676b41', '\x37363461356139322d393465652d343037622d383738342d356639356466643139613461', '1533923083959282000', 'desc', NULL, 'en', 0, '\x7b226b6579223a2276616c7565227d', 1, 1, 1533923083963, 1533923083963, 0),
	('\x4653336375614369547653326e6d4153516874494c67', '\x61666263373364342d383933612d343463342d613936332d643234663734636136613339', '1533923083959279000', 'desc', NULL, 'en', 0, '\x7b226b6579223a2276616c7565227d', 1, 1, 1533923083960, 1533923083960, 0);

INSERT INTO leaderboard (id, authoritative, sort_order, count, reset_schedule, metadata) VALUES
	('\x66393139333436362d333838362d343666352d383461382d383630623733623433306638', false, 1, 0, '0 0 * * 1', '\x7b22776561746865725f636f6e646974696f6e73223a227261696e227d');

INSERT INTO migration_info (id, applied_at) VALUES
	('20170115200001_initial_schema.sql', '2018-08-10 18:04:09.801393+00:00'),
	('20170228205100_leaderboards.sql', '2018-08-10 18:04:10.772189+00:00'),
	('20170620104217_storage_list_purchase_notifications.sql', '2018-08-10 18:04:11.805745+00:00'),
	('20171102123912_format_identifiers.sql', '2018-08-10 18:04:12.718163+00:00'),
	('20171212154402_last_online.sql', '2018-08-10 18:04:12.848471+00:00'),
	('20180101132000_space.sql', '2018-08-10 18:04:13.168583+00:00'),
	('20180102113100_entity.sql', '2018-08-10 18:04:13.729278+00:00'),
	('20180312033200_modify_user.sql', '2018-08-10 18:04:14.066519+00:00'),
	('20180501024200_asset.sql', '2018-08-10 18:04:14.240252+00:00'),
	('20180808050100_avatars_view.sql', '2018-08-10 18:04:14.281693+00:00'),
	('20180808050200_entities_view.sql', '2018-08-10 18:04:14.345111+00:00'),
	('20180813141500_add_version_to_thumbnail.sql', '2018-08-20 23:09:24.292076+00:00'),
	('20180814114200_add_asset_id_to_spaces.sql', '2018-08-20 23:09:24.830554+00:00'),
	('20180814144400_spaces_view.sql', '2018-08-20 23:09:25.261842+00:00'),
	('20181016113400_add_segment_and_group_to_entity.sql', '2018-10-19 00:23:16.257941+00:00'),
	('20181016114100_add_has_segments_to_asset.sql', '2018-10-19 00:23:16.548439+00:00'),
	('20181016115000_asset_segment.sql', '2018-10-19 00:23:16.728416+00:00'),
	('20181018093300_add_unique_to_asset_segments.sql', '2018-10-19 05:31:46.016605+00:00'),
	('20181019145200_add_rotation_to_entities.sql', '2018-10-22 23:25:30.975918+00:00'),
	('20181019162300_recreate_entities_view.sql', '2018-10-22 23:25:31.509424+00:00'),
	('20181025190200_delete_views.sql', '2018-10-26 17:52:17.478445+00:00'),
	('20181025190500_recreate_views.sql', '2018-10-26 17:52:17.797974+00:00');

INSERT INTO space_admin (space_id, user_id, state, created_at, updated_at) VALUES
	('\x365541793157385153345341495144394c5f44785667', '\x6949744d75516d515150693370695131575743693341', 0, 1541455717622, 1541455717622),
	('\x38446c5971766a4a53483276485a78345a6d78364f41', '\x6949744d75516d515150693370695131575743693341', 0, 1541114849847, 1541114849847),
	('\x395f343373526e7952462d4f63795978454379414d77', '\x6f554f57765844795253794a6b725131455959777451', 0, 1529097605346, 1529097605346),
	('\x443075446b4d2d5f515665334c4e5859677a64554e67', '\x626b6b325541386751386139524446693136317a7251', 0, 1541179851269, 1541179851269),
	('\x4446617a622d4b35526d4b3961596a67576a53797341', '\x6f554f57765844795253794a6b725131455959777451', 0, 1540922913356, 1540922913356),
	('\x446f65634c46536554664f7947395f4730496b705341', '\x6f554f57765844795253794a6b725131455959777451', 0, 1540772462940, 1540772462940),
	('\x4478753466667153524843784d796769766d4e496e51', '\x2d766375336b596151342d366b574667554e41656741', 0, 1540834042680, 1540834042680),
	('\x466462376a4852355239754565535047644531454641', '\x62454f695473507651354f5631574e797a4349386441', 0, 1540507748691, 1540507748691),
	('\x4751414d42395a33535032657258346e554674737477', '\x6949744d75516d515150693370695131575743693341', 0, 1540401677356, 1540401677356),
	('\x4b4e72766d706c5852527178434e524666632d417867', '\x6f554f57765844795253794a6b725131455959777451', 0, 1540774508440, 1540774508440),
	('\x4b774d706d525a5f53714f6d47437a7931416a637377', '\x6949744d75516d515150693370695131575743693341', 0, 1541114935244, 1541114935244),
	('\x4f434e4b5a63416752342d70765830554e3868714477', '\x6f554f57765844795253794a6b725131455959777451', 0, 1540409148645, 1540409148645),
	('\x4f6266783054484f53652d6d476f795153646d536e77', '\x2d766375336b596151342d366b574667554e41656741', 0, 1540946975167, 1540946975167),
	('\x4f76737a7175536352534b4333657753645a5f434e67', '\x6f554f57765844795253794a6b725131455959777451', 0, 1527831771664, 1527831771664),
	('\x5152714c4e31344b546b61565774314b627956705051', '\x6f554f57765844795253794a6b725131455959777451', 0, 1540696591451, 1540696591451),
	('\x5246477349534764526569466b444c334f495a564c41', '\x6f554f57765844795253794a6b725131455959777451', 0, 1529096924305, 1529096924305),
	('\x52515f7652697268525a32377a6e4e4c70374a777a41', '\x6949744d75516d515150693370695131575743693341', 0, 1540401634852, 1540401634852),
	('\x526d373674366874526475755974504c7a316d4a7267', '\x6f554f57765844795253794a6b725131455959777451', 0, 1540774466916, 1540774466916),
	('\x5675764c6c346b48516875715f48427334516a724d77', '\x62454f695473507651354f5631574e797a4349386441', 0, 1541016900001, 1541016900001),
	('\x5f5f4c50355f7a6251394f466c676d44414b54437341', '\x6f554f57765844795253794a6b725131455959777451', 0, 1540683423270, 1540683423270),
	('\x62577773577a754f544d43655a76656c6a7a37783251', '\x6f554f57765844795253794a6b725131455959777451', 0, 1540766771053, 1540766771053),
	('\x654c48472d32695354356d764b6e6c4a694c36387367', '\x62454f695473507651354f5631574e797a4349386441', 0, 1540835348431, 1540835348431),
	('\x6838627952713275517057504e4e63765a575f774f67', '\x6f554f57765844795253794a6b725131455959777451', 0, 1540409581745, 1540409581745),
	('\x6a41656650736d43517965346d4142552d776e7a3951', '\x62454f695473507651354f5631574e797a4349386441', 0, 1540681767530, 1540681767530),
	('\x6c363370716456545358534c66377a4177536a535f51', '\x62454f695473507651354f5631574e797a4349386441', 0, 1527899567786, 1527899567786),
	('\x6d4a4d747674417153352d5445352d74694461496a67', '\x6f554f57765844795253794a6b725131455959777451', 0, 1540774091372, 1540774091372),
	('\x766a71464e356d6a5436577a494f6d617066787a4b51', '\x6f554f57765844795253794a6b725131455959777451', 0, 1540689578523, 1540689578523),
	('\x773778737a7070485173796e6f476c54544755434c67', '\x62454f695473507651354f5631574e797a4349386441', 0, 1527897862332, 1527897862332),
	('\x7a31654e364d76795244655830633933476150776177', '\x2d766375336b596151342d366b574667554e41656741', 0, 1540778117407, 1540778117407),
	('\x7a3350733352317351446d6b415666784c3333644751', '\x6f554f57765844795253794a6b725131455959777451', 0, 1540423794695, 1540423794695);

SELECT setval('space_seq', 100168, false);

INSERT INTO spaces (id, seq, creator_id, display_name, description, theme, thumbnail_url, lang, utc_offset_ms, metadata, state, count, created_at, updated_at, disabled_at, asset_id) VALUES
	('\x307a415a2d626b50515853586e7352577849456a4367', 100115, '\x62454f695473507651354f5631574e797a4349386441', 'Temple', 'This is a featured temple space.', '', 'http://52.53.222.194/file/a27d07ba-b7aa-4da8-9b21-1d8e11b1ad08_scaled.jpg', 'en', 0, '\x7b7d', 0, 1, 1540677682086, 1541019843939, 0, '\x31353030376664332d346338352d346632372d396364352d383137303937383030306235'),
	('\x314c474b79485a6f534d755072697363756178706341', 100127, '\x62454f695473507651354f5631574e797a4349386441', 'Casino', 'This is a featured casino space.', '', NULL, 'en', 0, '\x7b7d', 0, 1, 1540690674451, 1540690674451, 0, '\x32323635653035322d626135302d343961362d613539662d656562616564343964393132'),
	('\x415f62595f727153543547524a613345417639333041', 100124, '\x62454f695473507651354f5631574e797a4349386441', 'Sea Cove', 'This is a featured sea cove space.', '', NULL, 'en', 0, '\x7b7d', 0, 1, 1540690204336, 1540690204336, 0, '\x61653666383331342d653231642d343064362d393336642d373438373566633165313564'),
	('\x4e55436d7176794953634b636d666c7a41616a665951', 100155, '\x62454f695473507651354f5631574e797a4349386441', 'Clearworld', 'This is a space.', '', NULL, 'en', 0, '\x7b7d', 0, 1, 1541019889068, 1541019889068, 0, '\x32323163643935302d376261352d343032312d393737352d343838643132366232363030'),
	('\x52474b727a367a56517653363064797868576f483851', 100156, '\x62454f695473507651354f5631574e797a4349386441', 'Aurora Game Room', 'This is a featured space.', '', NULL, 'en', 0, '\x7b7d', 0, 1, 1541103868612, 1541103868612, 0, '\x63633664393030652d303366632d346232622d616130612d666133343138356665373764'),
	('\x694e54347842416254507178696a456c675558644277', 100117, '\x62454f695473507651354f5631574e797a4349386441', 'Museum', 'This is a featured museum space.', '', NULL, 'en', 0, '\x7b7d', 0, 1, 1540680976980, 1540680976980, 0, '\x36353231346661352d373339622d346262342d386531352d623835623838653630303139');

SELECT setval('user_seq', 10027, false);

INSERT INTO users (id, handle, fullname, avatar_url, lang, location, timezone, utc_offset_ms, metadata, email, password, facebook_id, google_id, gamecenter_id, steam_id, custom_id, created_at, updated_at, verified_at, disabled_at, avatar_id, seq) VALUES
	('\x2d766375336b596151342d366b574667554e41656741', 'vbrljKufHf', 'jokererer', NULL, 'en', NULL, NULL, 0, '\x7b22686569676874223a3137302c2022686569676874556e6974223a2266656574227d', 'joker@auroralands.com', '\x2432612431302477734e4d3235774a32655847536d594368725059334f4b534165577863506a696974556656674641394461776a7a45464a66644f79', NULL, NULL, NULL, NULL, NULL, 1540776789777, 1540780253450, 0, 0, '\x34343839333737322d613462662d346330392d626132382d646635393966356436373764', 10025),
	('\x45614d4750427642524179784f626134462d30724341', 'xeuhsZsWdF', 'Hermione Granger', 'http://52.53.222.194/file/hermione.png', 'en', NULL, NULL, 0, '\x7b7d', 'hermione@auroralands.com', '\x243261243130246a7863644b637463686348566a31453838356c4e702e6138684a7976766a484948467847557a33782e57344a52444c616175573557', NULL, NULL, NULL, NULL, NULL, 1534960379226, 1534960379226, 0, 0, '\x34343839333737322d613462662d346330392d626132382d646635393966356436373764', 10022),
	('\x4f6a70416131484e5269536953342d6c416f634c4e41', 'TxPGOnBMso', NULL, NULL, 'en', NULL, NULL, 0, '\x7b7d', 'test@test.com', '\x24326124313024497276346c676e74567839424c2f483549734347374f583779594474446f7a64657276765074586a716d7961553750574a4c5a786d', NULL, NULL, NULL, NULL, NULL, 1525382856037, 1525382856037, 0, 0, '\x6176617461722d32', 10011),
	('\x5171795632684b33524f4b346a6d4c50595667433151', 'RfMqBaFbaR', 'Ron Weasley', 'http://52.53.222.194/file/ron.png', 'en', NULL, NULL, 0, '\x7b7d', 'ron@auroralands.com', '\x243261243130242e6d35312f694b527169466f49467174366e706c754f4461573679706932756758456d7a55366675446d796f66677653346d456353', NULL, NULL, NULL, NULL, NULL, 1534960423280, 1534960423280, 0, 0, '\x34343839333737322d613462662d346330392d626132382d646635393966356436373764', 10023),
	('\x53376a485346486e524e61394a42346672574e677967', 'lGAMGTZrIk', 'Bruce Wayne', 'http://52.53.222.194/file/batman.png', 'en', NULL, NULL, 0, '\x7b7d', 'bruce@auroralands.com', '\x24326124313024506f4f656c7375386b4b2e67716c4a476f334b53462e56384e79542e4d6d7a4a7a423469504d5151315166774a2e374e7558783569', NULL, NULL, NULL, NULL, NULL, 1534531972645, 1534531972645, 0, 0, '\x34343839333737322d613462662d346330392d626132382d646635393966356436373764', 10020),
	('\x5578754e577879355146534a78554634457251655677', 'inqsEBwZof', NULL, NULL, 'en', NULL, NULL, 0, '\x7b7d', 'youknowwho@auroralands.com', '\x243261243130246a35672e3248746d32483438494341667a474a64414f2f357571706f5a362f5a7448326f36387544414f3851457837416635704b32', NULL, NULL, NULL, NULL, NULL, 1540776756051, 1540776756051, 0, 0, '\x6176617461722d31', 10024),
	('\x5a686d52624a78785274717465737153477365396c67', 'CtnAYflmZf', NULL, NULL, 'en', NULL, NULL, 0, '\x7b7d', NULL, NULL, NULL, NULL, NULL, NULL, 'python-tester', 1533683710092, 1533683710092, 0, 0, NULL, 10016),
	('\x62454f695473507651354f5631574e797a4349386441', 'bjeTSCTjel', 'Alfred Pennyworth', 'http://52.53.222.194/file/alfred.png', 'en', NULL, NULL, 0, '\x7b22686569676874223a3135302c2022686569676874556e6974223a22636d227d', 'alfred@auroralands.com', '\x2432612431302468634c597a76355763486d434f4d2e68496f4969362e4b783266554f6159797354494e694a4f36796c557331716f2f5650416e3869', NULL, NULL, NULL, NULL, NULL, 1534531913927, 1541180139699, 0, 0, '\x34343839333737322d613462662d346330392d626132382d646635393966356436373764', 10019),
	('\x626b6b325541386751386139524446693136317a7251', 'SjxeCFqlYc', 'joker2', NULL, 'en', NULL, NULL, 0, '\x7b22686569676874223a3137302c2022686569676874556e6974223a2266656574227d', 'joker2@auroralands.com', '\x24326124313024444f62755871326e2e446f746c46545553582e7864753035597a2e4232684d4737674e56797732437a522f6e5143712f63486c5669', NULL, NULL, NULL, NULL, NULL, 1541179648488, 1541179694596, 0, 0, '\x34343839333737322d613462662d346330392d626132382d646635393966356436373764', 10026),
	('\x6949744d75516d515150693370695131575743693341', 'hJQXCWsTLs', 'The Joker', 'http://52.53.222.194/file/joker.png', 'en', NULL, NULL, 0, '\x7b22686569676874223a3136302c2022686569676874556e6974223a22636d227d', 'joker@gmail.com', '\x24326124313024452f427463336a5052783963364d79636837766d332e4858656b5232546a6659457a73707449397330637747376354427975424a32', NULL, NULL, NULL, NULL, NULL, 1534450055942, 1541116027178, 0, 0, '\x34343839333737322d613462662d346330392d626132382d646635393966356436373764', 10018),
	('\x6f554f57765844795253794a6b725131455959777451', 'FNVklxJzpm', 'Harry Potter', 'http://', 'en', NULL, NULL, 0, '\x7b22686569676874223a312e362c2022686569676874556e6974223a2266656574227d', 'harry@auroralands.com', '\x24326124313024625a384f75434b736a376753586d4c3234526c617a2e706231634a57566e6e67376b53643579334e7342765a587945585753314361', NULL, NULL, NULL, NULL, NULL, 1534960326662, 1540854301611, 0, 0, '\x34343839333737322d613462662d346330392d626132382d646635393966356436373764', 10021),
	('\x70344539482d705f536361355877467a535f50714877', 'fhVSTOYciR', 'Tom Riddle', NULL, 'en', NULL, NULL, 0, '\x7b22686569676874223a3137302c2022686569676874556e6974223a22636d227d', 't@gmail.com', '\x243261243130242f546677377a494a43352e676748503943556d35342e716a376535476c546863495173704454416a2e66543761526d6a494b4d4475', NULL, NULL, NULL, NULL, NULL, 1520625017071, 1529627216870, 0, 0, '\x6176617461722d31', 10007);

INSERT INTO storage (id, user_id, bucket, collection, record, value, version, read, write, created_at, updated_at, expires_at, deleted_at) VALUES
	('\x44644a7376676f7154336d453750614669646e4d4677', '\x4a58424970787371534143523170477641732d5f4c51', 'Tencent', 'audio', 'accountType', '\x7b226163636f756e745f74797065223a20223238373733227d', '\x38323035393738373632333533386539656432356331396136356537306236613130666239386662613261633132306138636261386434663032646637656530', 2, 1, 1529020541502, 1529020541502, 0, 0),
	('\x4a434b53675846515447754d47585869475273534e41', '\x4a58424970787371534143523170477641732d5f4c51', 'Tencent', 'audio', 'appId', '\x7b226170705f6964223a202231343030303939373030227d', '\x64656538313431326336393862306332666130303137396538616566386333373639613266343132663335363962353335653461336137636336386264383532', 2, 1, 1529020541502, 1529020541502, 0, 0),
	('\x623947753851664f5371794646302d5a434c67535741', '\x5667524e674c75575234574f4f57625f477144305477', 'Tencent', 'audio', 'accountType', '\x7b226163636f756e745f74797065223a20223238373733227d', '\x38323035393738373632333533386539656432356331396136356537306236613130666239386662613261633132306138636261386434663032646637656530', 2, 1, 1529018532935, 1529018532935, 0, 0),
	('\x6a4d654b39597057516e2d6f4c5a3071365473486167', '\x5667524e674c75575234574f4f57625f477144305477', 'Tencent', 'audio', 'appId', '\x7b226170705f6964223a202231343030303939373030227d', '\x64656538313431326336393862306332666130303137396538616566386333373639613266343132663335363962353335653461336137636336386264383532', 2, 1, 1529018532935, 1529018532935, 0, 0),
	('\x2d7763617a33516d514569514e425939557644433667', '\x70344539482d705f536361355877467a535f50714877', 'Tencent', 'audio', 'accountType', '\x7b226163636f756e745f74797065223a20223238373733227d', '\x38323035393738373632333533386539656432356331396136356537306236613130666239386662613261633132306138636261386434663032646637656530', 2, 1, 1529369646680, 1529369648642, 0, 0),
	('\x62573366553553355256712d42484656636c61674367', '\x70344539482d705f536361355877467a535f50714877', 'Tencent', 'audio', 'appId', '\x7b226170705f6964223a202231343030303939373030227d', '\x64656538313431326336393862306332666130303137396538616566386333373639613266343132663335363962353335653461336137636336386264383532', 2, 1, 1529369646680, 1529369648642, 0, 0),
	('\x4b52352d78375855535971784c61595f465f4a506367', '\x706466494a677a67536a36634c514e484f7456434267', 'Tencent', 'audio', 'accountType', '\x7b226163636f756e745f74797065223a20223238373733227d', '\x38323035393738373632333533386539656432356331396136356537306236613130666239386662613261633132306138636261386434663032646637656530', 2, 1, 1528845476974, 1528845476974, 0, 0),
	('\x4d7157794b76676354356d573766484c7271666a3151', '\x706466494a677a67536a36634c514e484f7456434267', 'Tencent', 'audio', 'appId', '\x7b226170705f6964223a202231343030303939373030227d', '\x64656538313431326336393862306332666130303137396538616566386333373639613266343132663335363962353335653461336137636336386264383532', 2, 1, 1528845476974, 1528845476974, 0, 0),
	('\x4465446b61484d6553683632544b66585950386d3941', '\x7a4d736b6e725657543069304b794251725676636451', 'Tencent', 'audio', 'accountType', '\x7b226163636f756e745f74797065223a20223238373733227d', '\x38323035393738373632333533386539656432356331396136356537306236613130666239386662613261633132306138636261386434663032646637656530', 2, 1, 1529018505636, 1529018505636, 0, 0),
	('\x46305a76387142635135533847794278487632547177', '\x7a4d736b6e725657543069304b794251725676636451', 'Tencent', 'audio', 'appId', '\x7b226170705f6964223a202231343030303939373030227d', '\x64656538313431326336393862306332666130303137396538616566386333373639613266343132663335363962353335653461336137636336386264383532', 2, 1, 1529018505636, 1529018505636, 0, 0),
	('\x6b6a573433697330536c36542d2d774430756c757067', '\x', 'mygame', 'settings', 'a', '\x7b7d', '\x34343133366661333535623336373861313134366164313666376538363439653934666234666332316665373765383331306330363066363163616166663861', 1, 1, 1533923084001, 1533923084001, 0, 0),
	('\x3848514b4853654d5477716f42433637744a66757177', '\x', 'mygame', 'settings', 'b', '\x7b7d', '\x34343133366661333535623336373861313134366164313666376538363439653934666234666332316665373765383331306330363066363163616166663861', 1, 1, 1533923084001, 1533923084001, 0, 0),
	('\x6e52647372706575516e57724374374e777036614667', '\x', 'mygame', 'settings', 'c', '\x7b7d', '\x34343133366661333535623336373861313134366164313666376538363439653934666234666332316665373765383331306330363066363163616166663861', 1, 1, 1533923084001, 1533923084001, 0, 0);

INSERT INTO user_edge_metadata (source_id, count, state, updated_at) VALUES
	('\x2d76516a546a6b67524a364a586c415f78796a365877', 0, 0, 1533684151668),
	('\x2d766375336b596151342d366b574667554e41656741', 0, 0, 1540776789777),
	('\x45614d4750427642524179784f626134462d30724341', 0, 0, 1534960379226),
	('\x4a58424970787371534143523170477641732d5f4c51', 0, 0, 1525388619100),
	('\x4f6a70416131484e5269536953342d6c416f634c4e41', 0, 0, 1525382856037),
	('\x5171795632684b33524f4b346a6d4c50595667433151', 0, 0, 1534960423280),
	('\x53376a485346486e524e61394a42346672574e677967', 0, 0, 1534531972645),
	('\x5578754e577879355146534a78554634457251655677', 0, 0, 1540776756051),
	('\x5667524e674c75575234574f4f57625f477144305477', 0, 0, 1525388651343),
	('\x5a686d52624a78785274717465737153477365396c67', 0, 0, 1533683710092),
	('\x62454f695473507651354f5631574e797a4349386441', 0, 0, 1534531913927),
	('\x626b6b325541386751386139524446693136317a7251', 0, 0, 1541179648488),
	('\x6949744d75516d515150693370695131575743693341', 0, 0, 1534450055942),
	('\x6f554f57765844795253794a6b725131455959777451', 0, 0, 1534960326662),
	('\x72636465433034385175434e4b46447866472d727067', 0, 0, 1528244403832);
