Direction,Timestamp,Hash
OUT,1562924775186,msg-#1-1
IN,1562924775187,msg-#6-1
IN,1562924775187,msg-#8-1
IN,1562924775188,msg-#10-1
IN,1562924775188,msg-#2-1
IN,1562924775188,msg-#7-1
IN,1562924775188,msg-#1-1
IN,1562924775188,msg-#5-1
IN,1562924775188,msg-#3-1
IN,1562924775188,msg-#9-1
IN,1562924775188,msg-#4-1
IN,1562924775279,msg-#6-2
IN,1562924775281,msg-#8-2
IN,1562924775284,msg-#10-2
IN,1562924775284,msg-#2-2
IN,1562924775284,msg-#7-2
OUT,1562924775285,msg-#1-2
IN,1562924775285,msg-#1-2
IN,1562924775286,msg-#3-2
IN,1562924775286,msg-#5-2
IN,1562924775286,msg-#9-2
IN,1562924775287,msg-#4-2
IN,1562924775377,msg-#6-3
IN,1562924775378,msg-#8-3
IN,1562924775382,msg-#2-3
IN,1562924775382,msg-#7-3
IN,1562924775382,msg-#10-3
OUT,1562924775384,msg-#1-3
IN,1562924775385,msg-#3-3
IN,1562924775385,msg-#9-3
IN,1562924775385,msg-#1-3
IN,1562924775385,msg-#5-3
IN,1562924775387,msg-#4-3
IN,1562924775473,msg-#6-4
IN,1562924775475,msg-#8-4
IN,1562924775479,msg-#10-4
OUT,1562924775483,msg-#1-4
IN,1562924775486,msg-#7-4
IN,1562924775486,msg-#2-4
IN,1562924775487,msg-#9-4
IN,1562924775487,msg-#1-4
IN,1562924775487,msg-#5-4
IN,1562924775487,msg-#3-4
IN,1562924775487,msg-#4-4
IN,1562924775569,msg-#6-5
IN,1562924775573,msg-#8-5
IN,1562924775577,msg-#10-5
IN,1562924775577,msg-#2-5
IN,1562924775581,msg-#7-5
OUT,1562924775582,msg-#1-5
IN,1562924775583,msg-#9-5
IN,1562924775583,msg-#1-5
IN,1562924775583,msg-#3-5
IN,1562924775583,msg-#5-5
IN,1562924775587,msg-#4-5
IN,1562924775664,msg-#6-6
IN,1562924775670,msg-#8-6
IN,1562924775675,msg-#10-6
IN,1562924775675,msg-#7-6
IN,1562924775676,msg-#2-6
OUT,1562924775682,msg-#1-6
IN,1562924775683,msg-#9-6
IN,1562924775684,msg-#1-6
IN,1562924775684,msg-#5-6
IN,1562924775684,msg-#3-6
IN,1562924775687,msg-#4-6
IN,1562924775763,msg-#6-7
IN,1562924775766,msg-#8-7
IN,1562924775774,msg-#2-7
IN,1562924775774,msg-#7-7
IN,1562924775774,msg-#10-7
OUT,1562924775781,msg-#1-7
IN,1562924775781,msg-#9-7
IN,1562924775781,msg-#3-7
IN,1562924775783,msg-#5-7
IN,1562924775783,msg-#1-7
IN,1562924775787,msg-#4-7
IN,1562924775855,msg-#6-8
IN,1562924775863,msg-#8-8
IN,1562924775871,msg-#10-8
IN,1562924775871,msg-#7-8
IN,1562924775871,msg-#2-8
OUT,1562924775879,msg-#1-8
IN,1562924775880,msg-#9-8
IN,1562924775880,msg-#3-8
IN,1562924775884,msg-#1-8
IN,1562924775884,msg-#5-8
IN,1562924775887,msg-#4-8
IN,1562924775954,msg-#6-9
IN,1562924775960,msg-#8-9
IN,1562924775970,msg-#7-9
IN,1562924775970,msg-#2-9
IN,1562924775970,msg-#10-9
OUT,1562924775978,msg-#1-9
IN,1562924775978,msg-#9-9
IN,1562924775978,msg-#5-9
IN,1562924775983,msg-#1-9
IN,1562924775983,msg-#3-9
IN,1562924775987,msg-#4-9
IN,1562924776047,msg-#6-10
IN,1562924776058,msg-#8-10
IN,1562924776068,msg-#2-10
IN,1562924776068,msg-#10-10
IN,1562924776068,msg-#7-10
OUT,1562924776077,msg-#1-10
IN,1562924776077,msg-#3-10
IN,1562924776077,msg-#1-10
IN,1562924776078,msg-#5-10
IN,1562924776078,msg-#9-10
IN,1562924776087,msg-#4-10
IN,1562924776144,msg-#6-11
IN,1562924776155,msg-#8-11
IN,1562924776166,msg-#10-11
IN,1562924776166,msg-#7-11
IN,1562924776166,msg-#2-11
OUT,1562924776176,msg-#1-11
IN,1562924776178,msg-#9-11
IN,1562924776183,msg-#5-11
IN,1562924776183,msg-#1-11
IN,1562924776183,msg-#3-11
IN,1562924776188,msg-#4-11
IN,1562924776243,msg-#6-12
IN,1562924776252,msg-#8-12
IN,1562924776264,msg-#10-12
IN,1562924776264,msg-#2-12
IN,1562924776264,msg-#7-12
OUT,1562924776275,msg-#1-12
IN,1562924776276,msg-#9-12
IN,1562924776276,msg-#1-12
IN,1562924776276,msg-#3-12
IN,1562924776281,msg-#5-12
IN,1562924776296,msg-#4-12
IN,1562924776340,msg-#6-13
IN,1562924776348,msg-#8-13
IN,1562924776361,msg-#2-13
IN,1562924776361,msg-#10-13
IN,1562924776362,msg-#7-13
OUT,1562924776374,msg-#1-13
IN,1562924776400,msg-#9-13
IN,1562924776400,msg-#3-13
IN,1562924776400,msg-#5-13
IN,1562924776400,msg-#1-13
IN,1562924776400,msg-#4-13
IN,1562924776432,msg-#6-14
IN,1562924776446,msg-#8-14
IN,1562924776460,msg-#10-14
IN,1562924776460,msg-#2-14
IN,1562924776460,msg-#7-14
OUT,1562924776473,msg-#1-14
IN,1562924776474,msg-#3-14
IN,1562924776474,msg-#5-14
IN,1562924776474,msg-#1-14
IN,1562924776474,msg-#9-14
IN,1562924776490,msg-#4-14
IN,1562924776529,msg-#6-15
IN,1562924776543,msg-#8-15
IN,1562924776558,msg-#10-15
IN,1562924776558,msg-#2-15
IN,1562924776558,msg-#7-15
OUT,1562924776573,msg-#1-15
IN,1562924776573,msg-#9-15
IN,1562924776574,msg-#5-15
IN,1562924776574,msg-#3-15
IN,1562924776574,msg-#1-15
IN,1562924776590,msg-#4-15
IN,1562924776624,msg-#6-16
IN,1562924776640,msg-#8-16
IN,1562924776655,msg-#10-16
IN,1562924776655,msg-#2-16
IN,1562924776655,msg-#7-16
OUT,1562924776673,msg-#1-16
IN,1562924776674,msg-#9-16
IN,1562924776674,msg-#3-16
IN,1562924776674,msg-#1-16
IN,1562924776674,msg-#5-16
IN,1562924776690,msg-#4-16
IN,1562924776723,msg-#6-17
IN,1562924776737,msg-#8-17
IN,1562924776754,msg-#10-17
IN,1562924776754,msg-#2-17
IN,1562924776754,msg-#7-17
OUT,1562924776770,msg-#1-17
IN,1562924776771,msg-#3-17
IN,1562924776771,msg-#1-17
IN,1562924776771,msg-#9-17
IN,1562924776771,msg-#5-17
IN,1562924776788,msg-#4-17
IN,1562924776815,msg-#6-18
IN,1562924776833,msg-#8-18
IN,1562924776853,msg-#10-18
IN,1562924776853,msg-#7-18
IN,1562924776853,msg-#2-18
OUT,1562924776869,msg-#1-18
IN,1562924776869,msg-#1-18
IN,1562924776870,msg-#5-18
IN,1562924776870,msg-#3-18
IN,1562924776870,msg-#9-18
IN,1562924776890,msg-#4-18
IN,1562924776912,msg-#6-19
IN,1562924776931,msg-#8-19
IN,1562924776949,msg-#10-19
IN,1562924776949,msg-#7-19
IN,1562924776949,msg-#2-19
OUT,1562924776973,msg-#1-19
IN,1562924776973,msg-#1-19
IN,1562924776973,msg-#3-19
IN,1562924776974,msg-#9-19
IN,1562924776974,msg-#5-19
IN,1562924776988,msg-#4-19
IN,1562924777007,msg-#6-20
IN,1562924777030,msg-#8-20
IN,1562924777048,msg-#10-20
IN,1562924777048,msg-#2-20
IN,1562924777048,msg-#7-20
OUT,1562924777069,msg-#1-20
IN,1562924777069,msg-#1-20
IN,1562924777069,msg-#5-20
IN,1562924777070,msg-#3-20
IN,1562924777070,msg-#9-20
IN,1562924777087,msg-#4-20
IN,1562924777104,msg-#6-21
IN,1562924777125,msg-#8-21
IN,1562924777145,msg-#10-21
IN,1562924777149,msg-#7-21
IN,1562924777149,msg-#2-21
OUT,1562924777166,msg-#1-21
IN,1562924777167,msg-#1-21
IN,1562924777167,msg-#5-21
IN,1562924777167,msg-#9-21
IN,1562924777167,msg-#3-21
IN,1562924777190,msg-#4-21
IN,1562924777200,msg-#6-22
IN,1562924777223,msg-#8-22
IN,1562924777243,msg-#2-22
IN,1562924777244,msg-#7-22
IN,1562924777247,msg-#10-22
OUT,1562924777265,msg-#1-22
IN,1562924777266,msg-#3-22
IN,1562924777266,msg-#5-22
IN,1562924777266,msg-#1-22
IN,1562924777266,msg-#9-22
IN,1562924777290,msg-#4-22
IN,1562924777296,msg-#6-23
IN,1562924777318,msg-#8-23
IN,1562924777343,msg-#2-23
IN,1562924777343,msg-#7-23
IN,1562924777343,msg-#10-23
OUT,1562924777364,msg-#1-23
IN,1562924777364,msg-#9-23
IN,1562924777364,msg-#5-23
IN,1562924777365,msg-#1-23
IN,1562924777365,msg-#3-23
IN,1562924777392,msg-#4-23
IN,1562924777392,msg-#6-24
IN,1562924777415,msg-#8-24
IN,1562924777440,msg-#7-24
IN,1562924777440,msg-#2-24
IN,1562924777440,msg-#10-24
OUT,1562924777463,msg-#1-24
IN,1562924777464,msg-#3-24
IN,1562924777464,msg-#1-24
IN,1562924777464,msg-#9-24
IN,1562924777464,msg-#5-24
IN,1562924777488,msg-#6-25
IN,1562924777488,msg-#4-24
IN,1562924777512,msg-#8-25
IN,1562924777538,msg-#10-25
IN,1562924777538,msg-#2-25
IN,1562924777538,msg-#7-25
OUT,1562924777562,msg-#1-25
IN,1562924777562,msg-#3-25
IN,1562924777563,msg-#5-25
IN,1562924777563,msg-#9-25
IN,1562924777563,msg-#1-25
IN,1562924777584,msg-#6-26
IN,1562924777587,msg-#4-25
IN,1562924777610,msg-#8-26
IN,1562924777640,msg-#7-26
IN,1562924777640,msg-#2-26
IN,1562924777640,msg-#10-26
OUT,1562924777664,msg-#1-26
IN,1562924777664,msg-#9-26
IN,1562924777664,msg-#5-26
IN,1562924777664,msg-#3-26
IN,1562924777664,msg-#1-26
IN,1562924777681,msg-#6-27
IN,1562924777688,msg-#4-26
IN,1562924777710,msg-#8-27
IN,1562924777734,msg-#10-27
IN,1562924777734,msg-#7-27
IN,1562924777734,msg-#2-27
OUT,1562924777760,msg-#1-27
IN,1562924777761,msg-#5-27
IN,1562924777761,msg-#1-27
IN,1562924777761,msg-#3-27
IN,1562924777761,msg-#9-27
IN,1562924777776,msg-#6-28
IN,1562924777788,msg-#4-27
IN,1562924777804,msg-#8-28
IN,1562924777831,msg-#10-28
IN,1562924777831,msg-#7-28
IN,1562924777831,msg-#2-28
OUT,1562924777859,msg-#1-28
IN,1562924777860,msg-#1-28
IN,1562924777860,msg-#5-28
IN,1562924777860,msg-#3-28
IN,1562924777860,msg-#9-28
IN,1562924777874,msg-#6-29
IN,1562924777888,msg-#4-28
IN,1562924777900,msg-#8-29
IN,1562924777932,msg-#2-29
IN,1562924777932,msg-#7-29
IN,1562924777932,msg-#10-29
OUT,1562924777958,msg-#1-29
IN,1562924777959,msg-#5-29
IN,1562924777959,msg-#3-29
IN,1562924777959,msg-#1-29
IN,1562924777959,msg-#9-29
IN,1562924777968,msg-#6-30
IN,1562924777991,msg-#4-29
IN,1562924777997,msg-#8-30
IN,1562924778028,msg-#7-30
IN,1562924778028,msg-#10-30
IN,1562924778028,msg-#2-30
OUT,1562924778058,msg-#1-30
IN,1562924778058,msg-#3-30
IN,1562924778058,msg-#9-30
IN,1562924778058,msg-#1-30
IN,1562924778058,msg-#5-30
IN,1562924778063,msg-#6-31
IN,1562924778089,msg-#4-30
IN,1562924778094,msg-#8-31
IN,1562924778129,msg-#7-31
IN,1562924778129,msg-#10-31
IN,1562924778129,msg-#2-31
OUT,1562924778156,msg-#1-31
IN,1562924778157,msg-#9-31
IN,1562924778157,msg-#5-31
IN,1562924778157,msg-#3-31
IN,1562924778157,msg-#1-31
IN,1562924778159,msg-#6-32
IN,1562924778191,msg-#4-31
IN,1562924778192,msg-#8-32
IN,1562924778225,msg-#7-32
IN,1562924778225,msg-#10-32
IN,1562924778225,msg-#2-32
OUT,1562924778259,msg-#1-32
IN,1562924778259,msg-#1-32
IN,1562924778259,msg-#6-33
IN,1562924778259,msg-#9-32
IN,1562924778260,msg-#5-32
IN,1562924778260,msg-#3-32
IN,1562924778290,msg-#4-32
IN,1562924778290,msg-#8-33
IN,1562924778324,msg-#7-33
IN,1562924778324,msg-#10-33
IN,1562924778324,msg-#2-33
IN,1562924778351,msg-#6-34
OUT,1562924778354,msg-#1-33
IN,1562924778354,msg-#3-33
IN,1562924778354,msg-#9-33
IN,1562924778356,msg-#5-33
IN,1562924778356,msg-#1-33
IN,1562924778390,msg-#8-34
IN,1562924778390,msg-#4-33
IN,1562924778424,msg-#10-34
IN,1562924778424,msg-#2-34
IN,1562924778424,msg-#7-34
IN,1562924778448,msg-#6-35
OUT,1562924778454,msg-#1-34
IN,1562924778454,msg-#9-34
IN,1562924778454,msg-#5-34
IN,1562924778454,msg-#3-34
IN,1562924778454,msg-#1-34
IN,1562924778482,msg-#8-35
IN,1562924778488,msg-#4-34
IN,1562924778517,msg-#10-35
IN,1562924778518,msg-#7-35
IN,1562924778518,msg-#2-35
IN,1562924778544,msg-#6-36
OUT,1562924778552,msg-#1-35
IN,1562924778553,msg-#1-35
IN,1562924778553,msg-#5-35
IN,1562924778553,msg-#9-35
IN,1562924778553,msg-#3-35
IN,1562924778579,msg-#8-36
IN,1562924778587,msg-#4-35
IN,1562924778615,msg-#10-36
IN,1562924778615,msg-#7-36
IN,1562924778615,msg-#2-36
IN,1562924778640,msg-#6-37
OUT,1562924778651,msg-#1-36
IN,1562924778652,msg-#3-36
IN,1562924778652,msg-#1-36
IN,1562924778652,msg-#9-36
IN,1562924778652,msg-#5-36
IN,1562924778677,msg-#8-37
IN,1562924778688,msg-#4-36
IN,1562924778713,msg-#2-37
IN,1562924778713,msg-#10-37
IN,1562924778713,msg-#7-37
IN,1562924778740,msg-#6-38
OUT,1562924778750,msg-#1-37
IN,1562924778751,msg-#3-37
IN,1562924778751,msg-#1-37
IN,1562924778751,msg-#9-37
IN,1562924778751,msg-#5-37
IN,1562924778776,msg-#8-38
IN,1562924778787,msg-#4-37
IN,1562924778812,msg-#10-38
IN,1562924778812,msg-#2-38
IN,1562924778812,msg-#7-38
IN,1562924778832,msg-#6-39
OUT,1562924778849,msg-#1-38
IN,1562924778849,msg-#9-38
IN,1562924778850,msg-#1-38
IN,1562924778850,msg-#5-38
IN,1562924778850,msg-#3-38
IN,1562924778874,msg-#8-39
IN,1562924778890,msg-#4-38
IN,1562924778911,msg-#10-39
IN,1562924778912,msg-#7-39
IN,1562924778912,msg-#2-39
IN,1562924778928,msg-#6-40
OUT,1562924778948,msg-#1-39
IN,1562924778949,msg-#9-39
IN,1562924778949,msg-#5-39
IN,1562924778949,msg-#3-39
IN,1562924778949,msg-#1-39
IN,1562924778968,msg-#8-40
IN,1562924778990,msg-#4-39
IN,1562924779010,msg-#10-40
IN,1562924779010,msg-#2-40
IN,1562924779011,msg-#7-40
IN,1562924779024,msg-#6-41
OUT,1562924779047,msg-#1-40
IN,1562924779047,msg-#5-40
IN,1562924779047,msg-#1-40
IN,1562924779047,msg-#3-40
IN,1562924779049,msg-#9-40
IN,1562924779065,msg-#8-41
IN,1562924779087,msg-#4-40
IN,1562924779107,msg-#2-41
IN,1562924779107,msg-#7-41
IN,1562924779107,msg-#10-41
IN,1562924779120,msg-#6-42
OUT,1562924779146,msg-#1-41
IN,1562924779146,msg-#5-41
IN,1562924779146,msg-#9-41
IN,1562924779149,msg-#1-41
IN,1562924779149,msg-#3-41
IN,1562924779161,msg-#8-42
IN,1562924779190,msg-#4-41
IN,1562924779204,msg-#10-42
IN,1562924779204,msg-#7-42
IN,1562924779204,msg-#2-42
IN,1562924779215,msg-#6-43
OUT,1562924779245,msg-#1-42
IN,1562924779245,msg-#9-42
IN,1562924779245,msg-#1-42
IN,1562924779246,msg-#3-42
IN,1562924779248,msg-#5-42
IN,1562924779259,msg-#8-43
IN,1562924779290,msg-#4-42
IN,1562924779302,msg-#10-43
IN,1562924779302,msg-#2-43
IN,1562924779302,msg-#7-43
IN,1562924779311,msg-#6-44
OUT,1562924779344,msg-#1-43
IN,1562924779345,msg-#3-43
IN,1562924779345,msg-#1-43
IN,1562924779345,msg-#9-43
IN,1562924779348,msg-#5-43
IN,1562924779356,msg-#8-44
IN,1562924779390,msg-#4-43
IN,1562924779400,msg-#10-44
IN,1562924779400,msg-#7-44
IN,1562924779400,msg-#2-44
IN,1562924779407,msg-#6-45
OUT,1562924779443,msg-#1-44
IN,1562924779443,msg-#3-44
IN,1562924779444,msg-#1-44
IN,1562924779444,msg-#9-44
IN,1562924779445,msg-#5-44
IN,1562924779455,msg-#8-45
IN,1562924779490,msg-#4-44
IN,1562924779498,msg-#10-45
IN,1562924779498,msg-#7-45
IN,1562924779498,msg-#2-45
IN,1562924779504,msg-#6-46
OUT,1562924779542,msg-#1-45
IN,1562924779543,msg-#1-45
IN,1562924779543,msg-#3-45
IN,1562924779544,msg-#5-45
IN,1562924779544,msg-#9-45
IN,1562924779549,msg-#8-46
IN,1562924779590,msg-#4-45
IN,1562924779597,msg-#2-46
IN,1562924779597,msg-#10-46
IN,1562924779597,msg-#7-46
IN,1562924779600,msg-#6-47
OUT,1562924779643,msg-#1-46
IN,1562924779644,msg-#1-46
IN,1562924779644,msg-#9-46
IN,1562924779645,msg-#5-46
IN,1562924779645,msg-#3-46
IN,1562924779647,msg-#8-47
IN,1562924779690,msg-#4-46
IN,1562924779693,msg-#7-47
IN,1562924779694,msg-#10-47
IN,1562924779694,msg-#2-47
IN,1562924779695,msg-#6-48
OUT,1562924779743,msg-#1-47
IN,1562924779743,msg-#8-48
IN,1562924779743,msg-#1-47
IN,1562924779744,msg-#9-47
IN,1562924779744,msg-#3-47
IN,1562924779744,msg-#5-47
IN,1562924779790,msg-#4-47
IN,1562924779791,msg-#10-48
IN,1562924779792,msg-#2-48
IN,1562924779792,msg-#6-49
IN,1562924779792,msg-#7-48
OUT,1562924779844,msg-#1-48
IN,1562924779844,msg-#8-49
IN,1562924779844,msg-#1-48
IN,1562924779844,msg-#5-48
IN,1562924779846,msg-#3-48
IN,1562924779846,msg-#9-48
IN,1562924779891,msg-#10-49
IN,1562924779891,msg-#7-49
IN,1562924779891,msg-#2-49
IN,1562924779891,msg-#6-50
IN,1562924779891,msg-#4-48
OUT,1562924779941,msg-#1-49
IN,1562924779942,msg-#3-49
IN,1562924779942,msg-#5-49
IN,1562924779942,msg-#9-49
IN,1562924779942,msg-#1-49
IN,1562924779942,msg-#8-50
IN,1562924779987,msg-#2-50
IN,1562924779988,msg-#7-50
IN,1562924779988,msg-#6-51
IN,1562924779988,msg-#4-49
IN,1562924779988,msg-#10-50
IN,1562924780035,msg-#8-51
OUT,1562924780037,msg-#1-50
IN,1562924780038,msg-#1-50
IN,1562924780038,msg-#5-50
IN,1562924780038,msg-#3-50
IN,1562924780038,msg-#9-50
IN,1562924780079,msg-#6-52
IN,1562924780085,msg-#7-51
IN,1562924780085,msg-#10-51
IN,1562924780085,msg-#2-51
IN,1562924780087,msg-#4-50
IN,1562924780132,msg-#8-52
OUT,1562924780136,msg-#1-51
IN,1562924780137,msg-#5-51
IN,1562924780137,msg-#1-51
IN,1562924780137,msg-#9-51
IN,1562924780137,msg-#3-51
IN,1562924780178,msg-#6-53
IN,1562924780183,msg-#2-52
IN,1562924780183,msg-#10-52
IN,1562924780183,msg-#7-52
IN,1562924780188,msg-#4-51
IN,1562924780231,msg-#8-53
OUT,1562924780235,msg-#1-52
IN,1562924780235,msg-#9-52
IN,1562924780235,msg-#5-52
IN,1562924780235,msg-#3-52
IN,1562924780235,msg-#1-52
IN,1562924780274,msg-#6-54
IN,1562924780281,msg-#10-53
IN,1562924780282,msg-#2-53
IN,1562924780282,msg-#7-53
IN,1562924780288,msg-#4-52
IN,1562924780330,msg-#8-54
OUT,1562924780334,msg-#1-53
IN,1562924780335,msg-#3-53
IN,1562924780335,msg-#1-53
IN,1562924780335,msg-#9-53
IN,1562924780335,msg-#5-53
IN,1562924780367,msg-#6-55
IN,1562924780380,msg-#7-54
IN,1562924780380,msg-#2-54
IN,1562924780380,msg-#10-54
IN,1562924780387,msg-#4-53
IN,1562924780423,msg-#8-55
OUT,1562924780433,msg-#1-54
IN,1562924780434,msg-#9-54
IN,1562924780434,msg-#3-54
IN,1562924780434,msg-#5-54
IN,1562924780434,msg-#1-54
IN,1562924780464,msg-#6-56
IN,1562924780481,msg-#7-55
IN,1562924780481,msg-#2-55
IN,1562924780481,msg-#10-55
IN,1562924780487,msg-#4-54
IN,1562924780524,msg-#8-56
OUT,1562924780533,msg-#1-55
IN,1562924780533,msg-#3-55
IN,1562924780534,msg-#9-55
IN,1562924780534,msg-#5-55
IN,1562924780534,msg-#1-55
IN,1562924780563,msg-#6-57
IN,1562924780578,msg-#10-56
IN,1562924780578,msg-#7-56
IN,1562924780582,msg-#2-56
IN,1562924780587,msg-#4-55
IN,1562924780617,msg-#8-57
OUT,1562924780631,msg-#1-56
IN,1562924780632,msg-#3-56
IN,1562924780632,msg-#5-56
IN,1562924780632,msg-#1-56
IN,1562924780632,msg-#9-56
IN,1562924780657,msg-#6-58
IN,1562924780677,msg-#10-57
IN,1562924780677,msg-#7-57
IN,1562924780680,msg-#2-57
IN,1562924780687,msg-#4-56
IN,1562924780714,msg-#8-58
OUT,1562924780730,msg-#1-57
IN,1562924780731,msg-#9-57
IN,1562924780731,msg-#3-57
IN,1562924780731,msg-#5-57
IN,1562924780731,msg-#1-57
IN,1562924780751,msg-#6-59
IN,1562924780775,msg-#10-58
IN,1562924780775,msg-#2-58
IN,1562924780775,msg-#7-58
IN,1562924780790,msg-#4-57
IN,1562924780810,msg-#8-59
OUT,1562924780829,msg-#1-58
IN,1562924780830,msg-#1-58
IN,1562924780830,msg-#9-58
IN,1562924780830,msg-#3-58
IN,1562924780830,msg-#5-58
IN,1562924780847,msg-#6-60
IN,1562924780874,msg-#10-59
IN,1562924780874,msg-#2-59
IN,1562924780874,msg-#7-59
IN,1562924780890,msg-#4-58
IN,1562924780910,msg-#8-60
OUT,1562924780928,msg-#1-59
IN,1562924780929,msg-#5-59
IN,1562924780929,msg-#1-59
IN,1562924780929,msg-#9-59
IN,1562924780929,msg-#3-59
IN,1562924780943,msg-#6-61
IN,1562924780968,msg-#10-60
IN,1562924780968,msg-#7-60
IN,1562924780968,msg-#2-60
IN,1562924780988,msg-#4-59
IN,1562924781005,msg-#8-61
OUT,1562924781028,msg-#1-60
IN,1562924781029,msg-#5-60
IN,1562924781029,msg-#3-60
IN,1562924781029,msg-#9-60
IN,1562924781029,msg-#1-60
IN,1562924781040,msg-#6-62
IN,1562924781066,msg-#10-61
IN,1562924781066,msg-#2-61
IN,1562924781066,msg-#7-61
IN,1562924781088,msg-#4-60
IN,1562924781102,msg-#8-62
OUT,1562924781126,msg-#1-61
IN,1562924781127,msg-#5-61
IN,1562924781127,msg-#1-61
IN,1562924781127,msg-#3-61
IN,1562924781127,msg-#9-61
IN,1562924781135,msg-#6-63
IN,1562924781164,msg-#2-62
IN,1562924781164,msg-#7-62
IN,1562924781164,msg-#10-62
IN,1562924781190,msg-#4-61
IN,1562924781200,msg-#8-63
OUT,1562924781228,msg-#1-62
IN,1562924781229,msg-#1-62
IN,1562924781229,msg-#9-62
IN,1562924781229,msg-#5-62
IN,1562924781229,msg-#3-62
IN,1562924781232,msg-#6-64
IN,1562924781262,msg-#7-63
IN,1562924781262,msg-#10-63
IN,1562924781262,msg-#2-63
IN,1562924781292,msg-#4-62
IN,1562924781295,msg-#8-64
OUT,1562924781325,msg-#1-63
IN,1562924781326,msg-#3-63
IN,1562924781326,msg-#9-63
IN,1562924781326,msg-#5-63
IN,1562924781326,msg-#1-63
IN,1562924781327,msg-#6-65
IN,1562924781362,msg-#10-64
IN,1562924781362,msg-#2-64
IN,1562924781362,msg-#7-64
IN,1562924781391,msg-#4-63
IN,1562924781392,msg-#8-65
OUT,1562924781423,msg-#1-64
IN,1562924781424,msg-#6-66
IN,1562924781424,msg-#5-64
IN,1562924781424,msg-#1-64
IN,1562924781424,msg-#9-64
IN,1562924781424,msg-#3-64
IN,1562924781458,msg-#2-65
IN,1562924781458,msg-#7-65
IN,1562924781458,msg-#10-65
IN,1562924781490,msg-#8-66
IN,1562924781490,msg-#4-64
IN,1562924781519,msg-#6-67
OUT,1562924781522,msg-#1-65
IN,1562924781523,msg-#9-65
IN,1562924781523,msg-#1-65
IN,1562924781523,msg-#5-65
IN,1562924781523,msg-#3-65
IN,1562924781556,msg-#10-66
IN,1562924781556,msg-#7-66
IN,1562924781556,msg-#2-66
IN,1562924781590,msg-#4-65
IN,1562924781591,msg-#8-67
IN,1562924781618,msg-#6-68
OUT,1562924781621,msg-#1-66
IN,1562924781622,msg-#1-66
IN,1562924781622,msg-#3-66
IN,1562924781622,msg-#9-66
IN,1562924781622,msg-#5-66
IN,1562924781653,msg-#10-67
IN,1562924781653,msg-#2-67
IN,1562924781653,msg-#7-67
IN,1562924781683,msg-#8-68
IN,1562924781688,msg-#4-66
IN,1562924781711,msg-#6-69
OUT,1562924781720,msg-#1-67
IN,1562924781721,msg-#1-67
IN,1562924781721,msg-#9-67
IN,1562924781721,msg-#3-67
IN,1562924781721,msg-#5-67
IN,1562924781754,msg-#10-68
IN,1562924781754,msg-#2-68
IN,1562924781754,msg-#7-68
IN,1562924781781,msg-#8-69
IN,1562924781787,msg-#4-67
IN,1562924781809,msg-#6-70
OUT,1562924781819,msg-#1-68
IN,1562924781819,msg-#3-68
IN,1562924781819,msg-#1-68
IN,1562924781819,msg-#9-68
IN,1562924781819,msg-#5-68
IN,1562924781850,msg-#7-69
IN,1562924781850,msg-#2-69
IN,1562924781850,msg-#10-69
IN,1562924781877,msg-#8-70
IN,1562924781888,msg-#4-68
IN,1562924781907,msg-#6-71
OUT,1562924781918,msg-#1-69
IN,1562924781918,msg-#1-69
IN,1562924781919,msg-#3-69
IN,1562924781919,msg-#5-69
IN,1562924781919,msg-#9-69
IN,1562924781947,msg-#7-70
IN,1562924781947,msg-#2-70
IN,1562924781947,msg-#10-70
IN,1562924781976,msg-#8-71
IN,1562924781988,msg-#4-69
IN,1562924782000,msg-#6-72
OUT,1562924782017,msg-#1-70
IN,1562924782017,msg-#9-70
IN,1562924782017,msg-#1-70
IN,1562924782017,msg-#3-70
IN,1562924782018,msg-#5-70
IN,1562924782046,msg-#10-71
IN,1562924782046,msg-#2-71
IN,1562924782046,msg-#7-71
IN,1562924782077,msg-#8-72
IN,1562924782088,msg-#4-70
IN,1562924782096,msg-#6-73
OUT,1562924782118,msg-#1-71
IN,1562924782119,msg-#9-71
IN,1562924782119,msg-#5-71
IN,1562924782119,msg-#1-71
IN,1562924782119,msg-#3-71
IN,1562924782144,msg-#7-72
IN,1562924782148,msg-#10-72
IN,1562924782148,msg-#2-72
IN,1562924782171,msg-#8-73
IN,1562924782188,msg-#4-71
IN,1562924782192,msg-#6-74
OUT,1562924782215,msg-#1-72
IN,1562924782215,msg-#1-72
IN,1562924782215,msg-#3-72
IN,1562924782215,msg-#5-72
IN,1562924782216,msg-#9-72
IN,1562924782245,msg-#10-73
IN,1562924782245,msg-#2-73
IN,1562924782249,msg-#7-73
IN,1562924782266,msg-#8-74
IN,1562924782290,msg-#6-75
IN,1562924782290,msg-#4-72
OUT,1562924782314,msg-#1-73
IN,1562924782314,msg-#3-73
IN,1562924782314,msg-#5-73
IN,1562924782314,msg-#1-73
IN,1562924782314,msg-#9-73
IN,1562924782343,msg-#10-74
IN,1562924782343,msg-#2-74
IN,1562924782343,msg-#7-74
IN,1562924782364,msg-#8-75
IN,1562924782383,msg-#6-76
IN,1562924782388,msg-#4-73
OUT,1562924782413,msg-#1-74
IN,1562924782414,msg-#3-74
IN,1562924782414,msg-#9-74
IN,1562924782414,msg-#5-74
IN,1562924782414,msg-#1-74
IN,1562924782438,msg-#2-75
IN,1562924782438,msg-#7-75
IN,1562924782438,msg-#10-75
IN,1562924782460,msg-#8-76
IN,1562924782479,msg-#6-77
IN,1562924782488,msg-#4-74
OUT,1562924782512,msg-#1-75
IN,1562924782512,msg-#3-75
IN,1562924782513,msg-#9-75
IN,1562924782515,msg-#5-75
IN,1562924782515,msg-#1-75
IN,1562924782540,msg-#7-76
IN,1562924782541,msg-#2-76
IN,1562924782541,msg-#10-76
IN,1562924782557,msg-#8-77
IN,1562924782576,msg-#6-78
IN,1562924782590,msg-#4-75
OUT,1562924782614,msg-#1-76
IN,1562924782614,msg-#1-76
IN,1562924782615,msg-#5-76
IN,1562924782615,msg-#9-76
IN,1562924782616,msg-#3-76
IN,1562924782638,msg-#7-77
IN,1562924782638,msg-#10-77
IN,1562924782638,msg-#2-77
IN,1562924782653,msg-#8-78
IN,1562924782674,msg-#6-79
IN,1562924782690,msg-#4-76
OUT,1562924782710,msg-#1-77
IN,1562924782711,msg-#5-77
IN,1562924782711,msg-#1-77
IN,1562924782714,msg-#9-77
IN,1562924782714,msg-#3-77
IN,1562924782732,msg-#7-78
IN,1562924782732,msg-#2-78
IN,1562924782732,msg-#10-78
IN,1562924782751,msg-#8-79
IN,1562924782771,msg-#6-80
IN,1562924782791,msg-#4-77
OUT,1562924782810,msg-#1-78
IN,1562924782810,msg-#3-78
IN,1562924782815,msg-#5-78
IN,1562924782815,msg-#1-78
IN,1562924782815,msg-#9-78
IN,1562924782829,msg-#7-79
IN,1562924782829,msg-#10-79
IN,1562924782830,msg-#2-79
IN,1562924782848,msg-#8-80
IN,1562924782863,msg-#6-81
IN,1562924782891,msg-#4-78
OUT,1562924782910,msg-#1-79
IN,1562924782910,msg-#1-79
IN,1562924782910,msg-#9-79
IN,1562924782910,msg-#3-79
IN,1562924782914,msg-#5-79
IN,1562924782929,msg-#2-80
IN,1562924782929,msg-#7-80
IN,1562924782929,msg-#10-80
IN,1562924782944,msg-#8-81
IN,1562924782960,msg-#6-82
IN,1562924782991,msg-#4-79
OUT,1562924783009,msg-#1-80
IN,1562924783010,msg-#5-80
IN,1562924783010,msg-#9-80
IN,1562924783010,msg-#1-80
IN,1562924783010,msg-#3-80
IN,1562924783026,msg-#10-81
IN,1562924783026,msg-#7-81
IN,1562924783026,msg-#2-81
IN,1562924783043,msg-#8-82
IN,1562924783056,msg-#6-83
IN,1562924783088,msg-#4-80
OUT,1562924783109,msg-#1-81
IN,1562924783110,msg-#9-81
IN,1562924783110,msg-#1-81
IN,1562924783115,msg-#3-81
IN,1562924783115,msg-#5-81
IN,1562924783126,msg-#7-82
IN,1562924783126,msg-#2-82
IN,1562924783126,msg-#10-82
IN,1562924783140,msg-#8-83
IN,1562924783152,msg-#6-84
IN,1562924783192,msg-#4-81
OUT,1562924783205,msg-#1-82
IN,1562924783206,msg-#3-82
IN,1562924783206,msg-#9-82
IN,1562924783206,msg-#5-82
IN,1562924783206,msg-#1-82
IN,1562924783225,msg-#7-83
IN,1562924783225,msg-#2-83
IN,1562924783225,msg-#10-83
IN,1562924783236,msg-#8-84
IN,1562924783247,msg-#6-85
IN,1562924783292,msg-#4-82
OUT,1562924783304,msg-#1-83
IN,1562924783305,msg-#3-83
IN,1562924783305,msg-#9-83
IN,1562924783305,msg-#5-83
IN,1562924783305,msg-#1-83
IN,1562924783321,msg-#2-84
IN,1562924783321,msg-#10-84
IN,1562924783321,msg-#7-84
IN,1562924783332,msg-#8-85
IN,1562924783344,msg-#6-86
IN,1562924783390,msg-#4-83
OUT,1562924783404,msg-#1-84
IN,1562924783404,msg-#3-84
IN,1562924783404,msg-#1-84
IN,1562924783404,msg-#9-84
IN,1562924783404,msg-#5-84
IN,1562924783418,msg-#10-85
IN,1562924783418,msg-#7-85
IN,1562924783418,msg-#2-85
IN,1562924783430,msg-#8-86
IN,1562924783441,msg-#6-87
IN,1562924783490,msg-#4-84
OUT,1562924783503,msg-#1-85
IN,1562924783503,msg-#9-85
IN,1562924783503,msg-#1-85
IN,1562924783503,msg-#5-85
IN,1562924783503,msg-#3-85
IN,1562924783515,msg-#10-86
IN,1562924783516,msg-#2-86
IN,1562924783516,msg-#7-86
IN,1562924783527,msg-#8-87
IN,1562924783538,msg-#6-88
IN,1562924783590,msg-#4-85
OUT,1562924783601,msg-#1-86
IN,1562924783602,msg-#9-86
IN,1562924783602,msg-#5-86
IN,1562924783602,msg-#3-86
IN,1562924783602,msg-#1-86
IN,1562924783614,msg-#10-87
IN,1562924783615,msg-#7-87
IN,1562924783615,msg-#2-87
IN,1562924783624,msg-#8-88
IN,1562924783632,msg-#6-89
IN,1562924783690,msg-#4-86
OUT,1562924783700,msg-#1-87
IN,1562924783700,msg-#3-87
IN,1562924783700,msg-#9-87
IN,1562924783700,msg-#5-87
IN,1562924783701,msg-#1-87
IN,1562924783711,msg-#2-88
IN,1562924783714,msg-#10-88
IN,1562924783714,msg-#7-88
IN,1562924783722,msg-#8-89
IN,1562924783728,msg-#6-90
IN,1562924783791,msg-#4-87
OUT,1562924783799,msg-#1-88
IN,1562924783800,msg-#9-88
IN,1562924783800,msg-#3-88
IN,1562924783800,msg-#5-88
IN,1562924783800,msg-#1-88
IN,1562924783810,msg-#2-89
IN,1562924783810,msg-#7-89
IN,1562924783815,msg-#10-89
IN,1562924783818,msg-#8-90
IN,1562924783824,msg-#6-91
IN,1562924783891,msg-#4-88
OUT,1562924783898,msg-#1-89
IN,1562924783899,msg-#1-89
IN,1562924783899,msg-#3-89
IN,1562924783899,msg-#5-89
IN,1562924783899,msg-#9-89
IN,1562924783908,msg-#10-90
IN,1562924783908,msg-#2-90
IN,1562924783908,msg-#7-90
IN,1562924783915,msg-#8-91
IN,1562924783919,msg-#6-92
IN,1562924783991,msg-#4-89
OUT,1562924783997,msg-#1-90
IN,1562924783997,msg-#1-90
IN,1562924783997,msg-#3-90
IN,1562924783998,msg-#5-90
IN,1562924783998,msg-#9-90
IN,1562924784005,msg-#10-91
IN,1562924784005,msg-#7-91
IN,1562924784005,msg-#2-91
IN,1562924784011,msg-#8-92
IN,1562924784015,msg-#6-93
IN,1562924784087,msg-#4-90
OUT,1562924784096,msg-#1-91
IN,1562924784096,msg-#9-91
IN,1562924784096,msg-#1-91
IN,1562924784096,msg-#3-91
IN,1562924784097,msg-#5-91
IN,1562924784103,msg-#10-92
IN,1562924784104,msg-#2-92
IN,1562924784104,msg-#7-92
IN,1562924784109,msg-#8-93
IN,1562924784111,msg-#6-94
IN,1562924784190,msg-#4-91
OUT,1562924784195,msg-#1-92
IN,1562924784196,msg-#3-92
IN,1562924784196,msg-#1-92
IN,1562924784196,msg-#9-92
IN,1562924784196,msg-#5-92
IN,1562924784202,msg-#10-93
IN,1562924784202,msg-#7-93
IN,1562924784202,msg-#2-93
IN,1562924784205,msg-#8-94
IN,1562924784207,msg-#6-95
IN,1562924784290,msg-#4-92
OUT,1562924784294,msg-#1-93
IN,1562924784294,msg-#5-93
IN,1562924784294,msg-#9-93
IN,1562924784294,msg-#3-93
IN,1562924784295,msg-#1-93
IN,1562924784300,msg-#10-94
IN,1562924784300,msg-#7-94
IN,1562924784300,msg-#2-94
IN,1562924784302,msg-#8-95
IN,1562924784303,msg-#6-96
IN,1562924784391,msg-#4-93
OUT,1562924784393,msg-#1-94
IN,1562924784393,msg-#3-94
IN,1562924784394,msg-#1-94
IN,1562924784394,msg-#5-94
IN,1562924784394,msg-#9-94
IN,1562924784397,msg-#10-95
IN,1562924784397,msg-#7-95
IN,1562924784397,msg-#2-95
IN,1562924784399,msg-#8-96
IN,1562924784399,msg-#6-97
IN,1562924784490,msg-#4-94
OUT,1562924784492,msg-#1-95
IN,1562924784492,msg-#3-95
IN,1562924784492,msg-#5-95
IN,1562924784492,msg-#1-95
IN,1562924784493,msg-#9-95
IN,1562924784495,msg-#6-98
IN,1562924784495,msg-#7-96
IN,1562924784495,msg-#10-96
IN,1562924784495,msg-#2-96
IN,1562924784496,msg-#8-97
IN,1562924784591,msg-#4-95
OUT,1562924784591,msg-#1-96
IN,1562924784591,msg-#3-96
IN,1562924784591,msg-#6-99
IN,1562924784592,msg-#9-96
IN,1562924784592,msg-#5-96
IN,1562924784592,msg-#1-96
IN,1562924784593,msg-#8-98
IN,1562924784594,msg-#10-97
IN,1562924784594,msg-#7-97
IN,1562924784594,msg-#2-97
OUT,1562924784691,msg-#1-97
IN,1562924784692,msg-#4-96
IN,1562924784692,msg-#10-98
IN,1562924784692,msg-#1-97
IN,1562924784692,msg-#7-98
IN,1562924784693,msg-#3-97
IN,1562924784693,msg-#6-100
IN,1562924784693,msg-#9-97
IN,1562924784693,msg-#2-98
IN,1562924784693,msg-#5-97
IN,1562924784693,msg-#8-99
IN,1562924784787,msg-#6-101
IN,1562924784787,msg-#8-100
IN,1562924784787,msg-#4-97
OUT,1562924784789,msg-#1-98
IN,1562924784789,msg-#7-99
IN,1562924784789,msg-#9-98
IN,1562924784789,msg-#10-99
IN,1562924784789,msg-#3-98
IN,1562924784789,msg-#2-99
IN,1562924784789,msg-#5-98
IN,1562924784789,msg-#1-98
IN,1562924784880,msg-#6-102
IN,1562924784884,msg-#8-101
IN,1562924784887,msg-#7-100
IN,1562924784887,msg-#10-100
IN,1562924784887,msg-#2-100
IN,1562924784887,msg-#4-98
OUT,1562924784888,msg-#1-99
IN,1562924784888,msg-#9-99
IN,1562924784888,msg-#3-99
IN,1562924784889,msg-#5-99
IN,1562924784889,msg-#1-99
IN,1562924784977,msg-#6-103
IN,1562924784981,msg-#8-102
IN,1562924784986,msg-#10-101
IN,1562924784986,msg-#2-101
IN,1562924784986,msg-#7-101
OUT,1562924784987,msg-#1-100
IN,1562924784987,msg-#3-100
IN,1562924784987,msg-#9-100
IN,1562924784987,msg-#4-99
IN,1562924784987,msg-#1-100
IN,1562924784988,msg-#5-100
IN,1562924785076,msg-#6-104
IN,1562924785079,msg-#8-103
IN,1562924785083,msg-#10-102
IN,1562924785083,msg-#2-102
IN,1562924785083,msg-#7-102
OUT,1562924785086,msg-#1-101
IN,1562924785086,msg-#9-101
IN,1562924785086,msg-#5-101
IN,1562924785087,msg-#3-101
IN,1562924785087,msg-#1-101
IN,1562924785087,msg-#4-100
IN,1562924785170,msg-#6-105
IN,1562924785176,msg-#8-104
IN,1562924785181,msg-#7-103
IN,1562924785181,msg-#10-103
IN,1562924785182,msg-#2-103
OUT,1562924785185,msg-#1-102
IN,1562924785186,msg-#3-102
IN,1562924785186,msg-#9-102
IN,1562924785186,msg-#5-102
IN,1562924785186,msg-#1-102
IN,1562924785188,msg-#4-101
IN,1562924785268,msg-#6-106
IN,1562924785272,msg-#8-105
IN,1562924785280,msg-#2-104
IN,1562924785280,msg-#7-104
IN,1562924785280,msg-#10-104
OUT,1562924785284,msg-#1-103
IN,1562924785284,msg-#9-103
IN,1562924785284,msg-#3-103
IN,1562924785284,msg-#5-103
IN,1562924785285,msg-#1-103
IN,1562924785288,msg-#4-102
IN,1562924785363,msg-#6-107
IN,1562924785370,msg-#8-106
IN,1562924785377,msg-#10-105
IN,1562924785377,msg-#2-105
IN,1562924785378,msg-#7-105
OUT,1562924785383,msg-#1-104
IN,1562924785383,msg-#3-104
IN,1562924785384,msg-#5-104
IN,1562924785384,msg-#9-104
IN,1562924785384,msg-#1-104
IN,1562924785387,msg-#4-103
IN,1562924785458,msg-#6-108
IN,1562924785466,msg-#8-107
IN,1562924785477,msg-#2-106
IN,1562924785477,msg-#10-106
IN,1562924785480,msg-#7-106
OUT,1562924785482,msg-#1-105
IN,1562924785482,msg-#9-105
IN,1562924785482,msg-#3-105
IN,1562924785482,msg-#1-105
IN,1562924785483,msg-#5-105
IN,1562924785487,msg-#4-104
IN,1562924785552,msg-#6-109
IN,1562924785563,msg-#8-108
IN,1562924785574,msg-#7-107
IN,1562924785574,msg-#10-107
IN,1562924785574,msg-#2-107
OUT,1562924785581,msg-#1-106
IN,1562924785581,msg-#9-106
IN,1562924785582,msg-#1-106
IN,1562924785582,msg-#5-106
IN,1562924785582,msg-#3-106
IN,1562924785587,msg-#4-105
IN,1562924785647,msg-#6-110
IN,1562924785662,msg-#8-109
IN,1562924785672,msg-#10-108
IN,1562924785672,msg-#7-108
IN,1562924785672,msg-#2-108
OUT,1562924785680,msg-#1-107
IN,1562924785680,msg-#3-107
IN,1562924785681,msg-#1-107
IN,1562924785681,msg-#5-107
IN,1562924785681,msg-#9-107
IN,1562924785689,msg-#4-106
IN,1562924785743,msg-#6-111
IN,1562924785757,msg-#8-110
IN,1562924785770,msg-#10-109
IN,1562924785770,msg-#2-109
IN,1562924785770,msg-#7-109
OUT,1562924785779,msg-#1-108
IN,1562924785780,msg-#5-108
IN,1562924785780,msg-#3-108
IN,1562924785780,msg-#1-108
IN,1562924785780,msg-#9-108
IN,1562924785787,msg-#4-107
IN,1562924785844,msg-#6-112
IN,1562924785856,msg-#8-111
IN,1562924785868,msg-#10-110
IN,1562924785868,msg-#7-110
IN,1562924785868,msg-#2-110
OUT,1562924785878,msg-#1-109
IN,1562924785880,msg-#1-109
IN,1562924785880,msg-#9-109
IN,1562924785880,msg-#5-109
IN,1562924785880,msg-#3-109
IN,1562924785889,msg-#4-108
IN,1562924785940,msg-#6-113
IN,1562924785952,msg-#8-112
IN,1562924785965,msg-#2-111
IN,1562924785965,msg-#7-111
IN,1562924785965,msg-#10-111
OUT,1562924785979,msg-#1-110
IN,1562924785979,msg-#1-110
IN,1562924785980,msg-#3-110
IN,1562924785980,msg-#9-110
IN,1562924785980,msg-#5-110
IN,1562924785988,msg-#4-109
IN,1562924786032,msg-#6-114
IN,1562924786048,msg-#8-113
IN,1562924786065,msg-#10-112
IN,1562924786065,msg-#2-112
IN,1562924786065,msg-#7-112
OUT,1562924786077,msg-#1-111
IN,1562924786077,msg-#5-111
IN,1562924786077,msg-#1-111
IN,1562924786077,msg-#3-111
IN,1562924786077,msg-#9-111
IN,1562924786088,msg-#4-110
IN,1562924786128,msg-#6-115
IN,1562924786146,msg-#8-114
IN,1562924786164,msg-#10-113
IN,1562924786164,msg-#7-113
IN,1562924786164,msg-#2-113
OUT,1562924786176,msg-#1-112
IN,1562924786177,msg-#9-112
IN,1562924786177,msg-#3-112
IN,1562924786180,msg-#5-112
IN,1562924786180,msg-#1-112
IN,1562924786187,msg-#4-111
IN,1562924786224,msg-#6-116
IN,1562924786242,msg-#8-115
IN,1562924786262,msg-#7-114
IN,1562924786262,msg-#2-114
IN,1562924786262,msg-#10-114
OUT,1562924786277,msg-#1-113
IN,1562924786277,msg-#3-113
IN,1562924786277,msg-#5-113
IN,1562924786277,msg-#1-113
IN,1562924786280,msg-#9-113
IN,1562924786287,msg-#4-112
IN,1562924786319,msg-#6-117
IN,1562924786344,msg-#8-116
IN,1562924786359,msg-#7-115
IN,1562924786359,msg-#2-115
IN,1562924786359,msg-#10-115
OUT,1562924786377,msg-#1-114
IN,1562924786380,msg-#3-114
IN,1562924786380,msg-#5-114
IN,1562924786380,msg-#9-114
IN,1562924786380,msg-#1-114
IN,1562924786387,msg-#4-113
IN,1562924786418,msg-#6-118
IN,1562924786454,msg-#8-117
IN,1562924786455,msg-#10-116
IN,1562924786455,msg-#7-116
IN,1562924786455,msg-#2-116
OUT,1562924786475,msg-#1-115
IN,1562924786476,msg-#9-115
IN,1562924786476,msg-#3-115
IN,1562924786476,msg-#1-115
IN,1562924786476,msg-#5-115
IN,1562924786519,msg-#4-114
IN,1562924786519,msg-#6-119
IN,1562924786537,msg-#8-118
IN,1562924786556,msg-#10-117
IN,1562924786556,msg-#7-117
IN,1562924786556,msg-#2-117
OUT,1562924786574,msg-#1-116
IN,1562924786574,msg-#1-116
IN,1562924786574,msg-#9-116
IN,1562924786574,msg-#3-116
IN,1562924786574,msg-#5-116
IN,1562924786617,msg-#4-115
IN,1562924786618,msg-#6-120
IN,1562924786630,msg-#8-119
IN,1562924786685,msg-#7-118
OUT,1562924786685,msg-#1-117
IN,1562924786685,msg-#2-118
IN,1562924786685,msg-#10-118
IN,1562924786685,msg-#9-117
IN,1562924786685,msg-#1-117
IN,1562924786685,msg-#3-117
IN,1562924786685,msg-#5-117
IN,1562924786687,msg-#4-116
IN,1562924786703,msg-#6-121
IN,1562924786751,msg-#8-120
IN,1562924786753,msg-#10-119
IN,1562924786753,msg-#7-119
IN,1562924786753,msg-#2-119
OUT,1562924786770,msg-#1-118
IN,1562924786770,msg-#3-118
IN,1562924786770,msg-#9-118
IN,1562924786770,msg-#1-118
IN,1562924786770,msg-#5-118
IN,1562924786819,msg-#4-117
IN,1562924786819,msg-#6-122
IN,1562924786848,msg-#8-121
IN,1562924786848,msg-#10-120
IN,1562924786848,msg-#7-120
IN,1562924786848,msg-#2-120
OUT,1562924786868,msg-#1-119
IN,1562924786868,msg-#1-119
IN,1562924786868,msg-#5-119
IN,1562924786868,msg-#9-119
IN,1562924786869,msg-#3-119
IN,1562924786891,msg-#4-118
IN,1562924786896,msg-#6-123
IN,1562924786988,msg-#8-122
OUT,1562924786989,msg-#1-120
IN,1562924786989,msg-#10-121
IN,1562924786989,msg-#3-120
IN,1562924786989,msg-#2-121
IN,1562924786989,msg-#1-120
IN,1562924786990,msg-#5-120
IN,1562924786990,msg-#7-121
IN,1562924786990,msg-#9-120
IN,1562924786991,msg-#4-119
IN,1562924786992,msg-#6-124
IN,1562924787020,msg-#8-123
IN,1562924787044,msg-#7-122
IN,1562924787044,msg-#10-122
IN,1562924787046,msg-#2-122
OUT,1562924787066,msg-#1-121
IN,1562924787078,msg-#9-121
IN,1562924787078,msg-#3-121
IN,1562924787078,msg-#5-121
IN,1562924787078,msg-#1-121
IN,1562924787090,msg-#6-125
IN,1562924787090,msg-#4-120
IN,1562924787116,msg-#8-124
IN,1562924787148,msg-#2-123
IN,1562924787148,msg-#7-123
IN,1562924787148,msg-#10-123
OUT,1562924787165,msg-#1-122
IN,1562924787166,msg-#1-122
IN,1562924787166,msg-#9-122
IN,1562924787166,msg-#3-122
IN,1562924787166,msg-#5-122
IN,1562924787183,msg-#6-126
IN,1562924787187,msg-#4-121
IN,1562924787214,msg-#8-125
IN,1562924787243,msg-#7-124
IN,1562924787243,msg-#2-124
IN,1562924787243,msg-#10-124
OUT,1562924787270,msg-#1-123
IN,1562924787270,msg-#3-123
IN,1562924787271,msg-#1-123
IN,1562924787271,msg-#5-123
IN,1562924787271,msg-#9-123
IN,1562924787280,msg-#6-127
IN,1562924787288,msg-#4-122
IN,1562924787310,msg-#8-126
IN,1562924787340,msg-#2-125
IN,1562924787340,msg-#10-125
IN,1562924787341,msg-#7-125
OUT,1562924787364,msg-#1-124
IN,1562924787364,msg-#9-124
IN,1562924787364,msg-#1-124
IN,1562924787364,msg-#5-124
IN,1562924787364,msg-#3-124
IN,1562924787376,msg-#6-128
IN,1562924787390,msg-#4-123
IN,1562924787410,msg-#8-127
IN,1562924787440,msg-#10-126
IN,1562924787440,msg-#7-126
IN,1562924787441,msg-#2-126
OUT,1562924787463,msg-#1-125
IN,1562924787463,msg-#9-125
IN,1562924787463,msg-#1-125
IN,1562924787463,msg-#5-125
IN,1562924787463,msg-#3-125
IN,1562924787472,msg-#6-129
IN,1562924787490,msg-#4-124
IN,1562924787504,msg-#8-128
IN,1562924787537,msg-#7-127
IN,1562924787537,msg-#10-127
IN,1562924787537,msg-#2-127
OUT,1562924787561,msg-#1-126
IN,1562924787562,msg-#9-126
IN,1562924787562,msg-#5-126
IN,1562924787562,msg-#3-126
IN,1562924787562,msg-#1-126
IN,1562924787568,msg-#6-130
IN,1562924787591,msg-#4-125
IN,1562924787601,msg-#8-129
IN,1562924787632,msg-#2-128
IN,1562924787632,msg-#7-128
IN,1562924787632,msg-#10-128
OUT,1562924787661,msg-#1-127
IN,1562924787661,msg-#9-127
IN,1562924787662,msg-#5-127
IN,1562924787662,msg-#3-127
IN,1562924787662,msg-#1-127
IN,1562924787664,msg-#6-131
IN,1562924787691,msg-#4-126
IN,1562924787697,msg-#8-130
IN,1562924787729,msg-#10-129
IN,1562924787729,msg-#7-129
IN,1562924787729,msg-#2-129
OUT,1562924787759,msg-#1-128
IN,1562924787760,msg-#3-128
IN,1562924787760,msg-#1-128
IN,1562924787760,msg-#9-128
IN,1562924787760,msg-#5-128
IN,1562924787760,msg-#6-132
IN,1562924787791,msg-#4-127
IN,1562924787795,msg-#8-131
IN,1562924787828,msg-#10-130
IN,1562924787828,msg-#2-130
IN,1562924787829,msg-#7-130
IN,1562924787856,msg-#6-133
OUT,1562924787858,msg-#1-129
IN,1562924787859,msg-#1-129
IN,1562924787859,msg-#9-129
IN,1562924787859,msg-#3-129
IN,1562924787859,msg-#5-129
IN,1562924787891,msg-#4-128
IN,1562924787891,msg-#8-132
IN,1562924787926,msg-#2-131
IN,1562924787926,msg-#7-131
IN,1562924787926,msg-#10-131
IN,1562924787951,msg-#6-134
OUT,1562924787957,msg-#1-130
IN,1562924787957,msg-#3-130
IN,1562924787957,msg-#9-130
IN,1562924787957,msg-#5-130
IN,1562924787957,msg-#1-130
IN,1562924787988,msg-#4-129
IN,1562924787988,msg-#8-133
IN,1562924788024,msg-#7-132
IN,1562924788024,msg-#10-132
IN,1562924788024,msg-#2-132
IN,1562924788048,msg-#6-135
OUT,1562924788057,msg-#1-131
IN,1562924788057,msg-#9-131
IN,1562924788057,msg-#3-131
IN,1562924788057,msg-#1-131
IN,1562924788057,msg-#5-131
IN,1562924788087,msg-#8-134
IN,1562924788087,msg-#4-130
IN,1562924788122,msg-#7-133
IN,1562924788122,msg-#2-133
IN,1562924788122,msg-#10-133
IN,1562924788146,msg-#6-136
OUT,1562924788156,msg-#1-132
IN,1562924788156,msg-#9-132
IN,1562924788156,msg-#5-132
IN,1562924788156,msg-#3-132
IN,1562924788156,msg-#1-132
IN,1562924788183,msg-#8-135
IN,1562924788188,msg-#4-131
IN,1562924788224,msg-#10-134
IN,1562924788224,msg-#2-134
IN,1562924788224,msg-#7-134
IN,1562924788241,msg-#6-137
OUT,1562924788257,msg-#1-133
IN,1562924788257,msg-#1-133
IN,1562924788257,msg-#9-133
IN,1562924788257,msg-#3-133
IN,1562924788257,msg-#5-133
IN,1562924788280,msg-#8-136
IN,1562924788288,msg-#4-132
IN,1562924788318,msg-#7-135
IN,1562924788318,msg-#2-135
IN,1562924788318,msg-#10-135
IN,1562924788336,msg-#6-138
OUT,1562924788354,msg-#1-134
IN,1562924788354,msg-#1-134
IN,1562924788354,msg-#5-134
IN,1562924788354,msg-#9-134
IN,1562924788354,msg-#3-134
IN,1562924788377,msg-#8-137
IN,1562924788388,msg-#4-133
IN,1562924788416,msg-#7-136
IN,1562924788416,msg-#10-136
IN,1562924788416,msg-#2-136
IN,1562924788432,msg-#6-139
OUT,1562924788453,msg-#1-135
IN,1562924788453,msg-#9-135
IN,1562924788453,msg-#1-135
IN,1562924788453,msg-#5-135
IN,1562924788453,msg-#3-135
IN,1562924788477,msg-#8-138
IN,1562924788488,msg-#4-134
IN,1562924788514,msg-#2-137
IN,1562924788514,msg-#7-137
IN,1562924788514,msg-#10-137
IN,1562924788529,msg-#6-140
OUT,1562924788552,msg-#1-136
IN,1562924788552,msg-#9-136
IN,1562924788552,msg-#3-136
IN,1562924788552,msg-#5-136
IN,1562924788552,msg-#1-136
IN,1562924788574,msg-#8-139
IN,1562924788590,msg-#4-135
IN,1562924788616,msg-#7-138
IN,1562924788616,msg-#2-138
IN,1562924788616,msg-#10-138
IN,1562924788624,msg-#6-141
OUT,1562924788650,msg-#1-137
IN,1562924788651,msg-#1-137
IN,1562924788651,msg-#5-137
IN,1562924788651,msg-#9-137
IN,1562924788651,msg-#3-137
IN,1562924788671,msg-#8-140
IN,1562924788690,msg-#4-136
IN,1562924788717,msg-#2-139
IN,1562924788717,msg-#10-139
IN,1562924788717,msg-#7-139
IN,1562924788720,msg-#6-142
OUT,1562924788749,msg-#1-138
IN,1562924788750,msg-#3-138
IN,1562924788750,msg-#5-138
IN,1562924788750,msg-#1-138
IN,1562924788750,msg-#9-138
IN,1562924788765,msg-#8-141
IN,1562924788788,msg-#4-137
IN,1562924788808,msg-#10-140
IN,1562924788809,msg-#7-140
IN,1562924788809,msg-#2-140
IN,1562924788816,msg-#6-143
OUT,1562924788849,msg-#1-139
IN,1562924788849,msg-#9-139
IN,1562924788849,msg-#3-139
IN,1562924788849,msg-#1-139
IN,1562924788849,msg-#5-139
IN,1562924788862,msg-#8-142
IN,1562924788888,msg-#4-138
IN,1562924788906,msg-#7-141
IN,1562924788906,msg-#10-141
IN,1562924788906,msg-#2-141
IN,1562924788912,msg-#6-144
OUT,1562924788948,msg-#1-140
IN,1562924788949,msg-#3-140
IN,1562924788949,msg-#5-140
IN,1562924788949,msg-#9-140
IN,1562924788949,msg-#1-140
IN,1562924788959,msg-#8-143
IN,1562924788990,msg-#4-139
IN,1562924789005,msg-#7-142
IN,1562924789005,msg-#2-142
IN,1562924789005,msg-#10-142
IN,1562924789008,msg-#6-145
OUT,1562924789047,msg-#1-141
IN,1562924789047,msg-#3-141
IN,1562924789047,msg-#1-141
IN,1562924789047,msg-#9-141
IN,1562924789047,msg-#5-141
IN,1562924789056,msg-#8-144
IN,1562924789088,msg-#4-140
IN,1562924789102,msg-#7-143
IN,1562924789102,msg-#2-143
IN,1562924789102,msg-#10-143
IN,1562924789104,msg-#6-146
OUT,1562924789145,msg-#1-142
IN,1562924789146,msg-#1-142
IN,1562924789146,msg-#3-142
IN,1562924789146,msg-#5-142
IN,1562924789146,msg-#9-142
IN,1562924789153,msg-#8-145
IN,1562924789190,msg-#4-141
IN,1562924789201,msg-#6-147
IN,1562924789201,msg-#10-144
IN,1562924789201,msg-#7-144
IN,1562924789202,msg-#2-144
OUT,1562924789244,msg-#1-143
IN,1562924789245,msg-#5-143
IN,1562924789245,msg-#9-143
IN,1562924789245,msg-#3-143
IN,1562924789245,msg-#1-143
IN,1562924789250,msg-#8-146
IN,1562924789290,msg-#4-142
IN,1562924789296,msg-#6-148
IN,1562924789298,msg-#10-145
IN,1562924789298,msg-#2-145
IN,1562924789298,msg-#7-145
OUT,1562924789343,msg-#1-144
IN,1562924789344,msg-#9-144
IN,1562924789344,msg-#3-144
IN,1562924789344,msg-#1-144
IN,1562924789344,msg-#5-144
IN,1562924789347,msg-#8-147
IN,1562924789391,msg-#4-143
IN,1562924789391,msg-#6-149
IN,1562924789396,msg-#10-146
IN,1562924789396,msg-#2-146
IN,1562924789396,msg-#7-146
OUT,1562924789443,msg-#1-145
IN,1562924789443,msg-#1-145
IN,1562924789443,msg-#9-145
IN,1562924789444,msg-#5-145
IN,1562924789444,msg-#3-145
IN,1562924789444,msg-#8-148
IN,1562924789491,msg-#4-144
IN,1562924789491,msg-#6-150
IN,1562924789495,msg-#2-147
IN,1562924789495,msg-#7-147
IN,1562924789495,msg-#10-147
OUT,1562924789543,msg-#1-146
IN,1562924789544,msg-#1-146
IN,1562924789544,msg-#8-149
IN,1562924789544,msg-#3-146
IN,1562924789545,msg-#9-146
IN,1562924789545,msg-#5-146
IN,1562924789584,msg-#6-151
IN,1562924789588,msg-#4-145
IN,1562924789592,msg-#2-148
IN,1562924789592,msg-#7-148
IN,1562924789592,msg-#10-148
OUT,1562924789640,msg-#1-147
IN,1562924789641,msg-#8-150
IN,1562924789641,msg-#1-147
IN,1562924789641,msg-#3-147
IN,1562924789641,msg-#5-147
IN,1562924789641,msg-#9-147
IN,1562924789680,msg-#6-152
IN,1562924789688,msg-#4-146
IN,1562924789689,msg-#10-149
IN,1562924789690,msg-#7-149
IN,1562924789690,msg-#2-149
IN,1562924789736,msg-#8-151
OUT,1562924789740,msg-#1-148
IN,1562924789740,msg-#1-148
IN,1562924789740,msg-#9-148
IN,1562924789740,msg-#3-148
IN,1562924789740,msg-#5-148
IN,1562924789778,msg-#6-153
IN,1562924789790,msg-#4-147
IN,1562924789790,msg-#2-150
IN,1562924789790,msg-#10-150
IN,1562924789790,msg-#7-150
IN,1562924789832,msg-#8-152
OUT,1562924789839,msg-#1-149
IN,1562924789839,msg-#1-149
IN,1562924789839,msg-#5-149
IN,1562924789839,msg-#9-149
IN,1562924789839,msg-#3-149
IN,1562924789876,msg-#6-154
IN,1562924789886,msg-#10-151
IN,1562924789886,msg-#7-151
IN,1562924789886,msg-#2-151
IN,1562924789888,msg-#4-148
IN,1562924789929,msg-#8-153
OUT,1562924789938,msg-#1-150
IN,1562924789938,msg-#9-150
IN,1562924789938,msg-#5-150
IN,1562924789938,msg-#1-150
IN,1562924789938,msg-#3-150
IN,1562924789968,msg-#6-155
IN,1562924789984,msg-#10-152
IN,1562924789984,msg-#2-152
IN,1562924789984,msg-#7-152
IN,1562924789988,msg-#4-149
IN,1562924790028,msg-#8-154
OUT,1562924790037,msg-#1-151
IN,1562924790037,msg-#1-151
IN,1562924790037,msg-#5-151
IN,1562924790037,msg-#3-151
IN,1562924790038,msg-#9-151
IN,1562924790064,msg-#6-156
IN,1562924790082,msg-#2-153
IN,1562924790082,msg-#7-153
IN,1562924790082,msg-#10-153
IN,1562924790088,msg-#4-150
IN,1562924790124,msg-#8-155
OUT,1562924790137,msg-#1-152
IN,1562924790137,msg-#9-152
IN,1562924790137,msg-#3-152
IN,1562924790137,msg-#5-152
IN,1562924790137,msg-#1-152
IN,1562924790160,msg-#6-157
IN,1562924790180,msg-#10-154
IN,1562924790180,msg-#7-154
IN,1562924790180,msg-#2-154
IN,1562924790188,msg-#4-151
IN,1562924790224,msg-#8-156
OUT,1562924790235,msg-#1-153
IN,1562924790235,msg-#9-153
IN,1562924790235,msg-#5-153
IN,1562924790235,msg-#3-153
IN,1562924790235,msg-#1-153
IN,1562924790258,msg-#6-158
IN,1562924790280,msg-#10-155
IN,1562924790281,msg-#2-155
IN,1562924790281,msg-#7-155
IN,1562924790288,msg-#4-152
IN,1562924790317,msg-#8-157
OUT,1562924790334,msg-#1-154
IN,1562924790334,msg-#9-154
IN,1562924790334,msg-#3-154
IN,1562924790334,msg-#5-154
IN,1562924790334,msg-#1-154
IN,1562924790352,msg-#6-159
IN,1562924790376,msg-#7-156
IN,1562924790376,msg-#10-156
IN,1562924790376,msg-#2-156
IN,1562924790390,msg-#4-153
IN,1562924790414,msg-#8-158
OUT,1562924790433,msg-#1-155
IN,1562924790433,msg-#3-155
IN,1562924790433,msg-#5-155
IN,1562924790433,msg-#9-155
IN,1562924790433,msg-#1-155
IN,1562924790448,msg-#6-160
IN,1562924790476,msg-#10-157
IN,1562924790476,msg-#2-157
IN,1562924790476,msg-#7-157
IN,1562924790490,msg-#4-154
IN,1562924790511,msg-#8-159
OUT,1562924790531,msg-#1-156
IN,1562924790532,msg-#3-156
IN,1562924790532,msg-#1-156
IN,1562924790532,msg-#9-156
IN,1562924790532,msg-#5-156
IN,1562924790544,msg-#6-161
IN,1562924790574,msg-#7-158
IN,1562924790574,msg-#10-158
IN,1562924790574,msg-#2-158
IN,1562924790588,msg-#4-155
IN,1562924790614,msg-#8-160
OUT,1562924790630,msg-#1-157
IN,1562924790631,msg-#1-157
IN,1562924790631,msg-#3-157
IN,1562924790631,msg-#5-157
IN,1562924790631,msg-#9-157
IN,1562924790640,msg-#6-162
IN,1562924790674,msg-#2-159
IN,1562924790674,msg-#7-159
IN,1562924790674,msg-#10-159
IN,1562924790690,msg-#4-156
IN,1562924790705,msg-#8-161
OUT,1562924790730,msg-#1-158
IN,1562924790730,msg-#1-158
IN,1562924790730,msg-#9-158
IN,1562924790730,msg-#3-158
IN,1562924790730,msg-#5-158
IN,1562924790736,msg-#6-163
IN,1562924790768,msg-#10-160
IN,1562924790768,msg-#2-160
IN,1562924790768,msg-#7-160
IN,1562924790791,msg-#4-157
IN,1562924790802,msg-#8-162
OUT,1562924790830,msg-#1-159
IN,1562924790830,msg-#3-159
IN,1562924790830,msg-#1-159
IN,1562924790830,msg-#5-159
IN,1562924790830,msg-#9-159
IN,1562924790832,msg-#6-164
IN,1562924790866,msg-#10-161
IN,1562924790866,msg-#7-161
IN,1562924790866,msg-#2-161
IN,1562924790891,msg-#4-158
IN,1562924790899,msg-#8-163
OUT,1562924790928,msg-#1-160
IN,1562924790928,msg-#3-160
IN,1562924790928,msg-#5-160
IN,1562924790928,msg-#1-160
IN,1562924790928,msg-#9-160
IN,1562924790928,msg-#6-165
IN,1562924790964,msg-#10-162
IN,1562924790964,msg-#7-162
IN,1562924790964,msg-#2-162
IN,1562924790991,msg-#4-159
IN,1562924790996,msg-#8-164
IN,1562924791024,msg-#6-166
OUT,1562924791027,msg-#1-161
IN,1562924791027,msg-#9-161
IN,1562924791027,msg-#5-161
IN,1562924791027,msg-#3-161
IN,1562924791027,msg-#1-161
IN,1562924791062,msg-#7-163
IN,1562924791062,msg-#10-163
IN,1562924791062,msg-#2-163
IN,1562924791088,msg-#4-160
IN,1562924791093,msg-#8-165
IN,1562924791124,msg-#6-167
OUT,1562924791125,msg-#1-162
IN,1562924791126,msg-#9-162
IN,1562924791126,msg-#1-162
IN,1562924791126,msg-#5-162
IN,1562924791126,msg-#3-162
IN,1562924791163,msg-#7-164
IN,1562924791163,msg-#10-164
IN,1562924791163,msg-#2-164
IN,1562924791191,msg-#4-161
IN,1562924791191,msg-#8-166
IN,1562924791219,msg-#6-168
OUT,1562924791225,msg-#1-163
IN,1562924791225,msg-#1-163
IN,1562924791225,msg-#3-163
IN,1562924791225,msg-#9-163
IN,1562924791225,msg-#5-163
IN,1562924791258,msg-#10-165
IN,1562924791258,msg-#2-165
IN,1562924791258,msg-#7-165
IN,1562924791287,msg-#8-167
IN,1562924791288,msg-#4-162
IN,1562924791312,msg-#6-169
OUT,1562924791324,msg-#1-164
IN,1562924791324,msg-#1-164
IN,1562924791324,msg-#5-164
IN,1562924791324,msg-#3-164
IN,1562924791324,msg-#9-164
IN,1562924791356,msg-#7-166
IN,1562924791356,msg-#2-166
IN,1562924791356,msg-#10-166
IN,1562924791384,msg-#8-168
IN,1562924791388,msg-#4-163
IN,1562924791411,msg-#6-170
OUT,1562924791425,msg-#1-165
IN,1562924791426,msg-#5-165
IN,1562924791426,msg-#1-165
IN,1562924791426,msg-#3-165
IN,1562924791426,msg-#9-165
IN,1562924791457,msg-#10-167
IN,1562924791457,msg-#2-167
IN,1562924791457,msg-#7-167
IN,1562924791481,msg-#8-169
IN,1562924791488,msg-#4-164
IN,1562924791504,msg-#6-171
OUT,1562924791524,msg-#1-166
IN,1562924791524,msg-#5-166
IN,1562924791524,msg-#3-166
IN,1562924791524,msg-#9-166
IN,1562924791524,msg-#1-166
IN,1562924791552,msg-#2-168
IN,1562924791552,msg-#7-168
IN,1562924791552,msg-#10-168
IN,1562924791578,msg-#8-170
IN,1562924791588,msg-#4-165
IN,1562924791600,msg-#6-172
OUT,1562924791624,msg-#1-167
IN,1562924791624,msg-#3-167
IN,1562924791624,msg-#9-167
IN,1562924791624,msg-#5-167
IN,1562924791624,msg-#1-167
IN,1562924791650,msg-#10-169
IN,1562924791650,msg-#7-169
IN,1562924791650,msg-#2-169
IN,1562924791676,msg-#8-171
IN,1562924791690,msg-#4-166
IN,1562924791696,msg-#6-173
OUT,1562924791720,msg-#1-168
IN,1562924791720,msg-#9-168
IN,1562924791720,msg-#3-168
IN,1562924791720,msg-#5-168
IN,1562924791720,msg-#1-168
IN,1562924791748,msg-#2-170
IN,1562924791748,msg-#7-170
IN,1562924791748,msg-#10-170
IN,1562924791776,msg-#8-172
IN,1562924791788,msg-#4-167
IN,1562924791792,msg-#6-174
OUT,1562924791818,msg-#1-169
IN,1562924791819,msg-#9-169
IN,1562924791819,msg-#5-169
IN,1562924791819,msg-#1-169
IN,1562924791819,msg-#3-169
IN,1562924791848,msg-#2-171
IN,1562924791848,msg-#7-171
IN,1562924791848,msg-#10-171
IN,1562924791871,msg-#8-173
IN,1562924791889,msg-#4-168
IN,1562924791889,msg-#6-175
OUT,1562924791918,msg-#1-170
IN,1562924791918,msg-#9-170
IN,1562924791918,msg-#3-170
IN,1562924791918,msg-#1-170
IN,1562924791918,msg-#5-170
IN,1562924791944,msg-#7-172
IN,1562924791944,msg-#2-172
IN,1562924791944,msg-#10-172
IN,1562924791971,msg-#8-174
IN,1562924791984,msg-#6-176
IN,1562924791988,msg-#4-169
OUT,1562924792018,msg-#1-171
IN,1562924792018,msg-#9-171
IN,1562924792018,msg-#3-171
IN,1562924792018,msg-#1-171
IN,1562924792018,msg-#5-171
IN,1562924792044,msg-#10-173
IN,1562924792047,msg-#7-173
IN,1562924792047,msg-#2-173
IN,1562924792064,msg-#8-175
IN,1562924792080,msg-#6-177
IN,1562924792088,msg-#4-170
OUT,1562924792115,msg-#1-172
IN,1562924792116,msg-#3-172
IN,1562924792116,msg-#1-172
IN,1562924792116,msg-#9-172
IN,1562924792116,msg-#5-172
IN,1562924792143,msg-#10-174
IN,1562924792143,msg-#2-174
IN,1562924792143,msg-#7-174
IN,1562924792162,msg-#8-176
IN,1562924792177,msg-#6-178
IN,1562924792190,msg-#4-171
OUT,1562924792218,msg-#1-173
IN,1562924792218,msg-#1-173
IN,1562924792218,msg-#3-173
IN,1562924792218,msg-#5-173
IN,1562924792218,msg-#9-173
IN,1562924792238,msg-#10-175
IN,1562924792238,msg-#2-175
IN,1562924792239,msg-#7-175
IN,1562924792258,msg-#8-177
IN,1562924792272,msg-#6-179
IN,1562924792291,msg-#4-172
OUT,1562924792315,msg-#1-174
IN,1562924792315,msg-#9-174
IN,1562924792315,msg-#1-174
IN,1562924792315,msg-#5-174
IN,1562924792315,msg-#3-174
IN,1562924792336,msg-#2-176
IN,1562924792336,msg-#7-176
IN,1562924792336,msg-#10-176
IN,1562924792357,msg-#8-178
IN,1562924792368,msg-#6-180
IN,1562924792388,msg-#4-173
OUT,1562924792413,msg-#1-175
IN,1562924792414,msg-#3-175
IN,1562924792414,msg-#1-175
IN,1562924792414,msg-#5-175
IN,1562924792414,msg-#9-175
IN,1562924792434,msg-#10-177
IN,1562924792434,msg-#7-177
IN,1562924792434,msg-#2-177
IN,1562924792451,msg-#8-179
IN,1562924792465,msg-#6-181
IN,1562924792488,msg-#4-174
OUT,1562924792512,msg-#1-176
IN,1562924792513,msg-#3-176
IN,1562924792513,msg-#1-176
IN,1562924792515,msg-#9-176
IN,1562924792515,msg-#5-176
IN,1562924792537,msg-#10-178
IN,1562924792537,msg-#2-178
IN,1562924792537,msg-#7-178
IN,1562924792548,msg-#8-180
IN,1562924792560,msg-#6-182
IN,1562924792592,msg-#4-175
OUT,1562924792611,msg-#1-177
IN,1562924792611,msg-#3-177
IN,1562924792611,msg-#1-177
IN,1562924792615,msg-#5-177
IN,1562924792615,msg-#9-177
IN,1562924792630,msg-#2-179
IN,1562924792630,msg-#10-179
IN,1562924792630,msg-#7-179
IN,1562924792645,msg-#8-181
IN,1562924792656,msg-#6-183
IN,1562924792691,msg-#4-176
OUT,1562924792711,msg-#1-178
IN,1562924792711,msg-#9-178
IN,1562924792716,msg-#3-178
IN,1562924792716,msg-#5-178
IN,1562924792716,msg-#1-178
IN,1562924792729,msg-#2-180
IN,1562924792729,msg-#7-180
IN,1562924792729,msg-#10-180
IN,1562924792743,msg-#8-182
IN,1562924792752,msg-#6-184
IN,1562924792791,msg-#4-177
OUT,1562924792810,msg-#1-179
IN,1562924792810,msg-#3-179
IN,1562924792810,msg-#9-179
IN,1562924792810,msg-#1-179
IN,1562924792811,msg-#5-179
IN,1562924792826,msg-#2-181
IN,1562924792826,msg-#10-181
IN,1562924792826,msg-#7-181
IN,1562924792841,msg-#8-183
IN,1562924792848,msg-#6-185
IN,1562924792891,msg-#4-178
OUT,1562924792909,msg-#1-180
IN,1562924792910,msg-#5-180
IN,1562924792910,msg-#1-180
IN,1562924792910,msg-#3-180
IN,1562924792910,msg-#9-180
IN,1562924792924,msg-#7-182
IN,1562924792924,msg-#2-182
IN,1562924792924,msg-#10-182
IN,1562924792937,msg-#8-184
IN,1562924792944,msg-#6-186
IN,1562924792992,msg-#4-179
OUT,1562924793010,msg-#1-181
IN,1562924793010,msg-#9-181
IN,1562924793010,msg-#5-181
IN,1562924793010,msg-#1-181
IN,1562924793010,msg-#3-181
IN,1562924793024,msg-#7-183
IN,1562924793024,msg-#10-183
IN,1562924793024,msg-#2-183
IN,1562924793035,msg-#8-185
IN,1562924793041,msg-#6-187
IN,1562924793088,msg-#4-180
OUT,1562924793106,msg-#1-182
IN,1562924793106,msg-#1-182
IN,1562924793106,msg-#9-182
IN,1562924793106,msg-#5-182
IN,1562924793106,msg-#3-182
IN,1562924793120,msg-#2-184
IN,1562924793120,msg-#7-184
IN,1562924793120,msg-#10-184
IN,1562924793130,msg-#8-186
IN,1562924793136,msg-#6-188
IN,1562924793188,msg-#4-181
OUT,1562924793205,msg-#1-183
IN,1562924793205,msg-#3-183
IN,1562924793205,msg-#1-183
IN,1562924793205,msg-#9-183
IN,1562924793205,msg-#5-183
IN,1562924793218,msg-#10-185
IN,1562924793218,msg-#2-185
IN,1562924793218,msg-#7-185
IN,1562924793227,msg-#8-187
IN,1562924793232,msg-#6-189
IN,1562924793291,msg-#4-182
OUT,1562924793304,msg-#1-184
IN,1562924793304,msg-#1-184
IN,1562924793304,msg-#9-184
IN,1562924793304,msg-#5-184
IN,1562924793304,msg-#3-184
IN,1562924793316,msg-#10-186
IN,1562924793316,msg-#7-186
IN,1562924793316,msg-#2-186
IN,1562924793324,msg-#8-188
IN,1562924793328,msg-#6-190
IN,1562924793391,msg-#4-183
OUT,1562924793403,msg-#1-185
IN,1562924793403,msg-#9-185
IN,1562924793403,msg-#1-185
IN,1562924793403,msg-#5-185
IN,1562924793403,msg-#3-185
IN,1562924793414,msg-#7-187
IN,1562924793414,msg-#2-187
IN,1562924793414,msg-#10-187
IN,1562924793422,msg-#8-189
IN,1562924793424,msg-#6-191
IN,1562924793491,msg-#4-184
OUT,1562924793502,msg-#1-186
IN,1562924793502,msg-#5-186
IN,1562924793502,msg-#3-186
IN,1562924793502,msg-#9-186
IN,1562924793502,msg-#1-186
IN,1562924793512,msg-#2-188
IN,1562924793512,msg-#10-188
IN,1562924793512,msg-#7-188
IN,1562924793518,msg-#8-190
IN,1562924793520,msg-#6-192
IN,1562924793590,msg-#4-185
OUT,1562924793601,msg-#1-187
IN,1562924793601,msg-#3-187
IN,1562924793601,msg-#5-187
IN,1562924793601,msg-#9-187
IN,1562924793601,msg-#1-187
IN,1562924793610,msg-#10-189
IN,1562924793610,msg-#2-189
IN,1562924793614,msg-#7-189
IN,1562924793615,msg-#8-191
IN,1562924793616,msg-#6-193
IN,1562924793691,msg-#4-186
OUT,1562924793700,msg-#1-188
IN,1562924793701,msg-#1-188
IN,1562924793701,msg-#5-188
IN,1562924793701,msg-#9-188
IN,1562924793701,msg-#3-188
IN,1562924793708,msg-#2-190
IN,1562924793708,msg-#10-190
IN,1562924793708,msg-#7-190
IN,1562924793712,msg-#6-194
IN,1562924793712,msg-#8-192
IN,1562924793791,msg-#4-187
OUT,1562924793799,msg-#1-189
IN,1562924793799,msg-#9-189
IN,1562924793799,msg-#3-189
IN,1562924793799,msg-#5-189
IN,1562924793799,msg-#1-189
IN,1562924793806,msg-#10-191
IN,1562924793806,msg-#7-191
IN,1562924793806,msg-#2-191
IN,1562924793808,msg-#6-195
IN,1562924793809,msg-#8-193
IN,1562924793891,msg-#4-188
OUT,1562924793898,msg-#1-190
IN,1562924793898,msg-#1-190
IN,1562924793898,msg-#5-190
IN,1562924793899,msg-#3-190
IN,1562924793899,msg-#9-190
IN,1562924793904,msg-#2-192
IN,1562924793904,msg-#6-196
IN,1562924793904,msg-#7-192
IN,1562924793904,msg-#10-192
IN,1562924793906,msg-#8-194
IN,1562924793991,msg-#4-189
OUT,1562924793997,msg-#1-191
IN,1562924793997,msg-#1-191
IN,1562924793997,msg-#9-191
IN,1562924793997,msg-#3-191
IN,1562924793998,msg-#5-191
IN,1562924794000,msg-#6-197
IN,1562924794002,msg-#10-193
IN,1562924794002,msg-#2-193
IN,1562924794002,msg-#7-193
IN,1562924794003,msg-#8-195
IN,1562924794090,msg-#4-190
OUT,1562924794096,msg-#1-192
IN,1562924794096,msg-#6-198
IN,1562924794097,msg-#5-192
IN,1562924794097,msg-#1-192
IN,1562924794097,msg-#3-192
IN,1562924794097,msg-#9-192
IN,1562924794100,msg-#10-194
IN,1562924794100,msg-#2-194
IN,1562924794100,msg-#8-196
IN,1562924794101,msg-#7-194
IN,1562924794188,msg-#4-191
IN,1562924794192,msg-#6-199
OUT,1562924794195,msg-#1-193
IN,1562924794195,msg-#5-193
IN,1562924794195,msg-#1-193
IN,1562924794196,msg-#3-193
IN,1562924794196,msg-#9-193
IN,1562924794197,msg-#8-197
IN,1562924794198,msg-#10-195
IN,1562924794198,msg-#2-195
IN,1562924794198,msg-#7-195
IN,1562924794291,msg-#6-200
IN,1562924794291,msg-#4-192
OUT,1562924794294,msg-#1-194
IN,1562924794294,msg-#1-194
IN,1562924794295,msg-#9-194
IN,1562924794295,msg-#3-194
IN,1562924794295,msg-#5-194
IN,1562924794295,msg-#8-198
IN,1562924794296,msg-#2-196
IN,1562924794296,msg-#7-196
IN,1562924794296,msg-#10-196
IN,1562924794384,msg-#6-201
IN,1562924794389,msg-#4-193
IN,1562924794391,msg-#8-199
OUT,1562924794392,msg-#1-195
IN,1562924794393,msg-#9-195
IN,1562924794393,msg-#5-195
IN,1562924794393,msg-#3-195
IN,1562924794393,msg-#1-195
IN,1562924794394,msg-#10-197
IN,1562924794394,msg-#2-197
IN,1562924794394,msg-#7-197
IN,1562924794484,msg-#6-202
IN,1562924794488,msg-#4-194
IN,1562924794488,msg-#8-200
OUT,1562924794492,msg-#1-196
IN,1562924794492,msg-#3-196
IN,1562924794492,msg-#10-198
IN,1562924794492,msg-#1-196
IN,1562924794492,msg-#5-196
IN,1562924794493,msg-#2-198
IN,1562924794493,msg-#7-198
IN,1562924794493,msg-#9-196
IN,1562924794579,msg-#6-203
IN,1562924794585,msg-#8-201
IN,1562924794588,msg-#4-195
IN,1562924794590,msg-#7-199
IN,1562924794590,msg-#2-199
IN,1562924794590,msg-#10-199
OUT,1562924794590,msg-#1-197
IN,1562924794591,msg-#1-197
IN,1562924794591,msg-#9-197
IN,1562924794591,msg-#3-197
IN,1562924794591,msg-#5-197
IN,1562924794676,msg-#6-204
IN,1562924794682,msg-#8-202
IN,1562924794688,msg-#7-200
IN,1562924794689,msg-#4-196
IN,1562924794689,msg-#10-200
IN,1562924794689,msg-#2-200
OUT,1562924794690,msg-#1-198
IN,1562924794690,msg-#9-198
IN,1562924794691,msg-#5-198
IN,1562924794691,msg-#1-198
IN,1562924794691,msg-#3-198
IN,1562924794768,msg-#6-205
IN,1562924794779,msg-#8-203
IN,1562924794786,msg-#10-201
IN,1562924794786,msg-#7-201
IN,1562924794786,msg-#2-201
IN,1562924794788,msg-#4-197
OUT,1562924794788,msg-#1-199
IN,1562924794789,msg-#9-199
IN,1562924794789,msg-#1-199
IN,1562924794789,msg-#5-199
IN,1562924794789,msg-#3-199
IN,1562924794864,msg-#6-206
IN,1562924794876,msg-#8-204
IN,1562924794886,msg-#2-202
IN,1562924794886,msg-#7-202
IN,1562924794886,msg-#10-202
OUT,1562924794888,msg-#1-200
IN,1562924794888,msg-#4-198
IN,1562924794888,msg-#3-200
IN,1562924794889,msg-#5-200
IN,1562924794889,msg-#9-200
IN,1562924794889,msg-#1-200
IN,1562924794965,msg-#6-207
IN,1562924794975,msg-#8-205
IN,1562924794982,msg-#2-203
IN,1562924794982,msg-#10-203
IN,1562924794982,msg-#7-203
OUT,1562924794987,msg-#1-201
IN,1562924794987,msg-#1-201
IN,1562924794987,msg-#5-201
IN,1562924794987,msg-#9-201
IN,1562924794988,msg-#3-201
IN,1562924794988,msg-#4-199
IN,1562924795061,msg-#6-208
IN,1562924795071,msg-#8-206
IN,1562924795080,msg-#2-204
IN,1562924795080,msg-#7-204
IN,1562924795080,msg-#10-204
OUT,1562924795087,msg-#1-202
IN,1562924795087,msg-#1-202
IN,1562924795087,msg-#5-202
IN,1562924795087,msg-#3-202
IN,1562924795087,msg-#9-202
IN,1562924795088,msg-#4-200
IN,1562924795157,msg-#6-209
IN,1562924795167,msg-#8-207
IN,1562924795178,msg-#2-205
IN,1562924795178,msg-#7-205
IN,1562924795178,msg-#10-205
OUT,1562924795184,msg-#1-203
IN,1562924795185,msg-#3-203
IN,1562924795185,msg-#1-203
IN,1562924795185,msg-#9-203
IN,1562924795185,msg-#5-203
IN,1562924795188,msg-#4-201
IN,1562924795248,msg-#6-210
IN,1562924795264,msg-#8-208
IN,1562924795278,msg-#2-206
IN,1562924795281,msg-#10-206
IN,1562924795281,msg-#7-206
OUT,1562924795284,msg-#1-204
IN,1562924795284,msg-#5-204
IN,1562924795285,msg-#1-204
IN,1562924795285,msg-#9-204
IN,1562924795285,msg-#3-204
IN,1562924795288,msg-#4-202
IN,1562924795348,msg-#6-211
IN,1562924795361,msg-#8-209
IN,1562924795376,msg-#2-207
IN,1562924795376,msg-#10-207
IN,1562924795376,msg-#7-207
OUT,1562924795382,msg-#1-205
IN,1562924795383,msg-#1-205
IN,1562924795383,msg-#5-205
IN,1562924795383,msg-#3-205
IN,1562924795383,msg-#9-205
IN,1562924795388,msg-#4-203
IN,1562924795444,msg-#6-212
IN,1562924795458,msg-#8-210
IN,1562924795473,msg-#7-208
IN,1562924795473,msg-#10-208
IN,1562924795473,msg-#2-208
OUT,1562924795482,msg-#1-206
IN,1562924795482,msg-#1-206
IN,1562924795482,msg-#5-206
IN,1562924795482,msg-#9-206
IN,1562924795482,msg-#3-206
IN,1562924795488,msg-#4-204
IN,1562924795541,msg-#6-213
IN,1562924795555,msg-#8-211
IN,1562924795571,msg-#2-209
IN,1562924795571,msg-#7-209
IN,1562924795571,msg-#10-209
OUT,1562924795581,msg-#1-207
IN,1562924795581,msg-#3-207
IN,1562924795581,msg-#1-207
IN,1562924795581,msg-#9-207
IN,1562924795581,msg-#5-207
IN,1562924795588,msg-#4-205
IN,1562924795632,msg-#6-214
IN,1562924795653,msg-#8-212
IN,1562924795669,msg-#10-210
IN,1562924795669,msg-#2-210
IN,1562924795669,msg-#7-210
OUT,1562924795680,msg-#1-208
IN,1562924795681,msg-#3-208
IN,1562924795681,msg-#5-208
IN,1562924795681,msg-#1-208
IN,1562924795681,msg-#9-208
IN,1562924795688,msg-#4-206
IN,1562924795728,msg-#6-215
IN,1562924795750,msg-#8-213
IN,1562924795768,msg-#10-211
IN,1562924795768,msg-#2-211
IN,1562924795768,msg-#7-211
OUT,1562924795779,msg-#1-209
IN,1562924795781,msg-#5-209
IN,1562924795781,msg-#3-209
IN,1562924795781,msg-#1-209
IN,1562924795781,msg-#9-209
IN,1562924795788,msg-#4-207
IN,1562924795824,msg-#6-216
IN,1562924795846,msg-#8-214
IN,1562924795868,msg-#10-212
IN,1562924795868,msg-#2-212
IN,1562924795868,msg-#7-212
OUT,1562924795877,msg-#1-210
IN,1562924795878,msg-#3-210
IN,1562924795878,msg-#5-210
IN,1562924795881,msg-#9-210
IN,1562924795881,msg-#1-210
IN,1562924795888,msg-#4-208
IN,1562924795924,msg-#6-217
IN,1562924795944,msg-#8-215
IN,1562924795962,msg-#7-213
IN,1562924795962,msg-#2-213
IN,1562924795962,msg-#10-213
OUT,1562924795978,msg-#1-211
IN,1562924795978,msg-#5-211
IN,1562924795978,msg-#9-211
IN,1562924795978,msg-#1-211
IN,1562924795978,msg-#3-211
IN,1562924795990,msg-#4-209
IN,1562924796018,msg-#6-218
IN,1562924796043,msg-#8-216
IN,1562924796062,msg-#10-214
IN,1562924796062,msg-#7-214
IN,1562924796062,msg-#2-214
OUT,1562924796076,msg-#1-212
IN,1562924796077,msg-#9-212
IN,1562924796081,msg-#5-212
IN,1562924796081,msg-#3-212
IN,1562924796081,msg-#1-212
IN,1562924796088,msg-#4-210
IN,1562924796112,msg-#6-219
IN,1562924796142,msg-#8-217
IN,1562924796162,msg-#10-215
IN,1562924796162,msg-#2-215
IN,1562924796162,msg-#7-215
OUT,1562924796175,msg-#1-213
IN,1562924796177,msg-#1-213
IN,1562924796177,msg-#9-213
IN,1562924796177,msg-#5-213
IN,1562924796177,msg-#3-213
IN,1562924796191,msg-#4-211
IN,1562924796210,msg-#6-220
IN,1562924796238,msg-#8-218
IN,1562924796258,msg-#10-216
IN,1562924796258,msg-#2-216
IN,1562924796258,msg-#7-216
OUT,1562924796274,msg-#1-214
IN,1562924796274,msg-#1-214
IN,1562924796274,msg-#3-214
IN,1562924796274,msg-#5-214
IN,1562924796274,msg-#9-214
IN,1562924796291,msg-#4-212
IN,1562924796304,msg-#6-221
IN,1562924796331,msg-#8-219
IN,1562924796354,msg-#7-217
IN,1562924796354,msg-#2-217
IN,1562924796354,msg-#10-217
OUT,1562924796373,msg-#1-215
IN,1562924796373,msg-#9-215
IN,1562924796373,msg-#5-215
IN,1562924796373,msg-#1-215
IN,1562924796374,msg-#3-215
IN,1562924796388,msg-#4-213
IN,1562924796400,msg-#6-222
IN,1562924796430,msg-#8-220
IN,1562924796453,msg-#7-218
IN,1562924796454,msg-#2-218
IN,1562924796454,msg-#10-218
OUT,1562924796474,msg-#1-216
IN,1562924796474,msg-#5-216
IN,1562924796474,msg-#1-216
IN,1562924796475,msg-#3-216
IN,1562924796475,msg-#9-216
IN,1562924796491,msg-#4-214
IN,1562924796496,msg-#6-223
IN,1562924796527,msg-#8-221
IN,1562924796550,msg-#10-219
IN,1562924796550,msg-#7-219
IN,1562924796550,msg-#2-219
OUT,1562924796571,msg-#1-217
IN,1562924796571,msg-#5-217
IN,1562924796571,msg-#1-217
IN,1562924796571,msg-#3-217
IN,1562924796572,msg-#9-217
IN,1562924796591,msg-#4-215
IN,1562924796592,msg-#6-224
IN,1562924796624,msg-#8-222
IN,1562924796648,msg-#2-220
IN,1562924796648,msg-#10-220
IN,1562924796648,msg-#7-220
OUT,1562924796670,msg-#1-218
IN,1562924796671,msg-#9-218
IN,1562924796671,msg-#5-218
IN,1562924796671,msg-#3-218
IN,1562924796671,msg-#1-218
IN,1562924796691,msg-#6-225
IN,1562924796691,msg-#4-216
IN,1562924796722,msg-#8-223
IN,1562924796746,msg-#7-221
IN,1562924796746,msg-#2-221
IN,1562924796746,msg-#10-221
OUT,1562924796769,msg-#1-219
IN,1562924796769,msg-#9-219
IN,1562924796769,msg-#1-219
IN,1562924796769,msg-#3-219
IN,1562924796770,msg-#5-219
IN,1562924796784,msg-#6-226
IN,1562924796788,msg-#4-217
IN,1562924796816,msg-#8-224
IN,1562924796848,msg-#10-222
IN,1562924796848,msg-#7-222
IN,1562924796848,msg-#2-222
OUT,1562924796868,msg-#1-220
IN,1562924796868,msg-#9-220
IN,1562924796868,msg-#3-220
IN,1562924796868,msg-#5-220
IN,1562924796869,msg-#1-220
IN,1562924796880,msg-#6-227
IN,1562924796888,msg-#4-218
IN,1562924796913,msg-#8-225
IN,1562924796943,msg-#10-223
IN,1562924796943,msg-#2-223
IN,1562924796943,msg-#7-223
OUT,1562924796967,msg-#1-221
IN,1562924796967,msg-#5-221
IN,1562924796968,msg-#3-221
IN,1562924796968,msg-#1-221
IN,1562924796968,msg-#9-221
IN,1562924796976,msg-#6-228
IN,1562924796989,msg-#4-219
IN,1562924797010,msg-#8-226
IN,1562924797040,msg-#2-224
IN,1562924797040,msg-#10-224
IN,1562924797040,msg-#7-224
OUT,1562924797066,msg-#1-222
IN,1562924797066,msg-#5-222
IN,1562924797066,msg-#3-222
IN,1562924797066,msg-#1-222
IN,1562924797066,msg-#9-222
IN,1562924797072,msg-#6-229
IN,1562924797088,msg-#4-220
IN,1562924797110,msg-#8-227
IN,1562924797141,msg-#7-225
IN,1562924797141,msg-#2-225
IN,1562924797141,msg-#10-225
OUT,1562924797166,msg-#1-223
IN,1562924797166,msg-#9-223
IN,1562924797166,msg-#1-223
IN,1562924797166,msg-#5-223
IN,1562924797167,msg-#3-223
IN,1562924797168,msg-#6-230
IN,1562924797191,msg-#4-221
IN,1562924797204,msg-#8-228
IN,1562924797236,msg-#10-226
IN,1562924797237,msg-#7-226
IN,1562924797237,msg-#2-226
OUT,1562924797264,msg-#1-224
IN,1562924797264,msg-#1-224
IN,1562924797265,msg-#5-224
IN,1562924797265,msg-#6-231
IN,1562924797265,msg-#3-224
IN,1562924797265,msg-#9-224
IN,1562924797291,msg-#4-222
IN,1562924797301,msg-#8-229
IN,1562924797338,msg-#10-227
IN,1562924797338,msg-#2-227
IN,1562924797339,msg-#7-227
IN,1562924797360,msg-#6-232
OUT,1562924797363,msg-#1-225
IN,1562924797363,msg-#9-225
IN,1562924797363,msg-#1-225
IN,1562924797363,msg-#3-225
IN,1562924797364,msg-#5-225
IN,1562924797388,msg-#4-223
IN,1562924797399,msg-#8-230
IN,1562924797432,msg-#7-228
IN,1562924797432,msg-#10-228
IN,1562924797433,msg-#2-228
IN,1562924797458,msg-#6-233
OUT,1562924797462,msg-#1-226
IN,1562924797462,msg-#9-226
IN,1562924797462,msg-#3-226
IN,1562924797462,msg-#1-226
IN,1562924797462,msg-#5-226
IN,1562924797491,msg-#4-224
IN,1562924797495,msg-#8-231
IN,1562924797530,msg-#2-229
IN,1562924797530,msg-#10-229
IN,1562924797530,msg-#7-229
IN,1562924797552,msg-#6-234
OUT,1562924797562,msg-#1-227
IN,1562924797562,msg-#9-227
IN,1562924797562,msg-#1-227
IN,1562924797562,msg-#3-227
IN,1562924797562,msg-#5-227
IN,1562924797592,msg-#4-225
IN,1562924797592,msg-#8-232
IN,1562924797628,msg-#10-230
IN,1562924797629,msg-#7-230
IN,1562924797629,msg-#2-230
IN,1562924797648,msg-#6-235
OUT,1562924797662,msg-#1-228
IN,1562924797662,msg-#3-228
IN,1562924797662,msg-#5-228
IN,1562924797663,msg-#1-228
IN,1562924797663,msg-#9-228
IN,1562924797691,msg-#8-233
IN,1562924797691,msg-#4-226
IN,1562924797729,msg-#7-231
IN,1562924797729,msg-#2-231
IN,1562924797729,msg-#10-231
IN,1562924797744,msg-#6-236
OUT,1562924797761,msg-#1-229
IN,1562924797761,msg-#9-229
IN,1562924797761,msg-#5-229
IN,1562924797762,msg-#3-229
IN,1562924797762,msg-#1-229
IN,1562924797789,msg-#8-234
IN,1562924797789,msg-#4-227
IN,1562924797824,msg-#10-232
IN,1562924797824,msg-#7-232
IN,1562924797824,msg-#2-232
IN,1562924797841,msg-#6-237
OUT,1562924797858,msg-#1-230
IN,1562924797858,msg-#1-230
IN,1562924797858,msg-#5-230
IN,1562924797858,msg-#9-230
IN,1562924797858,msg-#3-230
IN,1562924797885,msg-#8-235
IN,1562924797888,msg-#4-228
IN,1562924797924,msg-#10-233
IN,1562924797924,msg-#7-233
IN,1562924797924,msg-#2-233
IN,1562924797936,msg-#6-238
OUT,1562924797957,msg-#1-231
IN,1562924797957,msg-#9-231
IN,1562924797957,msg-#5-231
IN,1562924797957,msg-#1-231
IN,1562924797957,msg-#3-231
IN,1562924797980,msg-#8-236
IN,1562924797988,msg-#4-229
IN,1562924798024,msg-#7-234
IN,1562924798024,msg-#2-234
IN,1562924798024,msg-#10-234
IN,1562924798032,msg-#6-239
OUT,1562924798056,msg-#1-232
IN,1562924798056,msg-#1-232
IN,1562924798057,msg-#9-232
IN,1562924798057,msg-#5-232
IN,1562924798057,msg-#3-232
IN,1562924798077,msg-#8-237
IN,1562924798088,msg-#4-230
IN,1562924798118,msg-#2-235
IN,1562924798118,msg-#10-235
IN,1562924798118,msg-#7-235
IN,1562924798128,msg-#6-240
OUT,1562924798155,msg-#1-233
IN,1562924798155,msg-#1-233
IN,1562924798155,msg-#9-233
IN,1562924798155,msg-#5-233
IN,1562924798155,msg-#3-233
IN,1562924798177,msg-#8-238
IN,1562924798188,msg-#4-231
IN,1562924798218,msg-#7-236
IN,1562924798218,msg-#2-236
IN,1562924798218,msg-#10-236
IN,1562924798224,msg-#6-241
OUT,1562924798258,msg-#1-234
IN,1562924798258,msg-#1-234
IN,1562924798258,msg-#9-234
IN,1562924798258,msg-#5-234
IN,1562924798258,msg-#3-234
IN,1562924798271,msg-#8-239
IN,1562924798291,msg-#4-232
IN,1562924798314,msg-#2-237
IN,1562924798314,msg-#7-237
IN,1562924798315,msg-#10-237
IN,1562924798320,msg-#6-242
OUT,1562924798354,msg-#1-235
IN,1562924798354,msg-#1-235
IN,1562924798354,msg-#5-235
IN,1562924798354,msg-#3-235
IN,1562924798354,msg-#9-235
IN,1562924798368,msg-#8-240
IN,1562924798391,msg-#4-233
IN,1562924798412,msg-#10-238
IN,1562924798413,msg-#7-238
IN,1562924798413,msg-#2-238
IN,1562924798416,msg-#6-243
OUT,1562924798452,msg-#1-236
IN,1562924798452,msg-#3-236
IN,1562924798452,msg-#1-236
IN,1562924798452,msg-#5-236
IN,1562924798452,msg-#9-236
IN,1562924798465,msg-#8-241
IN,1562924798491,msg-#4-234
IN,1562924798510,msg-#7-239
IN,1562924798510,msg-#10-239
IN,1562924798510,msg-#2-239
IN,1562924798514,msg-#6-244
OUT,1562924798551,msg-#1-237
IN,1562924798551,msg-#3-237
IN,1562924798551,msg-#9-237
IN,1562924798551,msg-#5-237
IN,1562924798551,msg-#1-237
IN,1562924798562,msg-#8-242
IN,1562924798588,msg-#4-235
IN,1562924798610,msg-#2-240
IN,1562924798610,msg-#10-240
IN,1562924798611,msg-#6-245
IN,1562924798611,msg-#7-240
OUT,1562924798650,msg-#1-238
IN,1562924798650,msg-#3-238
IN,1562924798650,msg-#5-238
IN,1562924798650,msg-#1-238
IN,1562924798650,msg-#9-238
IN,1562924798659,msg-#8-243
IN,1562924798691,msg-#4-236
IN,1562924798704,msg-#6-246
IN,1562924798706,msg-#7-241
IN,1562924798706,msg-#2-241
IN,1562924798706,msg-#10-241
OUT,1562924798749,msg-#1-239
IN,1562924798749,msg-#5-239
IN,1562924798749,msg-#1-239
IN,1562924798750,msg-#3-239
IN,1562924798750,msg-#9-239
IN,1562924798756,msg-#8-244
IN,1562924798791,msg-#4-237
IN,1562924798800,msg-#6-247
IN,1562924798804,msg-#10-242
IN,1562924798805,msg-#2-242
IN,1562924798805,msg-#7-242
OUT,1562924798848,msg-#1-240
IN,1562924798848,msg-#1-240
IN,1562924798848,msg-#9-240
IN,1562924798848,msg-#5-240
IN,1562924798848,msg-#3-240
IN,1562924798853,msg-#8-245
IN,1562924798891,msg-#4-238
IN,1562924798896,msg-#6-248
IN,1562924798902,msg-#7-243
IN,1562924798903,msg-#2-243
IN,1562924798903,msg-#10-243
OUT,1562924798947,msg-#1-241
IN,1562924798947,msg-#1-241
IN,1562924798947,msg-#9-241
IN,1562924798948,msg-#3-241
IN,1562924798948,msg-#5-241
IN,1562924798950,msg-#8-246
IN,1562924798991,msg-#4-239
IN,1562924798992,msg-#6-249
IN,1562924799001,msg-#10-244
IN,1562924799001,msg-#2-244
IN,1562924799001,msg-#7-244
OUT,1562924799045,msg-#1-242
IN,1562924799046,msg-#9-242
IN,1562924799046,msg-#1-242
IN,1562924799046,msg-#5-242
IN,1562924799046,msg-#3-242
IN,1562924799047,msg-#8-247
IN,1562924799088,msg-#6-250
IN,1562924799088,msg-#4-240
IN,1562924799098,msg-#7-245
IN,1562924799098,msg-#2-245
IN,1562924799098,msg-#10-245
IN,1562924799144,msg-#8-248
OUT,1562924799145,msg-#1-243
IN,1562924799145,msg-#9-243
IN,1562924799145,msg-#5-243
IN,1562924799145,msg-#1-243
IN,1562924799145,msg-#3-243
IN,1562924799184,msg-#6-251
IN,1562924799188,msg-#4-241
IN,1562924799196,msg-#10-246
IN,1562924799196,msg-#7-246
IN,1562924799196,msg-#2-246
IN,1562924799241,msg-#8-249
OUT,1562924799244,msg-#1-244
IN,1562924799244,msg-#5-244
IN,1562924799247,msg-#1-244
IN,1562924799247,msg-#9-244
IN,1562924799248,msg-#3-244
IN,1562924799283,msg-#6-252
IN,1562924799288,msg-#4-242
IN,1562924799294,msg-#2-247
IN,1562924799294,msg-#10-247
IN,1562924799294,msg-#7-247
IN,1562924799341,msg-#8-250
OUT,1562924799343,msg-#1-245
IN,1562924799344,msg-#3-245
IN,1562924799344,msg-#9-245
IN,1562924799349,msg-#5-245
IN,1562924799349,msg-#1-245
IN,1562924799378,msg-#6-253
IN,1562924799390,msg-#4-243
IN,1562924799392,msg-#7-248
IN,1562924799392,msg-#10-248
IN,1562924799392,msg-#2-248
IN,1562924799435,msg-#8-251
OUT,1562924799442,msg-#1-246
IN,1562924799442,msg-#1-246
IN,1562924799443,msg-#9-246
IN,1562924799443,msg-#5-246
IN,1562924799443,msg-#3-246
IN,1562924799476,msg-#6-254
IN,1562924799488,msg-#4-244
IN,1562924799490,msg-#10-249
IN,1562924799490,msg-#7-249
IN,1562924799490,msg-#2-249
IN,1562924799535,msg-#8-252
OUT,1562924799541,msg-#1-247
IN,1562924799542,msg-#1-247
IN,1562924799542,msg-#5-247
IN,1562924799542,msg-#3-247
IN,1562924799542,msg-#9-247
IN,1562924799568,msg-#6-255
IN,1562924799588,msg-#4-245
IN,1562924799588,msg-#7-250
IN,1562924799588,msg-#10-250
IN,1562924799588,msg-#2-250
IN,1562924799629,msg-#8-253
OUT,1562924799640,msg-#1-248
IN,1562924799641,msg-#1-248
IN,1562924799641,msg-#9-248
IN,1562924799641,msg-#3-248
IN,1562924799641,msg-#5-248
IN,1562924799664,msg-#6-256
IN,1562924799691,msg-#7-251
IN,1562924799691,msg-#2-251
IN,1562924799691,msg-#4-246
IN,1562924799691,msg-#10-251
IN,1562924799726,msg-#8-254
OUT,1562924799741,msg-#1-249
IN,1562924799741,msg-#3-249
IN,1562924799741,msg-#5-249
IN,1562924799741,msg-#9-249
IN,1562924799742,msg-#1-249
IN,1562924799760,msg-#6-257
IN,1562924799784,msg-#10-252
IN,1562924799784,msg-#2-252
IN,1562924799784,msg-#7-252
IN,1562924799788,msg-#4-247
IN,1562924799824,msg-#8-255
OUT,1562924799838,msg-#1-250
IN,1562924799838,msg-#9-250
IN,1562924799838,msg-#3-250
IN,1562924799838,msg-#1-250
IN,1562924799839,msg-#5-250
IN,1562924799859,msg-#6-258
IN,1562924799882,msg-#10-253
IN,1562924799882,msg-#7-253
IN,1562924799882,msg-#2-253
IN,1562924799888,msg-#4-248
IN,1562924799924,msg-#8-256
OUT,1562924799939,msg-#1-251
IN,1562924799939,msg-#9-251
IN,1562924799939,msg-#5-251
IN,1562924799939,msg-#1-251
IN,1562924799939,msg-#3-251
IN,1562924799953,msg-#6-259
IN,1562924799981,msg-#10-254
IN,1562924799981,msg-#2-254
IN,1562924799981,msg-#7-254
IN,1562924799988,msg-#4-249
IN,1562924800018,msg-#8-257
OUT,1562924800038,msg-#1-252
IN,1562924800038,msg-#1-252
IN,1562924800039,msg-#9-252
IN,1562924800040,msg-#5-252
IN,1562924800040,msg-#3-252
IN,1562924800048,msg-#6-260
IN,1562924800081,msg-#7-255
IN,1562924800081,msg-#2-255
IN,1562924800081,msg-#10-255
IN,1562924800088,msg-#4-250
IN,1562924800116,msg-#8-258
OUT,1562924800137,msg-#1-253
IN,1562924800137,msg-#1-253
IN,1562924800137,msg-#9-253
IN,1562924800138,msg-#3-253
IN,1562924800138,msg-#5-253
IN,1562924800144,msg-#6-261
IN,1562924800178,msg-#2-256
IN,1562924800181,msg-#10-256
IN,1562924800181,msg-#7-256
IN,1562924800188,msg-#4-251
IN,1562924800212,msg-#8-259
OUT,1562924800234,msg-#1-254
IN,1562924800234,msg-#5-254
IN,1562924800234,msg-#9-254
IN,1562924800235,msg-#3-254
IN,1562924800235,msg-#1-254
IN,1562924800241,msg-#6-262
IN,1562924800274,msg-#7-257
IN,1562924800274,msg-#2-257
IN,1562924800275,msg-#10-257
IN,1562924800291,msg-#4-252
IN,1562924800310,msg-#8-260
OUT,1562924800333,msg-#1-255
IN,1562924800333,msg-#9-255
IN,1562924800333,msg-#3-255
IN,1562924800334,msg-#5-255
IN,1562924800334,msg-#1-255
IN,1562924800336,msg-#6-263
IN,1562924800374,msg-#7-258
IN,1562924800375,msg-#10-258
IN,1562924800375,msg-#2-258
IN,1562924800391,msg-#4-253
IN,1562924800405,msg-#8-261
OUT,1562924800432,msg-#1-256
IN,1562924800432,msg-#3-256
IN,1562924800432,msg-#5-256
IN,1562924800433,msg-#1-256
IN,1562924800433,msg-#9-256
IN,1562924800433,msg-#6-264
IN,1562924800474,msg-#10-259
IN,1562924800474,msg-#2-259
IN,1562924800475,msg-#7-259
IN,1562924800491,msg-#4-254
IN,1562924800502,msg-#8-262
IN,1562924800528,msg-#6-265
OUT,1562924800531,msg-#1-257
IN,1562924800531,msg-#5-257
IN,1562924800531,msg-#1-257
IN,1562924800532,msg-#3-257
IN,1562924800532,msg-#9-257
IN,1562924800568,msg-#7-260
IN,1562924800569,msg-#2-260
IN,1562924800569,msg-#10-260
IN,1562924800591,msg-#4-255
IN,1562924800599,msg-#8-263
IN,1562924800624,msg-#6-266
OUT,1562924800630,msg-#1-258
IN,1562924800630,msg-#3-258
IN,1562924800630,msg-#1-258
IN,1562924800630,msg-#9-258
IN,1562924800630,msg-#5-258
IN,1562924800666,msg-#10-261
IN,1562924800666,msg-#2-261
IN,1562924800666,msg-#7-261
IN,1562924800691,msg-#4-256
IN,1562924800696,msg-#8-264
IN,1562924800720,msg-#6-267
OUT,1562924800729,msg-#1-259
IN,1562924800729,msg-#9-259
IN,1562924800729,msg-#1-259
IN,1562924800729,msg-#3-259
IN,1562924800730,msg-#5-259
IN,1562924800765,msg-#10-262
IN,1562924800765,msg-#7-262
IN,1562924800766,msg-#2-262
IN,1562924800791,msg-#4-257
IN,1562924800793,msg-#8-265
IN,1562924800816,msg-#6-268
OUT,1562924800828,msg-#1-260
IN,1562924800828,msg-#9-260
IN,1562924800828,msg-#3-260
IN,1562924800828,msg-#1-260
IN,1562924800828,msg-#5-260
IN,1562924800863,msg-#10-263
IN,1562924800863,msg-#7-263
IN,1562924800863,msg-#2-263
IN,1562924800888,msg-#4-258
IN,1562924800890,msg-#8-266
IN,1562924800912,msg-#6-269
OUT,1562924800927,msg-#1-261
IN,1562924800927,msg-#1-261
IN,1562924800927,msg-#9-261
IN,1562924800928,msg-#5-261
IN,1562924800928,msg-#3-261
IN,1562924800960,msg-#10-264
IN,1562924800960,msg-#2-264
IN,1562924800960,msg-#7-264
IN,1562924800991,msg-#4-259
IN,1562924800991,msg-#8-267
IN,1562924801009,msg-#6-270
OUT,1562924801026,msg-#1-262
IN,1562924801026,msg-#3-262
IN,1562924801027,msg-#1-262
IN,1562924801027,msg-#5-262
IN,1562924801027,msg-#9-262
IN,1562924801062,msg-#10-265
IN,1562924801062,msg-#7-265
IN,1562924801062,msg-#2-265
IN,1562924801084,msg-#8-268
IN,1562924801088,msg-#4-260
IN,1562924801104,msg-#6-271
OUT,1562924801125,msg-#1-263
IN,1562924801125,msg-#1-263
IN,1562924801125,msg-#3-263
IN,1562924801125,msg-#9-263
IN,1562924801125,msg-#5-263
IN,1562924801156,msg-#2-266
IN,1562924801156,msg-#10-266
IN,1562924801156,msg-#7-266
IN,1562924801181,msg-#8-269
IN,1562924801188,msg-#4-261
IN,1562924801200,msg-#6-272
OUT,1562924801224,msg-#1-264
IN,1562924801225,msg-#9-264
IN,1562924801225,msg-#3-264
IN,1562924801225,msg-#1-264
IN,1562924801225,msg-#5-264
IN,1562924801254,msg-#2-267
IN,1562924801254,msg-#7-267
IN,1562924801254,msg-#10-267
IN,1562924801278,msg-#8-270
IN,1562924801288,msg-#4-262
IN,1562924801296,msg-#6-273
OUT,1562924801324,msg-#1-265
IN,1562924801324,msg-#9-265
IN,1562924801325,msg-#5-265
IN,1562924801325,msg-#3-265
IN,1562924801325,msg-#1-265
IN,1562924801353,msg-#2-268
IN,1562924801353,msg-#7-268
IN,1562924801353,msg-#10-268
IN,1562924801375,msg-#8-271
IN,1562924801388,msg-#4-263
IN,1562924801392,msg-#6-274
OUT,1562924801424,msg-#1-266
IN,1562924801424,msg-#3-266
IN,1562924801425,msg-#1-266
IN,1562924801425,msg-#5-266
IN,1562924801425,msg-#9-266
IN,1562924801450,msg-#2-269
IN,1562924801450,msg-#10-269
IN,1562924801450,msg-#7-269
IN,1562924801476,msg-#8-272
IN,1562924801488,msg-#6-275
IN,1562924801488,msg-#4-264
OUT,1562924801524,msg-#1-267
IN,1562924801524,msg-#3-267
IN,1562924801525,msg-#1-267
IN,1562924801525,msg-#5-267
IN,1562924801525,msg-#9-267
IN,1562924801548,msg-#7-270
IN,1562924801548,msg-#2-270
IN,1562924801548,msg-#10-270
IN,1562924801571,msg-#8-273
IN,1562924801584,msg-#6-276
IN,1562924801589,msg-#4-265
OUT,1562924801620,msg-#1-268
IN,1562924801620,msg-#5-268
IN,1562924801620,msg-#3-268
IN,1562924801621,msg-#9-268
IN,1562924801621,msg-#1-268
IN,1562924801646,msg-#10-271
IN,1562924801646,msg-#2-271
IN,1562924801648,msg-#7-271
IN,1562924801666,msg-#8-274
IN,1562924801680,msg-#6-277
IN,1562924801688,msg-#4-266
OUT,1562924801719,msg-#1-269
IN,1562924801719,msg-#9-269
IN,1562924801719,msg-#1-269
IN,1562924801719,msg-#5-269
IN,1562924801719,msg-#3-269
IN,1562924801744,msg-#2-272
IN,1562924801745,msg-#10-272
IN,1562924801745,msg-#7-272
IN,1562924801763,msg-#8-275
IN,1562924801777,msg-#6-278
IN,1562924801788,msg-#4-267
OUT,1562924801818,msg-#1-270
IN,1562924801818,msg-#5-270
IN,1562924801818,msg-#1-270
IN,1562924801818,msg-#3-270
IN,1562924801818,msg-#9-270
IN,1562924801845,msg-#10-273
IN,1562924801845,msg-#2-273
IN,1562924801846,msg-#7-273
IN,1562924801862,msg-#8-276
IN,1562924801872,msg-#6-279
IN,1562924801888,msg-#4-268
OUT,1562924801920,msg-#1-271
IN,1562924801921,msg-#5-271
IN,1562924801921,msg-#9-271
IN,1562924801921,msg-#3-271
IN,1562924801921,msg-#1-271
IN,1562924801940,msg-#2-274
IN,1562924801940,msg-#10-274
IN,1562924801940,msg-#7-274
IN,1562924801957,msg-#8-277
IN,1562924801968,msg-#6-280
IN,1562924801988,msg-#4-269
OUT,1562924802016,msg-#1-272
IN,1562924802016,msg-#9-272
IN,1562924802016,msg-#1-272
IN,1562924802017,msg-#5-272
IN,1562924802017,msg-#3-272
IN,1562924802040,msg-#7-275
IN,1562924802041,msg-#10-275
IN,1562924802041,msg-#2-275
IN,1562924802055,msg-#8-278
IN,1562924802064,msg-#6-281
IN,1562924802088,msg-#4-270
OUT,1562924802118,msg-#1-273
IN,1562924802118,msg-#1-273
IN,1562924802118,msg-#5-273
IN,1562924802118,msg-#3-273
IN,1562924802118,msg-#9-273
IN,1562924802136,msg-#10-276
IN,1562924802136,msg-#7-276
IN,1562924802136,msg-#2-276
IN,1562924802151,msg-#8-279
IN,1562924802160,msg-#6-282
IN,1562924802191,msg-#4-271
OUT,1562924802214,msg-#1-274
IN,1562924802214,msg-#1-274
IN,1562924802214,msg-#9-274
IN,1562924802215,msg-#3-274
IN,1562924802215,msg-#5-274
IN,1562924802237,msg-#10-277
IN,1562924802237,msg-#2-277
IN,1562924802237,msg-#7-277
IN,1562924802248,msg-#8-280
IN,1562924802256,msg-#6-283
IN,1562924802291,msg-#4-272
OUT,1562924802314,msg-#1-275
IN,1562924802315,msg-#1-275
IN,1562924802315,msg-#3-275
IN,1562924802315,msg-#9-275
IN,1562924802315,msg-#5-275
IN,1562924802333,msg-#10-278
IN,1562924802333,msg-#2-278
IN,1562924802333,msg-#7-278
IN,1562924802345,msg-#8-281
IN,1562924802352,msg-#6-284
IN,1562924802391,msg-#4-273
OUT,1562924802412,msg-#1-276
IN,1562924802412,msg-#9-276
IN,1562924802412,msg-#3-276
IN,1562924802415,msg-#1-276
IN,1562924802415,msg-#5-276
IN,1562924802430,msg-#10-279
IN,1562924802430,msg-#2-279
IN,1562924802430,msg-#7-279
IN,1562924802444,msg-#8-282
IN,1562924802448,msg-#6-285
IN,1562924802492,msg-#4-274
OUT,1562924802511,msg-#1-277
IN,1562924802511,msg-#9-277
IN,1562924802511,msg-#3-277
IN,1562924802514,msg-#1-277
IN,1562924802514,msg-#5-277
IN,1562924802528,msg-#2-280
IN,1562924802528,msg-#10-280
IN,1562924802529,msg-#7-280
IN,1562924802541,msg-#8-283
IN,1562924802545,msg-#6-286
IN,1562924802589,msg-#4-275
OUT,1562924802610,msg-#1-278
IN,1562924802611,msg-#9-278
IN,1562924802616,msg-#1-278
IN,1562924802616,msg-#3-278
IN,1562924802616,msg-#5-278
IN,1562924802629,msg-#2-281
IN,1562924802629,msg-#7-281
IN,1562924802629,msg-#10-281
IN,1562924802636,msg-#8-284
IN,1562924802641,msg-#6-287
IN,1562924802691,msg-#4-276
OUT,1562924802709,msg-#1-279
IN,1562924802709,msg-#9-279
IN,1562924802709,msg-#1-279
IN,1562924802709,msg-#3-279
IN,1562924802709,msg-#5-279
IN,1562924802724,msg-#2-282
IN,1562924802724,msg-#7-282
IN,1562924802725,msg-#10-282
IN,1562924802734,msg-#8-285
IN,1562924802736,msg-#6-288
IN,1562924802791,msg-#4-277
OUT,1562924802810,msg-#1-280
IN,1562924802810,msg-#1-280
IN,1562924802810,msg-#9-280
IN,1562924802810,msg-#3-280
IN,1562924802811,msg-#5-280
IN,1562924802825,msg-#10-283
IN,1562924802825,msg-#2-283
IN,1562924802825,msg-#7-283
IN,1562924802830,msg-#8-286
IN,1562924802832,msg-#6-289
IN,1562924802891,msg-#4-278
OUT,1562924802910,msg-#1-281
IN,1562924802910,msg-#3-281
IN,1562924802910,msg-#9-281
IN,1562924802910,msg-#5-281
IN,1562924802910,msg-#1-281
IN,1562924802922,msg-#7-284
IN,1562924802922,msg-#10-284
IN,1562924802922,msg-#2-284
IN,1562924802927,msg-#8-287
IN,1562924802928,msg-#6-290
IN,1562924802988,msg-#4-279
OUT,1562924803010,msg-#1-282
IN,1562924803010,msg-#3-282
IN,1562924803010,msg-#5-282
IN,1562924803010,msg-#9-282
IN,1562924803011,msg-#1-282
IN,1562924803018,msg-#7-285
IN,1562924803018,msg-#10-285
IN,1562924803019,msg-#2-285
IN,1562924803024,msg-#8-288
IN,1562924803024,msg-#6-291
IN,1562924803089,msg-#4-280
OUT,1562924803105,msg-#1-283
IN,1562924803106,msg-#9-283
IN,1562924803106,msg-#5-283
IN,1562924803107,msg-#1-283
IN,1562924803107,msg-#3-283
IN,1562924803116,msg-#7-286
IN,1562924803116,msg-#10-286
IN,1562924803116,msg-#2-286
IN,1562924803120,msg-#6-292
IN,1562924803121,msg-#8-289
IN,1562924803191,msg-#4-281
OUT,1562924803204,msg-#1-284
IN,1562924803205,msg-#5-284
IN,1562924803205,msg-#9-284
IN,1562924803205,msg-#1-284
IN,1562924803205,msg-#3-284
IN,1562924803214,msg-#2-287
IN,1562924803214,msg-#10-287
IN,1562924803214,msg-#7-287
IN,1562924803216,msg-#6-293
IN,1562924803218,msg-#8-290
IN,1562924803291,msg-#4-282
OUT,1562924803303,msg-#1-285
IN,1562924803303,msg-#9-285
IN,1562924803303,msg-#3-285
IN,1562924803303,msg-#5-285
IN,1562924803303,msg-#1-285
IN,1562924803312,msg-#7-288
IN,1562924803312,msg-#6-294
IN,1562924803314,msg-#2-288
IN,1562924803314,msg-#10-288
IN,1562924803315,msg-#8-291
IN,1562924803392,msg-#4-283
OUT,1562924803403,msg-#1-286
IN,1562924803403,msg-#9-286
IN,1562924803403,msg-#1-286
IN,1562924803403,msg-#5-286
IN,1562924803404,msg-#3-286
IN,1562924803408,msg-#6-295
IN,1562924803410,msg-#7-289
IN,1562924803411,msg-#10-289
IN,1562924803411,msg-#2-289
IN,1562924803416,msg-#8-292
IN,1562924803492,msg-#4-284
OUT,1562924803502,msg-#1-287
IN,1562924803502,msg-#9-287
IN,1562924803503,msg-#3-287
IN,1562924803503,msg-#1-287
IN,1562924803503,msg-#5-287
IN,1562924803504,msg-#6-296
IN,1562924803508,msg-#2-290
IN,1562924803508,msg-#10-290
IN,1562924803509,msg-#7-290
IN,1562924803509,msg-#8-293
IN,1562924803591,msg-#4-285
OUT,1562924803600,msg-#1-288
IN,1562924803601,msg-#6-297
IN,1562924803601,msg-#5-288
IN,1562924803601,msg-#3-288
IN,1562924803601,msg-#1-288
IN,1562924803602,msg-#9-288
IN,1562924803607,msg-#7-291
IN,1562924803607,msg-#8-294
IN,1562924803607,msg-#2-291
IN,1562924803607,msg-#10-291
IN,1562924803691,msg-#4-286
IN,1562924803696,msg-#6-298
OUT,1562924803699,msg-#1-289
IN,1562924803699,msg-#3-289
IN,1562924803699,msg-#9-289
IN,1562924803699,msg-#1-289
IN,1562924803699,msg-#5-289
IN,1562924803703,msg-#8-295
IN,1562924803704,msg-#10-292
IN,1562924803704,msg-#7-292
IN,1562924803704,msg-#2-292
IN,1562924803791,msg-#4-287
IN,1562924803792,msg-#6-299
OUT,1562924803799,msg-#1-290
IN,1562924803800,msg-#9-290
IN,1562924803800,msg-#5-290
IN,1562924803800,msg-#1-290
IN,1562924803800,msg-#3-290
IN,1562924803800,msg-#8-296
IN,1562924803803,msg-#2-293
IN,1562924803803,msg-#10-293
IN,1562924803803,msg-#7-293
IN,1562924803889,msg-#6-300
IN,1562924803889,msg-#4-288
OUT,1562924803899,msg-#1-291
IN,1562924803899,msg-#3-291
IN,1562924803899,msg-#1-291
IN,1562924803899,msg-#9-291
IN,1562924803900,msg-#8-297
IN,1562924803900,msg-#5-291
IN,1562924803900,msg-#7-294
IN,1562924803901,msg-#10-294
IN,1562924803901,msg-#2-294
IN,1562924803985,msg-#6-301
IN,1562924803988,msg-#4-289
IN,1562924803994,msg-#8-298
OUT,1562924803996,msg-#1-292
IN,1562924803996,msg-#1-292
IN,1562924803996,msg-#9-292
IN,1562924803997,msg-#5-292
IN,1562924803997,msg-#3-292
IN,1562924803999,msg-#10-295
IN,1562924803999,msg-#7-295
IN,1562924803999,msg-#2-295
IN,1562924804080,msg-#6-302
IN,1562924804088,msg-#4-290
IN,1562924804092,msg-#8-299
OUT,1562924804095,msg-#1-293
IN,1562924804096,msg-#1-293
IN,1562924804096,msg-#9-293
IN,1562924804096,msg-#3-293
IN,1562924804096,msg-#5-293
IN,1562924804097,msg-#2-296
IN,1562924804097,msg-#10-296
IN,1562924804097,msg-#7-296
IN,1562924804178,msg-#6-303
IN,1562924804188,msg-#8-300
IN,1562924804189,msg-#4-291
OUT,1562924804194,msg-#1-294
IN,1562924804195,msg-#10-297
IN,1562924804195,msg-#9-294
IN,1562924804195,msg-#1-294
IN,1562924804195,msg-#3-294
IN,1562924804195,msg-#5-294
IN,1562924804196,msg-#7-297
IN,1562924804196,msg-#2-297
IN,1562924804277,msg-#6-304
IN,1562924804285,msg-#8-301
IN,1562924804288,msg-#4-292
IN,1562924804292,msg-#7-298
IN,1562924804293,msg-#2-298
OUT,1562924804293,msg-#1-295
IN,1562924804293,msg-#10-298
IN,1562924804293,msg-#9-295
IN,1562924804293,msg-#5-295
IN,1562924804294,msg-#3-295
IN,1562924804294,msg-#1-295
IN,1562924804368,msg-#6-305
IN,1562924804382,msg-#8-302
IN,1562924804388,msg-#4-293
IN,1562924804390,msg-#2-299
IN,1562924804390,msg-#7-299
IN,1562924804390,msg-#10-299
OUT,1562924804392,msg-#1-296
IN,1562924804392,msg-#1-296
IN,1562924804393,msg-#3-296
IN,1562924804393,msg-#9-296
IN,1562924804393,msg-#5-296
IN,1562924804464,msg-#6-306
IN,1562924804479,msg-#8-303
IN,1562924804488,msg-#4-294
IN,1562924804488,msg-#2-300
IN,1562924804488,msg-#10-300
IN,1562924804488,msg-#7-300
OUT,1562924804491,msg-#1-297
IN,1562924804491,msg-#9-297
IN,1562924804491,msg-#1-297
IN,1562924804491,msg-#3-297
IN,1562924804491,msg-#5-297
IN,1562924804561,msg-#6-307
IN,1562924804576,msg-#8-304
IN,1562924804586,msg-#2-301
IN,1562924804586,msg-#10-301
IN,1562924804586,msg-#7-301
IN,1562924804588,msg-#4-295
OUT,1562924804590,msg-#1-298
IN,1562924804590,msg-#1-298
IN,1562924804590,msg-#5-298
IN,1562924804590,msg-#3-298
IN,1562924804591,msg-#9-298
IN,1562924804656,msg-#6-308
IN,1562924804676,msg-#8-305
IN,1562924804684,msg-#2-302
IN,1562924804685,msg-#7-302
IN,1562924804685,msg-#10-302
IN,1562924804688,msg-#4-296
OUT,1562924804689,msg-#1-299
IN,1562924804689,msg-#9-299
IN,1562924804689,msg-#1-299
IN,1562924804689,msg-#5-299
IN,1562924804689,msg-#3-299
IN,1562924804752,msg-#6-309
IN,1562924804770,msg-#8-306
IN,1562924804782,msg-#10-303
IN,1562924804782,msg-#2-303
IN,1562924804782,msg-#7-303
OUT,1562924804788,msg-#1-300
IN,1562924804788,msg-#1-300
IN,1562924804788,msg-#9-300
IN,1562924804789,msg-#3-300
IN,1562924804789,msg-#4-297
IN,1562924804789,msg-#5-300
IN,1562924804848,msg-#6-310
IN,1562924804867,msg-#8-307
IN,1562924804880,msg-#10-304
IN,1562924804880,msg-#7-304
IN,1562924804881,msg-#2-304
OUT,1562924804887,msg-#1-301
IN,1562924804887,msg-#1-301
IN,1562924804887,msg-#5-301
IN,1562924804888,msg-#3-301
IN,1562924804888,msg-#9-301
IN,1562924804888,msg-#4-298
IN,1562924804945,msg-#6-311
IN,1562924804964,msg-#8-308
IN,1562924804978,msg-#10-305
IN,1562924804979,msg-#2-305
IN,1562924804982,msg-#7-305
OUT,1562924804986,msg-#1-302
IN,1562924804986,msg-#3-302
IN,1562924804986,msg-#5-302
IN,1562924804986,msg-#9-302
IN,1562924804986,msg-#1-302
IN,1562924804988,msg-#4-299
IN,1562924805044,msg-#6-312
IN,1562924805061,msg-#8-309
IN,1562924805077,msg-#2-306
IN,1562924805077,msg-#10-306
IN,1562924805077,msg-#7-306
OUT,1562924805085,msg-#1-303
IN,1562924805086,msg-#9-303
IN,1562924805086,msg-#5-303
IN,1562924805086,msg-#1-303
IN,1562924805086,msg-#3-303
IN,1562924805088,msg-#4-300
